variant,seed,week,rolling_cvar,breach,cvar_limit
buggy,7,52,0.027076113970492855,1,0.012
buggy,7,53,0.027076113970492855,1,0.012
buggy,7,54,0.027076113970492855,1,0.012
buggy,7,55,0.027076113970492855,1,0.012
buggy,7,56,0.027076113970492855,1,0.012
buggy,7,57,0.027076113970492855,1,0.012
buggy,7,58,0.027076113970492855,1,0.012
buggy,7,59,0.027076113970492855,1,0.012
buggy,7,60,0.027076113970492855,1,0.012
buggy,7,61,0.027076113970492855,1,0.012
buggy,7,62,0.027076113970492855,1,0.012
buggy,7,63,0.027076113970492855,1,0.012
buggy,7,64,0.027076113970492855,1,0.012
buggy,7,65,0.027076113970492855,1,0.012
buggy,7,66,0.02383033568387286,1,0.012
buggy,7,67,0.02383033568387286,1,0.012
buggy,7,68,0.01827281524842518,1,0.012
buggy,7,69,0.007726324252263039,0,0.012
buggy,7,70,0.007726324252263039,0,0.012
buggy,7,71,0.007726324252263039,0,0.012
buggy,7,72,0.007726324252263039,0,0.012
buggy,7,73,0.007726324252263039,0,0.012
buggy,7,74,0.007726324252263039,0,0.012
buggy,7,75,0.007726324252263039,0,0.012
buggy,7,76,0.007726324252263039,0,0.012
buggy,7,77,0.007726324252263039,0,0.012
buggy,7,78,0.007726324252263039,0,0.012
buggy,7,79,0.007726324252263039,0,0.012
buggy,7,80,0.007726324252263039,0,0.012
buggy,7,81,0.007726324252263039,0,0.012
buggy,7,82,0.007726324252263039,0,0.012
buggy,7,83,0.007726324252263039,0,0.012
buggy,7,84,0.007726324252263039,0,0.012
buggy,7,85,0.007726324252263039,0,0.012
buggy,7,86,0.007726324252263039,0,0.012
buggy,7,87,0.007726324252263039,0,0.012
buggy,7,88,0.007726324252263039,0,0.012
buggy,7,89,0.007726324252263039,0,0.012
buggy,7,90,0.006134500702441612,0,0.012
buggy,7,91,0.006134500702441612,0,0.012
buggy,7,92,0.006134500702441612,0,0.012
buggy,7,93,0.006134500702441612,0,0.012
buggy,7,94,0.006134500702441612,0,0.012
buggy,7,95,0.006134500702441612,0,0.012
buggy,7,96,0.006134500702441612,0,0.012
buggy,7,97,0.006134500702441612,0,0.012
buggy,7,98,0.006134500702441612,0,0.012
buggy,7,99,0.006134500702441612,0,0.012
buggy,7,100,0.006134500702441612,0,0.012
buggy,7,101,0.004378069712551679,0,0.012
buggy,7,102,0.004378069712551679,0,0.012
buggy,7,103,0.004378069712551679,0,0.012
buggy,7,104,0.004378069712551679,0,0.012
buggy,7,105,0.005517561765566778,0,0.012
buggy,7,106,0.005517561765566778,0,0.012
buggy,7,107,0.005517561765566778,0,0.012
buggy,7,108,0.005517561765566778,0,0.012
buggy,7,109,0.005517561765566778,0,0.012
buggy,7,110,0.005517561765566778,0,0.012
buggy,7,111,0.006628279930869195,0,0.012
buggy,7,112,0.006628279930869195,0,0.012
buggy,7,113,0.0066693300517059115,0,0.012
buggy,7,114,0.0066693300517059115,0,0.012
buggy,7,115,0.0066693300517059115,0,0.012
buggy,7,116,0.0066693300517059115,0,0.012
buggy,7,117,0.0066693300517059115,0,0.012
buggy,7,118,0.0066693300517059115,0,0.012
buggy,7,119,0.0066693300517059115,0,0.012
buggy,7,120,0.008060143392417304,0,0.012
buggy,7,121,0.008060143392417304,0,0.012
buggy,7,122,0.008060143392417304,0,0.012
buggy,7,123,0.008060143392417304,0,0.012
buggy,7,124,0.008060143392417304,0,0.012
buggy,7,125,0.008060143392417304,0,0.012
buggy,7,126,0.008060143392417304,0,0.012
buggy,7,127,0.008060143392417304,0,0.012
buggy,7,128,0.008060143392417304,0,0.012
buggy,7,129,0.008060143392417304,0,0.012
buggy,7,130,0.008060143392417304,0,0.012
buggy,7,131,0.008060143392417304,0,0.012
buggy,7,132,0.008060143392417304,0,0.012
buggy,7,133,0.008475079034165662,0,0.012
buggy,7,134,0.010145110903099165,0,0.012
buggy,7,135,0.010145110903099165,0,0.012
buggy,7,136,0.010145110903099165,0,0.012
buggy,7,137,0.010145110903099165,0,0.012
buggy,7,138,0.010145110903099165,0,0.012
buggy,7,139,0.010145110903099165,0,0.012
buggy,7,140,0.010145110903099165,0,0.012
buggy,7,141,0.010145110903099165,0,0.012
buggy,7,142,0.010145110903099165,0,0.012
buggy,7,143,0.010145110903099165,0,0.012
buggy,7,144,0.010145110903099165,0,0.012
buggy,7,145,0.010559936641816987,0,0.012
buggy,7,146,0.010559936641816987,0,0.012
buggy,7,147,0.010893860049455953,0,0.012
buggy,7,148,0.010893860049455953,0,0.012
buggy,7,149,0.010893860049455953,0,0.012
buggy,7,150,0.010893860049455953,0,0.012
buggy,7,151,0.010893860049455953,0,0.012
buggy,7,152,0.010893860049455953,0,0.012
buggy,7,153,0.010893860049455953,0,0.012
buggy,7,154,0.010893860049455953,0,0.012
buggy,7,155,0.010893860049455953,0,0.012
buggy,7,156,0.010893860049455953,0,0.012
buggy,7,157,0.010893860049455953,0,0.012
buggy,7,158,0.010893860049455953,0,0.012
buggy,7,159,0.010893860049455953,0,0.012
buggy,7,160,0.010893860049455953,0,0.012
buggy,7,161,0.010893860049455953,0,0.012
buggy,7,162,0.010893860049455953,0,0.012
buggy,7,163,0.010893860049455953,0,0.012
buggy,7,164,0.010893860049455953,0,0.012
buggy,7,165,0.010893860049455953,0,0.012
buggy,7,166,0.010893860049455953,0,0.012
buggy,7,167,0.010893860049455953,0,0.012
buggy,7,168,0.010893860049455953,0,0.012
buggy,7,169,0.010893860049455953,0,0.012
buggy,7,170,0.010893860049455953,0,0.012
buggy,7,171,0.010893860049455953,0,0.012
buggy,7,172,0.010832191977103863,0,0.012
buggy,7,173,0.010832191977103863,0,0.012
buggy,7,174,0.010832191977103863,0,0.012
buggy,7,175,0.010832191977103863,0,0.012
buggy,7,176,0.010832191977103863,0,0.012
buggy,7,177,0.010832191977103863,0,0.012
buggy,7,178,0.010832191977103863,0,0.012
buggy,7,179,0.010832191977103863,0,0.012
buggy,7,180,0.010832191977103863,0,0.012
buggy,7,181,0.010832191977103863,0,0.012
buggy,7,182,0.010832191977103863,0,0.012
buggy,7,183,0.010832191977103863,0,0.012
buggy,7,184,0.010832191977103863,0,0.012
buggy,7,185,0.010832191977103863,0,0.012
buggy,7,186,0.009382957403194357,0,0.012
buggy,7,187,0.009382957403194357,0,0.012
buggy,7,188,0.009382957403194357,0,0.012
buggy,7,189,0.009382957403194357,0,0.012
buggy,7,190,0.009382957403194357,0,0.012
buggy,7,191,0.009382957403194357,0,0.012
buggy,7,192,0.009382957403194357,0,0.012
buggy,7,193,0.009382957403194357,0,0.012
buggy,7,194,0.009382957403194357,0,0.012
buggy,7,195,0.009382957403194357,0,0.012
buggy,7,196,0.009382957403194357,0,0.012
buggy,7,197,0.008729910429432589,0,0.012
buggy,7,198,0.008729910429432589,0,0.012
buggy,7,199,0.007466302849698574,0,0.012
buggy,7,200,0.007039805011752513,0,0.012
buggy,7,201,0.0073440690122799565,0,0.012
buggy,7,202,0.00744462232377269,0,0.012
buggy,7,203,0.006562353896191353,0,0.012
buggy,7,204,0.00663278479216597,0,0.012
buggy,7,205,0.00663278479216597,0,0.012
buggy,7,206,0.00663278479216597,0,0.012
buggy,7,207,0.00663278479216597,0,0.012
buggy,7,208,0.00663278479216597,0,0.012
buggy,7,209,0.00663278479216597,0,0.012
buggy,7,210,0.00663278479216597,0,0.012
buggy,7,211,0.00663278479216597,0,0.012
buggy,7,212,0.00663278479216597,0,0.012
buggy,7,213,0.00663278479216597,0,0.012
buggy,7,214,0.00663278479216597,0,0.012
buggy,7,215,0.00663278479216597,0,0.012
buggy,7,216,0.00663278479216597,0,0.012
buggy,7,217,0.00663278479216597,0,0.012
buggy,7,218,0.00663278479216597,0,0.012
buggy,7,219,0.00663278479216597,0,0.012
buggy,7,220,0.00663278479216597,0,0.012
buggy,7,221,0.00663278479216597,0,0.012
buggy,7,222,0.00663278479216597,0,0.012
buggy,7,223,0.00663278479216597,0,0.012
buggy,7,224,0.00663278479216597,0,0.012
buggy,7,225,0.00663278479216597,0,0.012
buggy,7,226,0.00663278479216597,0,0.012
buggy,7,227,0.00663278479216597,0,0.012
buggy,7,228,0.00663278479216597,0,0.012
buggy,7,229,0.00663278479216597,0,0.012
buggy,7,230,0.00663278479216597,0,0.012
buggy,7,231,0.00663278479216597,0,0.012
buggy,7,232,0.00663278479216597,0,0.012
buggy,7,233,0.00663278479216597,0,0.012
buggy,7,234,0.00663278479216597,0,0.012
buggy,7,235,0.00663278479216597,0,0.012
buggy,7,236,0.00663278479216597,0,0.012
buggy,7,237,0.00663278479216597,0,0.012
buggy,7,238,0.00663278479216597,0,0.012
buggy,7,239,0.00663278479216597,0,0.012
buggy,7,240,0.00663278479216597,0,0.012
buggy,7,241,0.00663278479216597,0,0.012
buggy,7,242,0.00663278479216597,0,0.012
buggy,7,243,0.00663278479216597,0,0.012
buggy,7,244,0.00663278479216597,0,0.012
buggy,7,245,0.00663278479216597,0,0.012
buggy,7,246,0.00663278479216597,0,0.012
buggy,7,247,0.00663278479216597,0,0.012
buggy,7,248,0.00663278479216597,0,0.012
buggy,7,249,0.00663278479216597,0,0.012
buggy,7,250,0.00663278479216597,0,0.012
buggy,7,251,0.00663278479216597,0,0.012
buggy,7,252,0.00663278479216597,0,0.012
buggy,7,253,0.005540783466308984,0,0.012
buggy,7,254,0.004623204495953072,0,0.012
buggy,7,255,0.004623204495953072,0,0.012
buggy,7,256,0.0037303713438362786,0,0.012
buggy,7,257,0.0037303713438362786,0,0.012
buggy,7,258,0.0037303713438362786,0,0.012
buggy,7,259,0.0037303713438362786,0,0.012
buggy,7,260,0.0047723317388495565,0,0.012
buggy,7,261,0.0047723317388495565,0,0.012
buggy,7,262,0.0047723317388495565,0,0.012
buggy,7,263,0.0047723317388495565,0,0.012
buggy,7,264,0.0047723317388495565,0,0.012
buggy,7,265,0.004898190783707999,0,0.012
buggy,7,266,0.004898190783707999,0,0.012
buggy,13,52,0.02440893396215621,1,0.012
buggy,13,53,0.02440893396215621,1,0.012
buggy,13,54,0.02440893396215621,1,0.012
buggy,13,55,0.02440893396215621,1,0.012
buggy,13,56,0.02440893396215621,1,0.012
buggy,13,57,0.02440893396215621,1,0.012
buggy,13,58,0.02440893396215621,1,0.012
buggy,13,59,0.02440893396215621,1,0.012
buggy,13,60,0.02440893396215621,1,0.012
buggy,13,61,0.02440893396215621,1,0.012
buggy,13,62,0.02440893396215621,1,0.012
buggy,13,63,0.02440893396215621,1,0.012
buggy,13,64,0.02440893396215621,1,0.012
buggy,13,65,0.02440893396215621,1,0.012
buggy,13,66,0.022131066712431157,1,0.012
buggy,13,67,0.022131066712431157,1,0.012
buggy,13,68,0.016768172488794832,1,0.012
buggy,13,69,0.00731506894825532,0,0.012
buggy,13,70,0.00731506894825532,0,0.012
buggy,13,71,0.00731506894825532,0,0.012
buggy,13,72,0.00731506894825532,0,0.012
buggy,13,73,0.00731506894825532,0,0.012
buggy,13,74,0.00731506894825532,0,0.012
buggy,13,75,0.007286218266955992,0,0.012
buggy,13,76,0.007286218266955992,0,0.012
buggy,13,77,0.007286218266955992,0,0.012
buggy,13,78,0.007286218266955992,0,0.012
buggy,13,79,0.007286218266955992,0,0.012
buggy,13,80,0.007286218266955992,0,0.012
buggy,13,81,0.007286218266955992,0,0.012
buggy,13,82,0.007286218266955992,0,0.012
buggy,13,83,0.007286218266955992,0,0.012
buggy,13,84,0.007286218266955992,0,0.012
buggy,13,85,0.007286218266955992,0,0.012
buggy,13,86,0.007286218266955992,0,0.012
buggy,13,87,0.007286218266955992,0,0.012
buggy,13,88,0.007286218266955992,0,0.012
buggy,13,89,0.007286218266955992,0,0.012
buggy,13,90,0.005503472758857449,0,0.012
buggy,13,91,0.005503472758857449,0,0.012
buggy,13,92,0.005503472758857449,0,0.012
buggy,13,93,0.005503472758857449,0,0.012
buggy,13,94,0.005503472758857449,0,0.012
buggy,13,95,0.005503472758857449,0,0.012
buggy,13,96,0.005503472758857449,0,0.012
buggy,13,97,0.005503472758857449,0,0.012
buggy,13,98,0.005503472758857449,0,0.012
buggy,13,99,0.005503472758857449,0,0.012
buggy,13,100,0.005503472758857449,0,0.012
buggy,13,101,0.004169111795891769,0,0.012
buggy,13,102,0.004169111795891769,0,0.012
buggy,13,103,0.004169111795891769,0,0.012
buggy,13,104,0.004169111795891769,0,0.012
buggy,13,105,0.0051995716323498375,0,0.012
buggy,13,106,0.0051995716323498375,0,0.012
buggy,13,107,0.0051995716323498375,0,0.012
buggy,13,108,0.0051995716323498375,0,0.012
buggy,13,109,0.0051995716323498375,0,0.012
buggy,13,110,0.0051995716323498375,0,0.012
buggy,13,111,0.006283025011525595,0,0.012
buggy,13,112,0.006283025011525595,0,0.012
buggy,13,113,0.006283025011525595,0,0.012
buggy,13,114,0.006283025011525595,0,0.012
buggy,13,115,0.006283025011525595,0,0.012
buggy,13,116,0.006283025011525595,0,0.012
buggy,13,117,0.006234175223398659,0,0.012
buggy,13,118,0.006109794843881969,0,0.012
buggy,13,119,0.006109794843881969,0,0.012
buggy,13,120,0.0076993361212181095,0,0.012
buggy,13,121,0.0076993361212181095,0,0.012
buggy,13,122,0.0076993361212181095,0,0.012
buggy,13,123,0.0076993361212181095,0,0.012
buggy,13,124,0.0076993361212181095,0,0.012
buggy,13,125,0.0076993361212181095,0,0.012
buggy,13,126,0.0076993361212181095,0,0.012
buggy,13,127,0.0076993361212181095,0,0.012
buggy,13,128,0.0076993361212181095,0,0.012
buggy,13,129,0.0076993361212181095,0,0.012
buggy,13,130,0.0076993361212181095,0,0.012
buggy,13,131,0.0076993361212181095,0,0.012
buggy,13,132,0.0076993361212181095,0,0.012
buggy,13,133,0.007892765933077297,0,0.012
buggy,13,134,0.00955098815937414,0,0.012
buggy,13,135,0.00955098815937414,0,0.012
buggy,13,136,0.00955098815937414,0,0.012
buggy,13,137,0.00955098815937414,0,0.012
buggy,13,138,0.00955098815937414,0,0.012
buggy,13,139,0.00955098815937414,0,0.012
buggy,13,140,0.00955098815937414,0,0.012
buggy,13,141,0.00955098815937414,0,0.012
buggy,13,142,0.00955098815937414,0,0.012
buggy,13,143,0.00955098815937414,0,0.012
buggy,13,144,0.00955098815937414,0,0.012
buggy,13,145,0.009799204098801135,0,0.012
buggy,13,146,0.009799204098801135,0,0.012
buggy,13,147,0.010012136369085418,0,0.012
buggy,13,148,0.010012136369085418,0,0.012
buggy,13,149,0.010012136369085418,0,0.012
buggy,13,150,0.010012136369085418,0,0.012
buggy,13,151,0.010012136369085418,0,0.012
buggy,13,152,0.010012136369085418,0,0.012
buggy,13,153,0.010012136369085418,0,0.012
buggy,13,154,0.010012136369085418,0,0.012
buggy,13,155,0.010012136369085418,0,0.012
buggy,13,156,0.010012136369085418,0,0.012
buggy,13,157,0.010012136369085418,0,0.012
buggy,13,158,0.010012136369085418,0,0.012
buggy,13,159,0.010012136369085418,0,0.012
buggy,13,160,0.010012136369085418,0,0.012
buggy,13,161,0.010012136369085418,0,0.012
buggy,13,162,0.010012136369085418,0,0.012
buggy,13,163,0.010012136369085418,0,0.012
buggy,13,164,0.010012136369085418,0,0.012
buggy,13,165,0.010012136369085418,0,0.012
buggy,13,166,0.010012136369085418,0,0.012
buggy,13,167,0.010012136369085418,0,0.012
buggy,13,168,0.010012136369085418,0,0.012
buggy,13,169,0.010012136369085418,0,0.012
buggy,13,170,0.010012136369085418,0,0.012
buggy,13,171,0.010012136369085418,0,0.012
buggy,13,172,0.009878644789868718,0,0.012
buggy,13,173,0.009878644789868718,0,0.012
buggy,13,174,0.009878644789868718,0,0.012
buggy,13,175,0.009878644789868718,0,0.012
buggy,13,176,0.009878644789868718,0,0.012
buggy,13,177,0.009878644789868718,0,0.012
buggy,13,178,0.009878644789868718,0,0.012
buggy,13,179,0.009878644789868718,0,0.012
buggy,13,180,0.009878644789868718,0,0.012
buggy,13,181,0.009878644789868718,0,0.012
buggy,13,182,0.009878644789868718,0,0.012
buggy,13,183,0.009878644789868718,0,0.012
buggy,13,184,0.009878644789868718,0,0.012
buggy,13,185,0.009878644789868718,0,0.012
buggy,13,186,0.008786506262579558,0,0.012
buggy,13,187,0.008786506262579558,0,0.012
buggy,13,188,0.008786506262579558,0,0.012
buggy,13,189,0.008786506262579558,0,0.012
buggy,13,190,0.008786506262579558,0,0.012
buggy,13,191,0.008786506262579558,0,0.012
buggy,13,192,0.008786506262579558,0,0.012
buggy,13,193,0.008786506262579558,0,0.012
buggy,13,194,0.008786506262579558,0,0.012
buggy,13,195,0.008786506262579558,0,0.012
buggy,13,196,0.008786506262579558,0,0.012
buggy,13,197,0.007973956871220718,0,0.012
buggy,13,198,0.007973956871220718,0,0.012
buggy,13,199,0.006883786823834329,0,0.012
buggy,13,200,0.006762189060984364,0,0.012
buggy,13,201,0.007174467604656569,0,0.012
buggy,13,202,0.00754875888745381,0,0.012
buggy,13,203,0.006597114557223928,0,0.012
buggy,13,204,0.006730752578398586,0,0.012
buggy,13,205,0.006730752578398586,0,0.012
buggy,13,206,0.006730752578398586,0,0.012
buggy,13,207,0.006730752578398586,0,0.012
buggy,13,208,0.006730752578398586,0,0.012
buggy,13,209,0.006730752578398586,0,0.012
buggy,13,210,0.006730752578398586,0,0.012
buggy,13,211,0.006730752578398586,0,0.012
buggy,13,212,0.006730752578398586,0,0.012
buggy,13,213,0.006730752578398586,0,0.012
buggy,13,214,0.006730752578398586,0,0.012
buggy,13,215,0.006730752578398586,0,0.012
buggy,13,216,0.006730752578398586,0,0.012
buggy,13,217,0.006730752578398586,0,0.012
buggy,13,218,0.006730752578398586,0,0.012
buggy,13,219,0.006730752578398586,0,0.012
buggy,13,220,0.006730752578398586,0,0.012
buggy,13,221,0.006730752578398586,0,0.012
buggy,13,222,0.006730752578398586,0,0.012
buggy,13,223,0.006730752578398586,0,0.012
buggy,13,224,0.006730752578398586,0,0.012
buggy,13,225,0.006730752578398586,0,0.012
buggy,13,226,0.006730752578398586,0,0.012
buggy,13,227,0.006730752578398586,0,0.012
buggy,13,228,0.006730752578398586,0,0.012
buggy,13,229,0.006730752578398586,0,0.012
buggy,13,230,0.006730752578398586,0,0.012
buggy,13,231,0.006730752578398586,0,0.012
buggy,13,232,0.006730752578398586,0,0.012
buggy,13,233,0.006730752578398586,0,0.012
buggy,13,234,0.006730752578398586,0,0.012
buggy,13,235,0.006730752578398586,0,0.012
buggy,13,236,0.006730752578398586,0,0.012
buggy,13,237,0.006730752578398586,0,0.012
buggy,13,238,0.006730752578398586,0,0.012
buggy,13,239,0.006730752578398586,0,0.012
buggy,13,240,0.006730752578398586,0,0.012
buggy,13,241,0.006730752578398586,0,0.012
buggy,13,242,0.006730752578398586,0,0.012
buggy,13,243,0.006730752578398586,0,0.012
buggy,13,244,0.006730752578398586,0,0.012
buggy,13,245,0.006730752578398586,0,0.012
buggy,13,246,0.006730752578398586,0,0.012
buggy,13,247,0.006730752578398586,0,0.012
buggy,13,248,0.006730752578398586,0,0.012
buggy,13,249,0.006730752578398586,0,0.012
buggy,13,250,0.006730752578398586,0,0.012
buggy,13,251,0.006730752578398586,0,0.012
buggy,13,252,0.006730752578398586,0,0.012
buggy,13,253,0.005367709682541864,0,0.012
buggy,13,254,0.004178661437554332,0,0.012
buggy,13,255,0.004178661437554332,0,0.012
buggy,13,256,0.0031910067966408984,0,0.012
buggy,13,257,0.0031910067966408984,0,0.012
buggy,13,258,0.0031910067966408984,0,0.012
buggy,13,259,0.0031910067966408984,0,0.012
buggy,13,260,0.004241818229959197,0,0.012
buggy,13,261,0.004241818229959197,0,0.012
buggy,13,262,0.004241818229959197,0,0.012
buggy,13,263,0.004241818229959197,0,0.012
buggy,13,264,0.004241818229959197,0,0.012
buggy,13,265,0.004376685205879335,0,0.012
buggy,13,266,0.004376685205879335,0,0.012
buggy,23,52,0.022412993425192308,1,0.012
buggy,23,53,0.022412993425192308,1,0.012
buggy,23,54,0.022412993425192308,1,0.012
buggy,23,55,0.022412993425192308,1,0.012
buggy,23,56,0.022412993425192308,1,0.012
buggy,23,57,0.022412993425192308,1,0.012
buggy,23,58,0.022412993425192308,1,0.012
buggy,23,59,0.022412993425192308,1,0.012
buggy,23,60,0.022412993425192308,1,0.012
buggy,23,61,0.022412993425192308,1,0.012
buggy,23,62,0.022412993425192308,1,0.012
buggy,23,63,0.022412993425192308,1,0.012
buggy,23,64,0.022412993425192308,1,0.012
buggy,23,65,0.022412993425192308,1,0.012
buggy,23,66,0.02074366806778363,1,0.012
buggy,23,67,0.02074366806778363,1,0.012
buggy,23,68,0.015411881542726163,1,0.012
buggy,23,69,0.007648254324067672,0,0.012
buggy,23,70,0.007648254324067672,0,0.012
buggy,23,71,0.007648254324067672,0,0.012
buggy,23,72,0.007648254324067672,0,0.012
buggy,23,73,0.007648254324067672,0,0.012
buggy,23,74,0.007648254324067672,0,0.012
buggy,23,75,0.007591596007100107,0,0.012
buggy,23,76,0.007591596007100107,0,0.012
buggy,23,77,0.007591596007100107,0,0.012
buggy,23,78,0.007591596007100107,0,0.012
buggy,23,79,0.007591596007100107,0,0.012
buggy,23,80,0.007591596007100107,0,0.012
buggy,23,81,0.007591596007100107,0,0.012
buggy,23,82,0.007591596007100107,0,0.012
buggy,23,83,0.007591596007100107,0,0.012
buggy,23,84,0.007591596007100107,0,0.012
buggy,23,85,0.007591596007100107,0,0.012
buggy,23,86,0.007591596007100107,0,0.012
buggy,23,87,0.007591596007100107,0,0.012
buggy,23,88,0.007591596007100107,0,0.012
buggy,23,89,0.007591596007100107,0,0.012
buggy,23,90,0.005495449448340681,0,0.012
buggy,23,91,0.005495449448340681,0,0.012
buggy,23,92,0.005495449448340681,0,0.012
buggy,23,93,0.005495449448340681,0,0.012
buggy,23,94,0.005495449448340681,0,0.012
buggy,23,95,0.005495449448340681,0,0.012
buggy,23,96,0.005495449448340681,0,0.012
buggy,23,97,0.005495449448340681,0,0.012
buggy,23,98,0.005495449448340681,0,0.012
buggy,23,99,0.005495449448340681,0,0.012
buggy,23,100,0.005495449448340681,0,0.012
buggy,23,101,0.00448239659810244,0,0.012
buggy,23,102,0.00448239659810244,0,0.012
buggy,23,103,0.00448239659810244,0,0.012
buggy,23,104,0.00448239659810244,0,0.012
buggy,23,105,0.005315642644135008,0,0.012
buggy,23,106,0.005315642644135008,0,0.012
buggy,23,107,0.005315642644135008,0,0.012
buggy,23,108,0.005315642644135008,0,0.012
buggy,23,109,0.005315642644135008,0,0.012
buggy,23,110,0.005315642644135008,0,0.012
buggy,23,111,0.006471522885382713,0,0.012
buggy,23,112,0.006471522885382713,0,0.012
buggy,23,113,0.006471522885382713,0,0.012
buggy,23,114,0.006471522885382713,0,0.012
buggy,23,115,0.006471522885382713,0,0.012
buggy,23,116,0.006471522885382713,0,0.012
buggy,23,117,0.006245286240749566,0,0.012
buggy,23,118,0.00616125675733917,0,0.012
buggy,23,119,0.00616125675733917,0,0.012
buggy,23,120,0.007520911227811431,0,0.012
buggy,23,121,0.007520911227811431,0,0.012
buggy,23,122,0.007520911227811431,0,0.012
buggy,23,123,0.007520911227811431,0,0.012
buggy,23,124,0.007520911227811431,0,0.012
buggy,23,125,0.007520911227811431,0,0.012
buggy,23,126,0.007520911227811431,0,0.012
buggy,23,127,0.007520911227811431,0,0.012
buggy,23,128,0.007520911227811431,0,0.012
buggy,23,129,0.007520911227811431,0,0.012
buggy,23,130,0.007520911227811431,0,0.012
buggy,23,131,0.007520911227811431,0,0.012
buggy,23,132,0.007520911227811431,0,0.012
buggy,23,133,0.007520911227811431,0,0.012
buggy,23,134,0.009266286499333276,0,0.012
buggy,23,135,0.009266286499333276,0,0.012
buggy,23,136,0.009266286499333276,0,0.012
buggy,23,137,0.009266286499333276,0,0.012
buggy,23,138,0.009266286499333276,0,0.012
buggy,23,139,0.009266286499333276,0,0.012
buggy,23,140,0.009266286499333276,0,0.012
buggy,23,141,0.009266286499333276,0,0.012
buggy,23,142,0.009266286499333276,0,0.012
buggy,23,143,0.009266286499333276,0,0.012
buggy,23,144,0.009266286499333276,0,0.012
buggy,23,145,0.009377228798089757,0,0.012
buggy,23,146,0.009377228798089757,0,0.012
buggy,23,147,0.009571882552763577,0,0.012
buggy,23,148,0.009571882552763577,0,0.012
buggy,23,149,0.009571882552763577,0,0.012
buggy,23,150,0.009571882552763577,0,0.012
buggy,23,151,0.009724623694078923,0,0.012
buggy,23,152,0.009724623694078923,0,0.012
buggy,23,153,0.009724623694078923,0,0.012
buggy,23,154,0.009724623694078923,0,0.012
buggy,23,155,0.009724623694078923,0,0.012
buggy,23,156,0.009724623694078923,0,0.012
buggy,23,157,0.009724623694078923,0,0.012
buggy,23,158,0.009724623694078923,0,0.012
buggy,23,159,0.009724623694078923,0,0.012
buggy,23,160,0.009724623694078923,0,0.012
buggy,23,161,0.009724623694078923,0,0.012
buggy,23,162,0.009724623694078923,0,0.012
buggy,23,163,0.009724623694078923,0,0.012
buggy,23,164,0.009724623694078923,0,0.012
buggy,23,165,0.009724623694078923,0,0.012
buggy,23,166,0.009724623694078923,0,0.012
buggy,23,167,0.009724623694078923,0,0.012
buggy,23,168,0.009724623694078923,0,0.012
buggy,23,169,0.009724623694078923,0,0.012
buggy,23,170,0.009724623694078923,0,0.012
buggy,23,171,0.009724623694078923,0,0.012
buggy,23,172,0.009724623694078923,0,0.012
buggy,23,173,0.009724623694078923,0,0.012
buggy,23,174,0.009724623694078923,0,0.012
buggy,23,175,0.009724623694078923,0,0.012
buggy,23,176,0.009724623694078923,0,0.012
buggy,23,177,0.009724623694078923,0,0.012
buggy,23,178,0.009724623694078923,0,0.012
buggy,23,179,0.009724623694078923,0,0.012
buggy,23,180,0.009724623694078923,0,0.012
buggy,23,181,0.009724623694078923,0,0.012
buggy,23,182,0.009724623694078923,0,0.012
buggy,23,183,0.009724623694078923,0,0.012
buggy,23,184,0.009724623694078923,0,0.012
buggy,23,185,0.009724623694078923,0,0.012
buggy,23,186,0.00879297947888008,0,0.012
buggy,23,187,0.00879297947888008,0,0.012
buggy,23,188,0.00879297947888008,0,0.012
buggy,23,189,0.00879297947888008,0,0.012
buggy,23,190,0.00879297947888008,0,0.012
buggy,23,191,0.00879297947888008,0,0.012
buggy,23,192,0.00879297947888008,0,0.012
buggy,23,193,0.00879297947888008,0,0.012
buggy,23,194,0.00879297947888008,0,0.012
buggy,23,195,0.00879297947888008,0,0.012
buggy,23,196,0.00879297947888008,0,0.012
buggy,23,197,0.007902160121308774,0,0.012
buggy,23,198,0.007902160121308774,0,0.012
buggy,23,199,0.006783531315032097,0,0.012
buggy,23,200,0.006783531315032097,0,0.012
buggy,23,201,0.007644922584009078,0,0.012
buggy,23,202,0.008076821736905155,0,0.012
buggy,23,203,0.0069913030969292736,0,0.012
buggy,23,204,0.0069913030969292736,0,0.012
buggy,23,205,0.0069913030969292736,0,0.012
buggy,23,206,0.0069913030969292736,0,0.012
buggy,23,207,0.0069913030969292736,0,0.012
buggy,23,208,0.0069913030969292736,0,0.012
buggy,23,209,0.0069913030969292736,0,0.012
buggy,23,210,0.0069913030969292736,0,0.012
buggy,23,211,0.0069913030969292736,0,0.012
buggy,23,212,0.0069913030969292736,0,0.012
buggy,23,213,0.0069913030969292736,0,0.012
buggy,23,214,0.0069913030969292736,0,0.012
buggy,23,215,0.0069913030969292736,0,0.012
buggy,23,216,0.0069913030969292736,0,0.012
buggy,23,217,0.0069913030969292736,0,0.012
buggy,23,218,0.0069913030969292736,0,0.012
buggy,23,219,0.0069913030969292736,0,0.012
buggy,23,220,0.0069913030969292736,0,0.012
buggy,23,221,0.0069913030969292736,0,0.012
buggy,23,222,0.0069913030969292736,0,0.012
buggy,23,223,0.0069913030969292736,0,0.012
buggy,23,224,0.0069913030969292736,0,0.012
buggy,23,225,0.0069913030969292736,0,0.012
buggy,23,226,0.0069913030969292736,0,0.012
buggy,23,227,0.0069913030969292736,0,0.012
buggy,23,228,0.0069913030969292736,0,0.012
buggy,23,229,0.0069913030969292736,0,0.012
buggy,23,230,0.0069913030969292736,0,0.012
buggy,23,231,0.0069913030969292736,0,0.012
buggy,23,232,0.0069913030969292736,0,0.012
buggy,23,233,0.0069913030969292736,0,0.012
buggy,23,234,0.0069913030969292736,0,0.012
buggy,23,235,0.0069913030969292736,0,0.012
buggy,23,236,0.0069913030969292736,0,0.012
buggy,23,237,0.0069913030969292736,0,0.012
buggy,23,238,0.0069913030969292736,0,0.012
buggy,23,239,0.0069913030969292736,0,0.012
buggy,23,240,0.0069913030969292736,0,0.012
buggy,23,241,0.0069913030969292736,0,0.012
buggy,23,242,0.0069913030969292736,0,0.012
buggy,23,243,0.0069913030969292736,0,0.012
buggy,23,244,0.0069913030969292736,0,0.012
buggy,23,245,0.006989748146958907,0,0.012
buggy,23,246,0.006989748146958907,0,0.012
buggy,23,247,0.006989748146958907,0,0.012
buggy,23,248,0.006989748146958907,0,0.012
buggy,23,249,0.006989748146958907,0,0.012
buggy,23,250,0.006989748146958907,0,0.012
buggy,23,251,0.006989748146958907,0,0.012
buggy,23,252,0.006989748146958907,0,0.012
buggy,23,253,0.0052576781216218315,0,0.012
buggy,23,254,0.003965100103177667,0,0.012
buggy,23,255,0.003965100103177667,0,0.012
buggy,23,256,0.0030032638372186823,0,0.012
buggy,23,257,0.0030032638372186823,0,0.012
buggy,23,258,0.0030032638372186823,0,0.012
buggy,23,259,0.0030032638372186823,0,0.012
buggy,23,260,0.004312475806805759,0,0.012
buggy,23,261,0.004312475806805759,0,0.012
buggy,23,262,0.004312475806805759,0,0.012
buggy,23,263,0.004312475806805759,0,0.012
buggy,23,264,0.004312475806805759,0,0.012
buggy,23,265,0.004475922483074432,0,0.012
buggy,23,266,0.004475922483074432,0,0.012
buggy,42,52,0.028047433146124887,1,0.012
buggy,42,53,0.028047433146124887,1,0.012
buggy,42,54,0.028047433146124887,1,0.012
buggy,42,55,0.028047433146124887,1,0.012
buggy,42,56,0.028047433146124887,1,0.012
buggy,42,57,0.028047433146124887,1,0.012
buggy,42,58,0.028047433146124887,1,0.012
buggy,42,59,0.028047433146124887,1,0.012
buggy,42,60,0.028047433146124887,1,0.012
buggy,42,61,0.028047433146124887,1,0.012
buggy,42,62,0.028047433146124887,1,0.012
buggy,42,63,0.028047433146124887,1,0.012
buggy,42,64,0.028047433146124887,1,0.012
buggy,42,65,0.028047433146124887,1,0.012
buggy,42,66,0.02479374322012401,1,0.012
buggy,42,67,0.02479374322012401,1,0.012
buggy,42,68,0.018967116775566055,1,0.012
buggy,42,69,0.008084376028858163,0,0.012
buggy,42,70,0.008084376028858163,0,0.012
buggy,42,71,0.008084376028858163,0,0.012
buggy,42,72,0.008084376028858163,0,0.012
buggy,42,73,0.008084376028858163,0,0.012
buggy,42,74,0.008084376028858163,0,0.012
buggy,42,75,0.008084376028858163,0,0.012
buggy,42,76,0.008084376028858163,0,0.012
buggy,42,77,0.008084376028858163,0,0.012
buggy,42,78,0.008084376028858163,0,0.012
buggy,42,79,0.008084376028858163,0,0.012
buggy,42,80,0.008084376028858163,0,0.012
buggy,42,81,0.008084376028858163,0,0.012
buggy,42,82,0.008084376028858163,0,0.012
buggy,42,83,0.008084376028858163,0,0.012
buggy,42,84,0.008084376028858163,0,0.012
buggy,42,85,0.008084376028858163,0,0.012
buggy,42,86,0.008084376028858163,0,0.012
buggy,42,87,0.008084376028858163,0,0.012
buggy,42,88,0.008084376028858163,0,0.012
buggy,42,89,0.008084376028858163,0,0.012
buggy,42,90,0.006474666183562975,0,0.012
buggy,42,91,0.006474666183562975,0,0.012
buggy,42,92,0.006474666183562975,0,0.012
buggy,42,93,0.006474666183562975,0,0.012
buggy,42,94,0.006474666183562975,0,0.012
buggy,42,95,0.006474666183562975,0,0.012
buggy,42,96,0.006474666183562975,0,0.012
buggy,42,97,0.006474666183562975,0,0.012
buggy,42,98,0.006474666183562975,0,0.012
buggy,42,99,0.006474666183562975,0,0.012
buggy,42,100,0.006474666183562975,0,0.012
buggy,42,101,0.004750856476809615,0,0.012
buggy,42,102,0.004750856476809615,0,0.012
buggy,42,103,0.004750856476809615,0,0.012
buggy,42,104,0.004750856476809615,0,0.012
buggy,42,105,0.005733892855951185,0,0.012
buggy,42,106,0.005733892855951185,0,0.012
buggy,42,107,0.005733892855951185,0,0.012
buggy,42,108,0.005733892855951185,0,0.012
buggy,42,109,0.005733892855951185,0,0.012
buggy,42,110,0.005733892855951185,0,0.012
buggy,42,111,0.006926648978835703,0,0.012
buggy,42,112,0.006926648978835703,0,0.012
buggy,42,113,0.007065780575937142,0,0.012
buggy,42,114,0.007065780575937142,0,0.012
buggy,42,115,0.007065780575937142,0,0.012
buggy,42,116,0.007065780575937142,0,0.012
buggy,42,117,0.007065780575937142,0,0.012
buggy,42,118,0.007065780575937142,0,0.012
buggy,42,119,0.007065780575937142,0,0.012
buggy,42,120,0.008312894966409625,0,0.012
buggy,42,121,0.008312894966409625,0,0.012
buggy,42,122,0.008312894966409625,0,0.012
buggy,42,123,0.008312894966409625,0,0.012
buggy,42,124,0.008313149717306484,0,0.012
buggy,42,125,0.008313149717306484,0,0.012
buggy,42,126,0.008337718018399103,0,0.012
buggy,42,127,0.008337718018399103,0,0.012
buggy,42,128,0.008337718018399103,0,0.012
buggy,42,129,0.008337718018399103,0,0.012
buggy,42,130,0.008337718018399103,0,0.012
buggy,42,131,0.008337718018399103,0,0.012
buggy,42,132,0.008337718018399103,0,0.012
buggy,42,133,0.009140506129932112,0,0.012
buggy,42,134,0.010763694033588978,0,0.012
buggy,42,135,0.010763694033588978,0,0.012
buggy,42,136,0.010763694033588978,0,0.012
buggy,42,137,0.010763694033588978,0,0.012
buggy,42,138,0.010763694033588978,0,0.012
buggy,42,139,0.010763694033588978,0,0.012
buggy,42,140,0.010763694033588978,0,0.012
buggy,42,141,0.010763694033588978,0,0.012
buggy,42,142,0.010763694033588978,0,0.012
buggy,42,143,0.010763694033588978,0,0.012
buggy,42,144,0.010763694033588978,0,0.012
buggy,42,145,0.010847879880048386,0,0.012
buggy,42,146,0.010847879880048386,0,0.012
buggy,42,147,0.011282983249256431,0,0.012
buggy,42,148,0.011282983249256431,0,0.012
buggy,42,149,0.011282983249256431,0,0.012
buggy,42,150,0.011282983249256431,0,0.012
buggy,42,151,0.011282983249256431,0,0.012
buggy,42,152,0.011282983249256431,0,0.012
buggy,42,153,0.011282983249256431,0,0.012
buggy,42,154,0.011282983249256431,0,0.012
buggy,42,155,0.011282983249256431,0,0.012
buggy,42,156,0.011282983249256431,0,0.012
buggy,42,157,0.011282983249256431,0,0.012
buggy,42,158,0.011282983249256431,0,0.012
buggy,42,159,0.011282983249256431,0,0.012
buggy,42,160,0.011282983249256431,0,0.012
buggy,42,161,0.011282983249256431,0,0.012
buggy,42,162,0.011282983249256431,0,0.012
buggy,42,163,0.011282983249256431,0,0.012
buggy,42,164,0.011282983249256431,0,0.012
buggy,42,165,0.011282983249256431,0,0.012
buggy,42,166,0.011282983249256431,0,0.012
buggy,42,167,0.011282983249256431,0,0.012
buggy,42,168,0.011282983249256431,0,0.012
buggy,42,169,0.011282983249256431,0,0.012
buggy,42,170,0.011282983249256431,0,0.012
buggy,42,171,0.011282983249256431,0,0.012
buggy,42,172,0.01118070445984203,0,0.012
buggy,42,173,0.01118070445984203,0,0.012
buggy,42,174,0.01118070445984203,0,0.012
buggy,42,175,0.01118070445984203,0,0.012
buggy,42,176,0.01118070445984203,0,0.012
buggy,42,177,0.01118070445984203,0,0.012
buggy,42,178,0.01118070445984203,0,0.012
buggy,42,179,0.01118070445984203,0,0.012
buggy,42,180,0.01118070445984203,0,0.012
buggy,42,181,0.01118070445984203,0,0.012
buggy,42,182,0.01118070445984203,0,0.012
buggy,42,183,0.01118070445984203,0,0.012
buggy,42,184,0.01118070445984203,0,0.012
buggy,42,185,0.01118070445984203,0,0.012
buggy,42,186,0.009610504489980822,0,0.012
buggy,42,187,0.009610504489980822,0,0.012
buggy,42,188,0.009610504489980822,0,0.012
buggy,42,189,0.009610504489980822,0,0.012
buggy,42,190,0.009610504489980822,0,0.012
buggy,42,191,0.009610504489980822,0,0.012
buggy,42,192,0.009610504489980822,0,0.012
buggy,42,193,0.009610504489980822,0,0.012
buggy,42,194,0.009610504489980822,0,0.012
buggy,42,195,0.009610504489980822,0,0.012
buggy,42,196,0.009610504489980822,0,0.012
buggy,42,197,0.009104420329984831,0,0.012
buggy,42,198,0.009104420329984831,0,0.012
buggy,42,199,0.007818049349646129,0,0.012
buggy,42,200,0.00724732792327322,0,0.012
buggy,42,201,0.007413000090085178,0,0.012
buggy,42,202,0.007413000090085178,0,0.012
buggy,42,203,0.0065191023126657185,0,0.012
buggy,42,204,0.00681612310669847,0,0.012
buggy,42,205,0.00681612310669847,0,0.012
buggy,42,206,0.00681612310669847,0,0.012
buggy,42,207,0.00681612310669847,0,0.012
buggy,42,208,0.00681612310669847,0,0.012
buggy,42,209,0.00681612310669847,0,0.012
buggy,42,210,0.00681612310669847,0,0.012
buggy,42,211,0.00681612310669847,0,0.012
buggy,42,212,0.00681612310669847,0,0.012
buggy,42,213,0.00681612310669847,0,0.012
buggy,42,214,0.00681612310669847,0,0.012
buggy,42,215,0.00681612310669847,0,0.012
buggy,42,216,0.00681612310669847,0,0.012
buggy,42,217,0.00681612310669847,0,0.012
buggy,42,218,0.00681612310669847,0,0.012
buggy,42,219,0.00681612310669847,0,0.012
buggy,42,220,0.00681612310669847,0,0.012
buggy,42,221,0.00681612310669847,0,0.012
buggy,42,222,0.00681612310669847,0,0.012
buggy,42,223,0.00681612310669847,0,0.012
buggy,42,224,0.00681612310669847,0,0.012
buggy,42,225,0.00681612310669847,0,0.012
buggy,42,226,0.00681612310669847,0,0.012
buggy,42,227,0.00681612310669847,0,0.012
buggy,42,228,0.00681612310669847,0,0.012
buggy,42,229,0.00681612310669847,0,0.012
buggy,42,230,0.00681612310669847,0,0.012
buggy,42,231,0.00681612310669847,0,0.012
buggy,42,232,0.00681612310669847,0,0.012
buggy,42,233,0.00681612310669847,0,0.012
buggy,42,234,0.00681612310669847,0,0.012
buggy,42,235,0.00681612310669847,0,0.012
buggy,42,236,0.00681612310669847,0,0.012
buggy,42,237,0.00681612310669847,0,0.012
buggy,42,238,0.00681612310669847,0,0.012
buggy,42,239,0.00681612310669847,0,0.012
buggy,42,240,0.00681612310669847,0,0.012
buggy,42,241,0.00681612310669847,0,0.012
buggy,42,242,0.00681612310669847,0,0.012
buggy,42,243,0.00681612310669847,0,0.012
buggy,42,244,0.00681612310669847,0,0.012
buggy,42,245,0.006717630009576727,0,0.012
buggy,42,246,0.006717630009576727,0,0.012
buggy,42,247,0.006717630009576727,0,0.012
buggy,42,248,0.006717630009576727,0,0.012
buggy,42,249,0.006717630009576727,0,0.012
buggy,42,250,0.006717630009576727,0,0.012
buggy,42,251,0.006717630009576727,0,0.012
buggy,42,252,0.006717630009576727,0,0.012
buggy,42,253,0.00574513485779353,0,0.012
buggy,42,254,0.005121819382267713,0,0.012
buggy,42,255,0.005121819382267713,0,0.012
buggy,42,256,0.004016637885969613,0,0.012
buggy,42,257,0.004016637885969613,0,0.012
buggy,42,258,0.004016637885969613,0,0.012
buggy,42,259,0.004016637885969613,0,0.012
buggy,42,260,0.005089636961767002,0,0.012
buggy,42,261,0.005089636961767002,0,0.012
buggy,42,262,0.005089636961767002,0,0.012
buggy,42,263,0.005089636961767002,0,0.012
buggy,42,264,0.005089636961767002,0,0.012
buggy,42,265,0.005100962282836752,0,0.012
buggy,42,266,0.005100962282836752,0,0.012
buggy,2025,52,0.024893242251039577,1,0.012
buggy,2025,53,0.024893242251039577,1,0.012
buggy,2025,54,0.024893242251039577,1,0.012
buggy,2025,55,0.024893242251039577,1,0.012
buggy,2025,56,0.024893242251039577,1,0.012
buggy,2025,57,0.024893242251039577,1,0.012
buggy,2025,58,0.024893242251039577,1,0.012
buggy,2025,59,0.024893242251039577,1,0.012
buggy,2025,60,0.024893242251039577,1,0.012
buggy,2025,61,0.024893242251039577,1,0.012
buggy,2025,62,0.024893242251039577,1,0.012
buggy,2025,63,0.024893242251039577,1,0.012
buggy,2025,64,0.024893242251039577,1,0.012
buggy,2025,65,0.024893242251039577,1,0.012
buggy,2025,66,0.022516488835193693,1,0.012
buggy,2025,67,0.022516488835193693,1,0.012
buggy,2025,68,0.0170187048749207,1,0.012
buggy,2025,69,0.007412196187529152,0,0.012
buggy,2025,70,0.007412196187529152,0,0.012
buggy,2025,71,0.007412196187529152,0,0.012
buggy,2025,72,0.007412196187529152,0,0.012
buggy,2025,73,0.007412196187529152,0,0.012
buggy,2025,74,0.007412196187529152,0,0.012
buggy,2025,75,0.007403334718369005,0,0.012
buggy,2025,76,0.007403334718369005,0,0.012
buggy,2025,77,0.007403334718369005,0,0.012
buggy,2025,78,0.007403334718369005,0,0.012
buggy,2025,79,0.007403334718369005,0,0.012
buggy,2025,80,0.007403334718369005,0,0.012
buggy,2025,81,0.007403334718369005,0,0.012
buggy,2025,82,0.007403334718369005,0,0.012
buggy,2025,83,0.007403334718369005,0,0.012
buggy,2025,84,0.007403334718369005,0,0.012
buggy,2025,85,0.007403334718369005,0,0.012
buggy,2025,86,0.007403334718369005,0,0.012
buggy,2025,87,0.007403334718369005,0,0.012
buggy,2025,88,0.007403334718369005,0,0.012
buggy,2025,89,0.007403334718369005,0,0.012
buggy,2025,90,0.005634823650357382,0,0.012
buggy,2025,91,0.005634823650357382,0,0.012
buggy,2025,92,0.005634823650357382,0,0.012
buggy,2025,93,0.005634823650357382,0,0.012
buggy,2025,94,0.005634823650357382,0,0.012
buggy,2025,95,0.005634823650357382,0,0.012
buggy,2025,96,0.005634823650357382,0,0.012
buggy,2025,97,0.005634823650357382,0,0.012
buggy,2025,98,0.005634823650357382,0,0.012
buggy,2025,99,0.005634823650357382,0,0.012
buggy,2025,100,0.005634823650357382,0,0.012
buggy,2025,101,0.004179933893581021,0,0.012
buggy,2025,102,0.004179933893581021,0,0.012
buggy,2025,103,0.004179933893581021,0,0.012
buggy,2025,104,0.004179933893581021,0,0.012
buggy,2025,105,0.00527137297090205,0,0.012
buggy,2025,106,0.00527137297090205,0,0.012
buggy,2025,107,0.00527137297090205,0,0.012
buggy,2025,108,0.00527137297090205,0,0.012
buggy,2025,109,0.00527137297090205,0,0.012
buggy,2025,110,0.00527137297090205,0,0.012
buggy,2025,111,0.006342326670831437,0,0.012
buggy,2025,112,0.006342326670831437,0,0.012
buggy,2025,113,0.006342326670831437,0,0.012
buggy,2025,114,0.006342326670831437,0,0.012
buggy,2025,115,0.006342326670831437,0,0.012
buggy,2025,116,0.006342326670831437,0,0.012
buggy,2025,117,0.006313248064947006,0,0.012
buggy,2025,118,0.006106779571189046,0,0.012
buggy,2025,119,0.006106779571189046,0,0.012
buggy,2025,120,0.007786614008403701,0,0.012
buggy,2025,121,0.007786614008403701,0,0.012
buggy,2025,122,0.007786614008403701,0,0.012
buggy,2025,123,0.007786614008403701,0,0.012
buggy,2025,124,0.007786614008403701,0,0.012
buggy,2025,125,0.007786614008403701,0,0.012
buggy,2025,126,0.007786614008403701,0,0.012
buggy,2025,127,0.007786614008403701,0,0.012
buggy,2025,128,0.007786614008403701,0,0.012
buggy,2025,129,0.007786614008403701,0,0.012
buggy,2025,130,0.007786614008403701,0,0.012
buggy,2025,131,0.007786614008403701,0,0.012
buggy,2025,132,0.007786614008403701,0,0.012
buggy,2025,133,0.007964101783282837,0,0.012
buggy,2025,134,0.00967773800734027,0,0.012
buggy,2025,135,0.00967773800734027,0,0.012
buggy,2025,136,0.00967773800734027,0,0.012
buggy,2025,137,0.00967773800734027,0,0.012
buggy,2025,138,0.00967773800734027,0,0.012
buggy,2025,139,0.00967773800734027,0,0.012
buggy,2025,140,0.00967773800734027,0,0.012
buggy,2025,141,0.00967773800734027,0,0.012
buggy,2025,142,0.00967773800734027,0,0.012
buggy,2025,143,0.00967773800734027,0,0.012
buggy,2025,144,0.00967773800734027,0,0.012
buggy,2025,145,0.00998384760258212,0,0.012
buggy,2025,146,0.00998384760258212,0,0.012
buggy,2025,147,0.010191163310265546,0,0.012
buggy,2025,148,0.010191163310265546,0,0.012
buggy,2025,149,0.010191163310265546,0,0.012
buggy,2025,150,0.010191163310265546,0,0.012
buggy,2025,151,0.010191163310265546,0,0.012
buggy,2025,152,0.010191163310265546,0,0.012
buggy,2025,153,0.010191163310265546,0,0.012
buggy,2025,154,0.010191163310265546,0,0.012
buggy,2025,155,0.010191163310265546,0,0.012
buggy,2025,156,0.010191163310265546,0,0.012
buggy,2025,157,0.010191163310265546,0,0.012
buggy,2025,158,0.010191163310265546,0,0.012
buggy,2025,159,0.010191163310265546,0,0.012
buggy,2025,160,0.010191163310265546,0,0.012
buggy,2025,161,0.010191163310265546,0,0.012
buggy,2025,162,0.010191163310265546,0,0.012
buggy,2025,163,0.010191163310265546,0,0.012
buggy,2025,164,0.010191163310265546,0,0.012
buggy,2025,165,0.010191163310265546,0,0.012
buggy,2025,166,0.010191163310265546,0,0.012
buggy,2025,167,0.010191163310265546,0,0.012
buggy,2025,168,0.010191163310265546,0,0.012
buggy,2025,169,0.010191163310265546,0,0.012
buggy,2025,170,0.010191163310265546,0,0.012
buggy,2025,171,0.010191163310265546,0,0.012
buggy,2025,172,0.010094860661980086,0,0.012
buggy,2025,173,0.010094860661980086,0,0.012
buggy,2025,174,0.010094860661980086,0,0.012
buggy,2025,175,0.010094860661980086,0,0.012
buggy,2025,176,0.010094860661980086,0,0.012
buggy,2025,177,0.010094860661980086,0,0.012
buggy,2025,178,0.010094860661980086,0,0.012
buggy,2025,179,0.010094860661980086,0,0.012
buggy,2025,180,0.010094860661980086,0,0.012
buggy,2025,181,0.010094860661980086,0,0.012
buggy,2025,182,0.010094860661980086,0,0.012
buggy,2025,183,0.010094860661980086,0,0.012
buggy,2025,184,0.010094860661980086,0,0.012
buggy,2025,185,0.010094860661980086,0,0.012
buggy,2025,186,0.008979884021452505,0,0.012
buggy,2025,187,0.008979884021452505,0,0.012
buggy,2025,188,0.008979884021452505,0,0.012
buggy,2025,189,0.008979884021452505,0,0.012
buggy,2025,190,0.008979884021452505,0,0.012
buggy,2025,191,0.008979884021452505,0,0.012
buggy,2025,192,0.008979884021452505,0,0.012
buggy,2025,193,0.008979884021452505,0,0.012
buggy,2025,194,0.008979884021452505,0,0.012
buggy,2025,195,0.008979884021452505,0,0.012
buggy,2025,196,0.008979884021452505,0,0.012
buggy,2025,197,0.008139222590918059,0,0.012
buggy,2025,198,0.008139222590918059,0,0.012
buggy,2025,199,0.007041122984650806,0,0.012
buggy,2025,200,0.006801530389953579,0,0.012
buggy,2025,201,0.0072724403468656966,0,0.012
buggy,2025,202,0.007688709760029042,0,0.012
buggy,2025,203,0.006666051210050039,0,0.012
buggy,2025,204,0.006791490996562827,0,0.012
buggy,2025,205,0.006791490996562827,0,0.012
buggy,2025,206,0.006791490996562827,0,0.012
buggy,2025,207,0.006791490996562827,0,0.012
buggy,2025,208,0.006791490996562827,0,0.012
buggy,2025,209,0.006791490996562827,0,0.012
buggy,2025,210,0.006791490996562827,0,0.012
buggy,2025,211,0.006791490996562827,0,0.012
buggy,2025,212,0.006791490996562827,0,0.012
buggy,2025,213,0.006791490996562827,0,0.012
buggy,2025,214,0.006791490996562827,0,0.012
buggy,2025,215,0.006791490996562827,0,0.012
buggy,2025,216,0.006791490996562827,0,0.012
buggy,2025,217,0.006791490996562827,0,0.012
buggy,2025,218,0.006791490996562827,0,0.012
buggy,2025,219,0.006791490996562827,0,0.012
buggy,2025,220,0.006791490996562827,0,0.012
buggy,2025,221,0.006791490996562827,0,0.012
buggy,2025,222,0.006791490996562827,0,0.012
buggy,2025,223,0.006791490996562827,0,0.012
buggy,2025,224,0.006791490996562827,0,0.012
buggy,2025,225,0.006791490996562827,0,0.012
buggy,2025,226,0.006791490996562827,0,0.012
buggy,2025,227,0.006791490996562827,0,0.012
buggy,2025,228,0.006791490996562827,0,0.012
buggy,2025,229,0.006791490996562827,0,0.012
buggy,2025,230,0.006791490996562827,0,0.012
buggy,2025,231,0.006791490996562827,0,0.012
buggy,2025,232,0.006791490996562827,0,0.012
buggy,2025,233,0.006791490996562827,0,0.012
buggy,2025,234,0.006791490996562827,0,0.012
buggy,2025,235,0.006791490996562827,0,0.012
buggy,2025,236,0.006791490996562827,0,0.012
buggy,2025,237,0.006791490996562827,0,0.012
buggy,2025,238,0.006791490996562827,0,0.012
buggy,2025,239,0.006791490996562827,0,0.012
buggy,2025,240,0.006791490996562827,0,0.012
buggy,2025,241,0.006791490996562827,0,0.012
buggy,2025,242,0.006791490996562827,0,0.012
buggy,2025,243,0.006791490996562827,0,0.012
buggy,2025,244,0.006791490996562827,0,0.012
buggy,2025,245,0.006791490996562827,0,0.012
buggy,2025,246,0.006791490996562827,0,0.012
buggy,2025,247,0.006791490996562827,0,0.012
buggy,2025,248,0.006791490996562827,0,0.012
buggy,2025,249,0.006791490996562827,0,0.012
buggy,2025,250,0.006791490996562827,0,0.012
buggy,2025,251,0.006791490996562827,0,0.012
buggy,2025,252,0.006791490996562827,0,0.012
buggy,2025,253,0.005401116679638152,0,0.012
buggy,2025,254,0.00420533056713691,0,0.012
buggy,2025,255,0.00420533056713691,0,0.012
buggy,2025,256,0.0032847274830728676,0,0.012
buggy,2025,257,0.0032847274830728676,0,0.012
buggy,2025,258,0.0032847274830728676,0,0.012
buggy,2025,259,0.0032847274830728676,0,0.012
buggy,2025,260,0.0043664010358102565,0,0.012
buggy,2025,261,0.0043664010358102565,0,0.012
buggy,2025,262,0.0043664010358102565,0,0.012
buggy,2025,263,0.0043664010358102565,0,0.012
buggy,2025,264,0.0043664010358102565,0,0.012
buggy,2025,265,0.004509666942839808,0,0.012
buggy,2025,266,0.004509666942839808,0,0.012
fixed,7,52,0.025063545370350656,1,0.012
fixed,7,53,0.025063545370350656,1,0.012
fixed,7,54,0.025063545370350656,1,0.012
fixed,7,55,0.025063545370350656,1,0.012
fixed,7,56,0.025063545370350656,1,0.012
fixed,7,57,0.025063545370350656,1,0.012
fixed,7,58,0.025063545370350656,1,0.012
fixed,7,59,0.025063545370350656,1,0.012
fixed,7,60,0.025063545370350656,1,0.012
fixed,7,61,0.025063545370350656,1,0.012
fixed,7,62,0.025063545370350656,1,0.012
fixed,7,63,0.025063545370350656,1,0.012
fixed,7,64,0.025063545370350656,1,0.012
fixed,7,65,0.025063545370350656,1,0.012
fixed,7,66,0.023715606581507915,1,0.012
fixed,7,67,0.023715606581507915,1,0.012
fixed,7,68,0.01884777704824529,1,0.012
fixed,7,69,0.01499076490931045,1,0.012
fixed,7,70,0.01499076490931045,1,0.012
fixed,7,71,0.01499076490931045,1,0.012
fixed,7,72,0.01499076490931045,1,0.012
fixed,7,73,0.01499076490931045,1,0.012
fixed,7,74,0.01499076490931045,1,0.012
fixed,7,75,0.0148305864805282,1,0.012
fixed,7,76,0.0148305864805282,1,0.012
fixed,7,77,0.0148305864805282,1,0.012
fixed,7,78,0.0148305864805282,1,0.012
fixed,7,79,0.0148305864805282,1,0.012
fixed,7,80,0.013047387207436284,1,0.012
fixed,7,81,0.013047387207436284,1,0.012
fixed,7,82,0.013047387207436284,1,0.012
fixed,7,83,0.013047387207436284,1,0.012
fixed,7,84,0.013047387207436284,1,0.012
fixed,7,85,0.013047387207436284,1,0.012
fixed,7,86,0.013047387207436284,1,0.012
fixed,7,87,0.013047387207436284,1,0.012
fixed,7,88,0.013047387207436284,1,0.012
fixed,7,89,0.013047387207436284,1,0.012
fixed,7,90,0.009431630723596223,0,0.012
fixed,7,91,0.009431630723596223,0,0.012
fixed,7,92,0.009431630723596223,0,0.012
fixed,7,93,0.009431630723596223,0,0.012
fixed,7,94,0.009431630723596223,0,0.012
fixed,7,95,0.009431630723596223,0,0.012
fixed,7,96,0.009431630723596223,0,0.012
fixed,7,97,0.009431630723596223,0,0.012
fixed,7,98,0.009431630723596223,0,0.012
fixed,7,99,0.009431630723596223,0,0.012
fixed,7,100,0.009431630723596223,0,0.012
fixed,7,101,0.008937431333808617,0,0.012
fixed,7,102,0.008937431333808617,0,0.012
fixed,7,103,0.008937431333808617,0,0.012
fixed,7,104,0.008937431333808617,0,0.012
fixed,7,105,0.008937431333808617,0,0.012
fixed,7,106,0.008937431333808617,0,0.012
fixed,7,107,0.008937431333808617,0,0.012
fixed,7,108,0.008937431333808617,0,0.012
fixed,7,109,0.008937431333808617,0,0.012
fixed,7,110,0.008937431333808617,0,0.012
fixed,7,111,0.010666318795333779,0,0.012
fixed,7,112,0.010666318795333779,0,0.012
fixed,7,113,0.010666318795333779,0,0.012
fixed,7,114,0.010666318795333779,0,0.012
fixed,7,115,0.010914628576467576,0,0.012
fixed,7,116,0.010914628576467576,0,0.012
fixed,7,117,0.00959742484584139,0,0.012
fixed,7,118,0.009460904437806847,0,0.012
fixed,7,119,0.009460904437806847,0,0.012
fixed,7,120,0.011166111108535909,0,0.012
fixed,7,121,0.011166111108535909,0,0.012
fixed,7,122,0.011166111108535909,0,0.012
fixed,7,123,0.011166111108535909,0,0.012
fixed,7,124,0.011386704655713955,0,0.012
fixed,7,125,0.011386704655713955,0,0.012
fixed,7,126,0.011386704655713955,0,0.012
fixed,7,127,0.011386704655713955,0,0.012
fixed,7,128,0.011975324429487235,0,0.012
fixed,7,129,0.011975324429487235,0,0.012
fixed,7,130,0.011975324429487235,0,0.012
fixed,7,131,0.011975324429487235,0,0.012
fixed,7,132,0.011975324429487235,0,0.012
fixed,7,133,0.011975324429487235,0,0.012
fixed,7,134,0.01392720081531132,1,0.012
fixed,7,135,0.01392720081531132,1,0.012
fixed,7,136,0.01392720081531132,1,0.012
fixed,7,137,0.01392720081531132,1,0.012
fixed,7,138,0.01392720081531132,1,0.012
fixed,7,139,0.01392720081531132,1,0.012
fixed,7,140,0.01392720081531132,1,0.012
fixed,7,141,0.01392720081531132,1,0.012
fixed,7,142,0.01392720081531132,1,0.012
fixed,7,143,0.01392720081531132,1,0.012
fixed,7,144,0.01392720081531132,1,0.012
fixed,7,145,0.014300699591485508,1,0.012
fixed,7,146,0.014300699591485508,1,0.012
fixed,7,147,0.014702576172054829,1,0.012
fixed,7,148,0.014702576172054829,1,0.012
fixed,7,149,0.014702576172054829,1,0.012
fixed,7,150,0.014702576172054829,1,0.012
fixed,7,151,0.014887896657072382,1,0.012
fixed,7,152,0.014887896657072382,1,0.012
fixed,7,153,0.014887896657072382,1,0.012
fixed,7,154,0.014887896657072382,1,0.012
fixed,7,155,0.014887896657072382,1,0.012
fixed,7,156,0.014887896657072382,1,0.012
fixed,7,157,0.014887896657072382,1,0.012
fixed,7,158,0.014887896657072382,1,0.012
fixed,7,159,0.014887896657072382,1,0.012
fixed,7,160,0.014887896657072382,1,0.012
fixed,7,161,0.014887896657072382,1,0.012
fixed,7,162,0.014887896657072382,1,0.012
fixed,7,163,0.014633764186213894,1,0.012
fixed,7,164,0.014633764186213894,1,0.012
fixed,7,165,0.014633764186213894,1,0.012
fixed,7,166,0.014633764186213894,1,0.012
fixed,7,167,0.014633764186213894,1,0.012
fixed,7,168,0.014633764186213894,1,0.012
fixed,7,169,0.014633764186213894,1,0.012
fixed,7,170,0.014633764186213894,1,0.012
fixed,7,171,0.014633764186213894,1,0.012
fixed,7,172,0.014633764186213894,1,0.012
fixed,7,173,0.014633764186213894,1,0.012
fixed,7,174,0.014633764186213894,1,0.012
fixed,7,175,0.014633764186213894,1,0.012
fixed,7,176,0.014633764186213894,1,0.012
fixed,7,177,0.014633764186213894,1,0.012
fixed,7,178,0.014633764186213894,1,0.012
fixed,7,179,0.014633764186213894,1,0.012
fixed,7,180,0.014633764186213894,1,0.012
fixed,7,181,0.014633764186213894,1,0.012
fixed,7,182,0.014633764186213894,1,0.012
fixed,7,183,0.014633764186213894,1,0.012
fixed,7,184,0.014633764186213894,1,0.012
fixed,7,185,0.014633764186213894,1,0.012
fixed,7,186,0.01356654973717339,1,0.012
fixed,7,187,0.01356654973717339,1,0.012
fixed,7,188,0.01356654973717339,1,0.012
fixed,7,189,0.01356654973717339,1,0.012
fixed,7,190,0.01356654973717339,1,0.012
fixed,7,191,0.01356654973717339,1,0.012
fixed,7,192,0.01356654973717339,1,0.012
fixed,7,193,0.01356654973717339,1,0.012
fixed,7,194,0.01356654973717339,1,0.012
fixed,7,195,0.01356654973717339,1,0.012
fixed,7,196,0.01356654973717339,1,0.012
fixed,7,197,0.013501919779712953,1,0.012
fixed,7,198,0.013501919779712953,1,0.012
fixed,7,199,0.012685791145341843,1,0.012
fixed,7,200,0.012685791145341843,1,0.012
fixed,7,201,0.014323698354297795,1,0.012
fixed,7,202,0.014323698354297795,1,0.012
fixed,7,203,0.013322249234909133,1,0.012
fixed,7,204,0.013635770270883094,1,0.012
fixed,7,205,0.013635770270883094,1,0.012
fixed,7,206,0.013635770270883094,1,0.012
fixed,7,207,0.013635770270883094,1,0.012
fixed,7,208,0.013635770270883094,1,0.012
fixed,7,209,0.013635770270883094,1,0.012
fixed,7,210,0.013635770270883094,1,0.012
fixed,7,211,0.013635770270883094,1,0.012
fixed,7,212,0.013635770270883094,1,0.012
fixed,7,213,0.013635770270883094,1,0.012
fixed,7,214,0.013635770270883094,1,0.012
fixed,7,215,0.013635770270883094,1,0.012
fixed,7,216,0.013635770270883094,1,0.012
fixed,7,217,0.013635770270883094,1,0.012
fixed,7,218,0.013635770270883094,1,0.012
fixed,7,219,0.013635770270883094,1,0.012
fixed,7,220,0.013635770270883094,1,0.012
fixed,7,221,0.013635770270883094,1,0.012
fixed,7,222,0.013635770270883094,1,0.012
fixed,7,223,0.013635770270883094,1,0.012
fixed,7,224,0.013635770270883094,1,0.012
fixed,7,225,0.013635770270883094,1,0.012
fixed,7,226,0.013635770270883094,1,0.012
fixed,7,227,0.013635770270883094,1,0.012
fixed,7,228,0.013635770270883094,1,0.012
fixed,7,229,0.013635770270883094,1,0.012
fixed,7,230,0.013635770270883094,1,0.012
fixed,7,231,0.013635770270883094,1,0.012
fixed,7,232,0.013635770270883094,1,0.012
fixed,7,233,0.013635770270883094,1,0.012
fixed,7,234,0.013635770270883094,1,0.012
fixed,7,235,0.013635770270883094,1,0.012
fixed,7,236,0.013635770270883094,1,0.012
fixed,7,237,0.013635770270883094,1,0.012
fixed,7,238,0.013635770270883094,1,0.012
fixed,7,239,0.013635770270883094,1,0.012
fixed,7,240,0.013635770270883094,1,0.012
fixed,7,241,0.013635770270883094,1,0.012
fixed,7,242,0.013635770270883094,1,0.012
fixed,7,243,0.013635770270883094,1,0.012
fixed,7,244,0.013635770270883094,1,0.012
fixed,7,245,0.012905637607444405,1,0.012
fixed,7,246,0.012905637607444405,1,0.012
fixed,7,247,0.012905637607444405,1,0.012
fixed,7,248,0.012905637607444405,1,0.012
fixed,7,249,0.012905637607444405,1,0.012
fixed,7,250,0.012905637607444405,1,0.012
fixed,7,251,0.012905637607444405,1,0.012
fixed,7,252,0.012905637607444405,1,0.012
fixed,7,253,0.009607665148382264,0,0.012
fixed,7,254,0.008212606601717737,0,0.012
fixed,7,255,0.008212606601717737,0,0.012
fixed,7,256,0.005945391589757414,0,0.012
fixed,7,257,0.005945391589757414,0,0.012
fixed,7,258,0.005945391589757414,0,0.012
fixed,7,259,0.005945391589757414,0,0.012
fixed,7,260,0.008107671333422233,0,0.012
fixed,7,261,0.008107671333422233,0,0.012
fixed,7,262,0.008107671333422233,0,0.012
fixed,7,263,0.008107671333422233,0,0.012
fixed,7,264,0.00818996888173906,0,0.012
fixed,7,265,0.008288633994177239,0,0.012
fixed,7,266,0.008288633994177239,0,0.012
fixed,13,52,0.03246031155278769,1,0.012
fixed,13,53,0.03246031155278769,1,0.012
fixed,13,54,0.03246031155278769,1,0.012
fixed,13,55,0.03246031155278769,1,0.012
fixed,13,56,0.03246031155278769,1,0.012
fixed,13,57,0.03246031155278769,1,0.012
fixed,13,58,0.03246031155278769,1,0.012
fixed,13,59,0.03246031155278769,1,0.012
fixed,13,60,0.03246031155278769,1,0.012
fixed,13,61,0.03246031155278769,1,0.012
fixed,13,62,0.03246031155278769,1,0.012
fixed,13,63,0.03246031155278769,1,0.012
fixed,13,64,0.03246031155278769,1,0.012
fixed,13,65,0.03246031155278769,1,0.012
fixed,13,66,0.028371819502816923,1,0.012
fixed,13,67,0.028371819502816923,1,0.012
fixed,13,68,0.02106601407496239,1,0.012
fixed,13,69,0.01319142343048627,1,0.012
fixed,13,70,0.01319142343048627,1,0.012
fixed,13,71,0.01319142343048627,1,0.012
fixed,13,72,0.01319142343048627,1,0.012
fixed,13,73,0.01319142343048627,1,0.012
fixed,13,74,0.01319142343048627,1,0.012
fixed,13,75,0.01319142343048627,1,0.012
fixed,13,76,0.01319142343048627,1,0.012
fixed,13,77,0.01319142343048627,1,0.012
fixed,13,78,0.01319142343048627,1,0.012
fixed,13,79,0.01319142343048627,1,0.012
fixed,13,80,0.013082959655323434,1,0.012
fixed,13,81,0.013082959655323434,1,0.012
fixed,13,82,0.013082959655323434,1,0.012
fixed,13,83,0.013082959655323434,1,0.012
fixed,13,84,0.013082959655323434,1,0.012
fixed,13,85,0.013082959655323434,1,0.012
fixed,13,86,0.013082959655323434,1,0.012
fixed,13,87,0.013082959655323434,1,0.012
fixed,13,88,0.013082959655323434,1,0.012
fixed,13,89,0.013082959655323434,1,0.012
fixed,13,90,0.009872451827043986,0,0.012
fixed,13,91,0.009872451827043986,0,0.012
fixed,13,92,0.009872451827043986,0,0.012
fixed,13,93,0.009872451827043986,0,0.012
fixed,13,94,0.009872451827043986,0,0.012
fixed,13,95,0.009872451827043986,0,0.012
fixed,13,96,0.009872451827043986,0,0.012
fixed,13,97,0.009872451827043986,0,0.012
fixed,13,98,0.009872451827043986,0,0.012
fixed,13,99,0.009872451827043986,0,0.012
fixed,13,100,0.009872451827043986,0,0.012
fixed,13,101,0.00850998057800612,0,0.012
fixed,13,102,0.00850998057800612,0,0.012
fixed,13,103,0.00850998057800612,0,0.012
fixed,13,104,0.00850998057800612,0,0.012
fixed,13,105,0.00878997418251736,0,0.012
fixed,13,106,0.00878997418251736,0,0.012
fixed,13,107,0.00878997418251736,0,0.012
fixed,13,108,0.00878997418251736,0,0.012
fixed,13,109,0.00878997418251736,0,0.012
fixed,13,110,0.00878997418251736,0,0.012
fixed,13,111,0.011014836820783025,0,0.012
fixed,13,112,0.011014836820783025,0,0.012
fixed,13,113,0.011561098479906726,0,0.012
fixed,13,114,0.011561098479906726,0,0.012
fixed,13,115,0.011561098479906726,0,0.012
fixed,13,116,0.011561098479906726,0,0.012
fixed,13,117,0.010817323949650055,0,0.012
fixed,13,118,0.010817323949650055,0,0.012
fixed,13,119,0.010817323949650055,0,0.012
fixed,13,120,0.012323182010737942,1,0.012
fixed,13,121,0.012323182010737942,1,0.012
fixed,13,122,0.012323182010737942,1,0.012
fixed,13,123,0.012323182010737942,1,0.012
fixed,13,124,0.012323182010737942,1,0.012
fixed,13,125,0.012323182010737942,1,0.012
fixed,13,126,0.012323182010737942,1,0.012
fixed,13,127,0.012323182010737942,1,0.012
fixed,13,128,0.012323182010737942,1,0.012
fixed,13,129,0.012323182010737942,1,0.012
fixed,13,130,0.012323182010737942,1,0.012
fixed,13,131,0.012323182010737942,1,0.012
fixed,13,132,0.012323182010737942,1,0.012
fixed,13,133,0.012323182010737942,1,0.012
fixed,13,134,0.015284105862620904,1,0.012
fixed,13,135,0.015284105862620904,1,0.012
fixed,13,136,0.015284105862620904,1,0.012
fixed,13,137,0.015284105862620904,1,0.012
fixed,13,138,0.015284105862620904,1,0.012
fixed,13,139,0.015284105862620904,1,0.012
fixed,13,140,0.015284105862620904,1,0.012
fixed,13,141,0.015284105862620904,1,0.012
fixed,13,142,0.015284105862620904,1,0.012
fixed,13,143,0.015284105862620904,1,0.012
fixed,13,144,0.015284105862620904,1,0.012
fixed,13,145,0.015654222160971065,1,0.012
fixed,13,146,0.015654222160971065,1,0.012
fixed,13,147,0.01636324346130186,1,0.012
fixed,13,148,0.01636324346130186,1,0.012
fixed,13,149,0.01636324346130186,1,0.012
fixed,13,150,0.01636324346130186,1,0.012
fixed,13,151,0.01636324346130186,1,0.012
fixed,13,152,0.01636324346130186,1,0.012
fixed,13,153,0.01636324346130186,1,0.012
fixed,13,154,0.01636324346130186,1,0.012
fixed,13,155,0.01636324346130186,1,0.012
fixed,13,156,0.01636324346130186,1,0.012
fixed,13,157,0.01636324346130186,1,0.012
fixed,13,158,0.01636324346130186,1,0.012
fixed,13,159,0.01636324346130186,1,0.012
fixed,13,160,0.01636324346130186,1,0.012
fixed,13,161,0.01636324346130186,1,0.012
fixed,13,162,0.01636324346130186,1,0.012
fixed,13,163,0.016253458796057354,1,0.012
fixed,13,164,0.016253458796057354,1,0.012
fixed,13,165,0.016253458796057354,1,0.012
fixed,13,166,0.016253458796057354,1,0.012
fixed,13,167,0.016253458796057354,1,0.012
fixed,13,168,0.016253458796057354,1,0.012
fixed,13,169,0.016253458796057354,1,0.012
fixed,13,170,0.016253458796057354,1,0.012
fixed,13,171,0.016253458796057354,1,0.012
fixed,13,172,0.016253458796057354,1,0.012
fixed,13,173,0.016253458796057354,1,0.012
fixed,13,174,0.016253458796057354,1,0.012
fixed,13,175,0.016253458796057354,1,0.012
fixed,13,176,0.016253458796057354,1,0.012
fixed,13,177,0.016253458796057354,1,0.012
fixed,13,178,0.016253458796057354,1,0.012
fixed,13,179,0.016253458796057354,1,0.012
fixed,13,180,0.016253458796057354,1,0.012
fixed,13,181,0.016253458796057354,1,0.012
fixed,13,182,0.016253458796057354,1,0.012
fixed,13,183,0.016253458796057354,1,0.012
fixed,13,184,0.016253458796057354,1,0.012
fixed,13,185,0.016253458796057354,1,0.012
fixed,13,186,0.01462224764448874,1,0.012
fixed,13,187,0.01462224764448874,1,0.012
fixed,13,188,0.01462224764448874,1,0.012
fixed,13,189,0.01462224764448874,1,0.012
fixed,13,190,0.01462224764448874,1,0.012
fixed,13,191,0.01462224764448874,1,0.012
fixed,13,192,0.01462224764448874,1,0.012
fixed,13,193,0.01462224764448874,1,0.012
fixed,13,194,0.01462224764448874,1,0.012
fixed,13,195,0.01462224764448874,1,0.012
fixed,13,196,0.01462224764448874,1,0.012
fixed,13,197,0.014306548011943171,1,0.012
fixed,13,198,0.014306548011943171,1,0.012
fixed,13,199,0.012845113480023101,1,0.012
fixed,13,200,0.012845113480023101,1,0.012
fixed,13,201,0.014146526507085491,1,0.012
fixed,13,202,0.014146526507085491,1,0.012
fixed,13,203,0.01304176654514124,1,0.012
fixed,13,204,0.013621252370328718,1,0.012
fixed,13,205,0.013621252370328718,1,0.012
fixed,13,206,0.013621252370328718,1,0.012
fixed,13,207,0.013621252370328718,1,0.012
fixed,13,208,0.013621252370328718,1,0.012
fixed,13,209,0.013621252370328718,1,0.012
fixed,13,210,0.013621252370328718,1,0.012
fixed,13,211,0.013621252370328718,1,0.012
fixed,13,212,0.013621252370328718,1,0.012
fixed,13,213,0.013621252370328718,1,0.012
fixed,13,214,0.013621252370328718,1,0.012
fixed,13,215,0.013621252370328718,1,0.012
fixed,13,216,0.013621252370328718,1,0.012
fixed,13,217,0.013621252370328718,1,0.012
fixed,13,218,0.013621252370328718,1,0.012
fixed,13,219,0.013621252370328718,1,0.012
fixed,13,220,0.013621252370328718,1,0.012
fixed,13,221,0.013621252370328718,1,0.012
fixed,13,222,0.013621252370328718,1,0.012
fixed,13,223,0.013621252370328718,1,0.012
fixed,13,224,0.013621252370328718,1,0.012
fixed,13,225,0.013621252370328718,1,0.012
fixed,13,226,0.013621252370328718,1,0.012
fixed,13,227,0.013621252370328718,1,0.012
fixed,13,228,0.013621252370328718,1,0.012
fixed,13,229,0.013621252370328718,1,0.012
fixed,13,230,0.013621252370328718,1,0.012
fixed,13,231,0.013621252370328718,1,0.012
fixed,13,232,0.013621252370328718,1,0.012
fixed,13,233,0.013621252370328718,1,0.012
fixed,13,234,0.013621252370328718,1,0.012
fixed,13,235,0.013621252370328718,1,0.012
fixed,13,236,0.013621252370328718,1,0.012
fixed,13,237,0.013621252370328718,1,0.012
fixed,13,238,0.013621252370328718,1,0.012
fixed,13,239,0.013621252370328718,1,0.012
fixed,13,240,0.013621252370328718,1,0.012
fixed,13,241,0.013621252370328718,1,0.012
fixed,13,242,0.013621252370328718,1,0.012
fixed,13,243,0.013621252370328718,1,0.012
fixed,13,244,0.013621252370328718,1,0.012
fixed,13,245,0.012744322591095973,1,0.012
fixed,13,246,0.012744322591095973,1,0.012
fixed,13,247,0.012744322591095973,1,0.012
fixed,13,248,0.012744322591095973,1,0.012
fixed,13,249,0.012744322591095973,1,0.012
fixed,13,250,0.012744322591095973,1,0.012
fixed,13,251,0.012744322591095973,1,0.012
fixed,13,252,0.01236073396118053,1,0.012
fixed,13,253,0.009711470915192215,0,0.012
fixed,13,254,0.009149958600850161,0,0.012
fixed,13,255,0.009149958600850161,0,0.012
fixed,13,256,0.007161623290688551,0,0.012
fixed,13,257,0.007161623290688551,0,0.012
fixed,13,258,0.007161623290688551,0,0.012
fixed,13,259,0.007161623290688551,0,0.012
fixed,13,260,0.009010180417309685,0,0.012
fixed,13,261,0.009010180417309685,0,0.012
fixed,13,262,0.009010180417309685,0,0.012
fixed,13,263,0.009010180417309685,0,0.012
fixed,13,264,0.009010180417309685,0,0.012
fixed,13,265,0.009010180417309685,0,0.012
fixed,13,266,0.009010180417309685,0,0.012
fixed,23,52,0.021626589294638413,1,0.012
fixed,23,53,0.021626589294638413,1,0.012
fixed,23,54,0.021626589294638413,1,0.012
fixed,23,55,0.021626589294638413,1,0.012
fixed,23,56,0.021626589294638413,1,0.012
fixed,23,57,0.021626589294638413,1,0.012
fixed,23,58,0.021626589294638413,1,0.012
fixed,23,59,0.021626589294638413,1,0.012
fixed,23,60,0.021626589294638413,1,0.012
fixed,23,61,0.021626589294638413,1,0.012
fixed,23,62,0.021626589294638413,1,0.012
fixed,23,63,0.021626589294638413,1,0.012
fixed,23,64,0.021626589294638413,1,0.012
fixed,23,65,0.021626589294638413,1,0.012
fixed,23,66,0.020799579641687826,1,0.012
fixed,23,67,0.020799579641687826,1,0.012
fixed,23,68,0.0177602015775945,1,0.012
fixed,23,69,0.014975669874852243,1,0.012
fixed,23,70,0.014975669874852243,1,0.012
fixed,23,71,0.014975669874852243,1,0.012
fixed,23,72,0.014975669874852243,1,0.012
fixed,23,73,0.014975669874852243,1,0.012
fixed,23,74,0.014975669874852243,1,0.012
fixed,23,75,0.014593972780823262,1,0.012
fixed,23,76,0.014593972780823262,1,0.012
fixed,23,77,0.014593972780823262,1,0.012
fixed,23,78,0.014593972780823262,1,0.012
fixed,23,79,0.014593972780823262,1,0.012
fixed,23,80,0.012523535475922554,1,0.012
fixed,23,81,0.012523535475922554,1,0.012
fixed,23,82,0.012523535475922554,1,0.012
fixed,23,83,0.012523535475922554,1,0.012
fixed,23,84,0.012523535475922554,1,0.012
fixed,23,85,0.012523535475922554,1,0.012
fixed,23,86,0.012523535475922554,1,0.012
fixed,23,87,0.012523535475922554,1,0.012
fixed,23,88,0.012523535475922554,1,0.012
fixed,23,89,0.012523535475922554,1,0.012
fixed,23,90,0.008830777728152639,0,0.012
fixed,23,91,0.008830777728152639,0,0.012
fixed,23,92,0.008830777728152639,0,0.012
fixed,23,93,0.008830777728152639,0,0.012
fixed,23,94,0.008830777728152639,0,0.012
fixed,23,95,0.008830777728152639,0,0.012
fixed,23,96,0.008830777728152639,0,0.012
fixed,23,97,0.008830777728152639,0,0.012
fixed,23,98,0.008830777728152639,0,0.012
fixed,23,99,0.008830777728152639,0,0.012
fixed,23,100,0.008633634066604928,0,0.012
fixed,23,101,0.008633634066604928,0,0.012
fixed,23,102,0.008633634066604928,0,0.012
fixed,23,103,0.008633634066604928,0,0.012
fixed,23,104,0.008633634066604928,0,0.012
fixed,23,105,0.008362014774312105,0,0.012
fixed,23,106,0.008362014774312105,0,0.012
fixed,23,107,0.008362014774312105,0,0.012
fixed,23,108,0.008362014774312105,0,0.012
fixed,23,109,0.008362014774312105,0,0.012
fixed,23,110,0.008362014774312105,0,0.012
fixed,23,111,0.0098033121067529,0,0.012
fixed,23,112,0.0098033121067529,0,0.012
fixed,23,113,0.0098033121067529,0,0.012
fixed,23,114,0.0098033121067529,0,0.012
fixed,23,115,0.01043129858954967,0,0.012
fixed,23,116,0.01043129858954967,0,0.012
fixed,23,117,0.009109990414590019,0,0.012
fixed,23,118,0.009097034831638151,0,0.012
fixed,23,119,0.009097034831638151,0,0.012
fixed,23,120,0.01038663531318937,0,0.012
fixed,23,121,0.01038663531318937,0,0.012
fixed,23,122,0.01038663531318937,0,0.012
fixed,23,123,0.01038663531318937,0,0.012
fixed,23,124,0.01038663531318937,0,0.012
fixed,23,125,0.01038663531318937,0,0.012
fixed,23,126,0.01038663531318937,0,0.012
fixed,23,127,0.01038663531318937,0,0.012
fixed,23,128,0.010723328332845386,0,0.012
fixed,23,129,0.010723328332845386,0,0.012
fixed,23,130,0.010723328332845386,0,0.012
fixed,23,131,0.010723328332845386,0,0.012
fixed,23,132,0.010723328332845386,0,0.012
fixed,23,133,0.010723328332845386,0,0.012
fixed,23,134,0.012385775947010505,1,0.012
fixed,23,135,0.012385775947010505,1,0.012
fixed,23,136,0.012385775947010505,1,0.012
fixed,23,137,0.012385775947010505,1,0.012
fixed,23,138,0.012385775947010505,1,0.012
fixed,23,139,0.012385775947010505,1,0.012
fixed,23,140,0.012385775947010505,1,0.012
fixed,23,141,0.012385775947010505,1,0.012
fixed,23,142,0.012385775947010505,1,0.012
fixed,23,143,0.012385775947010505,1,0.012
fixed,23,144,0.012385775947010505,1,0.012
fixed,23,145,0.01277979640294929,1,0.012
fixed,23,146,0.01277979640294929,1,0.012
fixed,23,147,0.013203163903133126,1,0.012
fixed,23,148,0.013203163903133126,1,0.012
fixed,23,149,0.013203163903133126,1,0.012
fixed,23,150,0.013203163903133126,1,0.012
fixed,23,151,0.013594988923235256,1,0.012
fixed,23,152,0.013594988923235256,1,0.012
fixed,23,153,0.013594988923235256,1,0.012
fixed,23,154,0.013594988923235256,1,0.012
fixed,23,155,0.013594988923235256,1,0.012
fixed,23,156,0.013594988923235256,1,0.012
fixed,23,157,0.013594988923235256,1,0.012
fixed,23,158,0.013594988923235256,1,0.012
fixed,23,159,0.013594988923235256,1,0.012
fixed,23,160,0.013594988923235256,1,0.012
fixed,23,161,0.013594988923235256,1,0.012
fixed,23,162,0.013594988923235256,1,0.012
fixed,23,163,0.013266748397906418,1,0.012
fixed,23,164,0.013266748397906418,1,0.012
fixed,23,165,0.013266748397906418,1,0.012
fixed,23,166,0.013266748397906418,1,0.012
fixed,23,167,0.013266748397906418,1,0.012
fixed,23,168,0.013266748397906418,1,0.012
fixed,23,169,0.013266748397906418,1,0.012
fixed,23,170,0.013266748397906418,1,0.012
fixed,23,171,0.013266748397906418,1,0.012
fixed,23,172,0.013266748397906418,1,0.012
fixed,23,173,0.013266748397906418,1,0.012
fixed,23,174,0.013266748397906418,1,0.012
fixed,23,175,0.013266748397906418,1,0.012
fixed,23,176,0.013266748397906418,1,0.012
fixed,23,177,0.013266748397906418,1,0.012
fixed,23,178,0.013266748397906418,1,0.012
fixed,23,179,0.013266748397906418,1,0.012
fixed,23,180,0.013266748397906418,1,0.012
fixed,23,181,0.013266748397906418,1,0.012
fixed,23,182,0.013266748397906418,1,0.012
fixed,23,183,0.013266748397906418,1,0.012
fixed,23,184,0.013266748397906418,1,0.012
fixed,23,185,0.013266748397906418,1,0.012
fixed,23,186,0.012310286635826657,1,0.012
fixed,23,187,0.012310286635826657,1,0.012
fixed,23,188,0.012310286635826657,1,0.012
fixed,23,189,0.012310286635826657,1,0.012
fixed,23,190,0.012310286635826657,1,0.012
fixed,23,191,0.012310286635826657,1,0.012
fixed,23,192,0.012310286635826657,1,0.012
fixed,23,193,0.012310286635826657,1,0.012
fixed,23,194,0.012310286635826657,1,0.012
fixed,23,195,0.012310286635826657,1,0.012
fixed,23,196,0.012310286635826657,1,0.012
fixed,23,197,0.012301087094107327,1,0.012
fixed,23,198,0.012301087094107327,1,0.012
fixed,23,199,0.011719539856636096,0,0.012
fixed,23,200,0.011719539856636096,0,0.012
fixed,23,201,0.013413367539617319,1,0.012
fixed,23,202,0.013413367539617319,1,0.012
fixed,23,203,0.012439995282043958,1,0.012
fixed,23,204,0.012455066172044628,1,0.012
fixed,23,205,0.012455066172044628,1,0.012
fixed,23,206,0.012455066172044628,1,0.012
fixed,23,207,0.012455066172044628,1,0.012
fixed,23,208,0.012455066172044628,1,0.012
fixed,23,209,0.012455066172044628,1,0.012
fixed,23,210,0.012455066172044628,1,0.012
fixed,23,211,0.012455066172044628,1,0.012
fixed,23,212,0.012455066172044628,1,0.012
fixed,23,213,0.012455066172044628,1,0.012
fixed,23,214,0.012455066172044628,1,0.012
fixed,23,215,0.012455066172044628,1,0.012
fixed,23,216,0.012455066172044628,1,0.012
fixed,23,217,0.012455066172044628,1,0.012
fixed,23,218,0.012455066172044628,1,0.012
fixed,23,219,0.012455066172044628,1,0.012
fixed,23,220,0.012455066172044628,1,0.012
fixed,23,221,0.012455066172044628,1,0.012
fixed,23,222,0.012455066172044628,1,0.012
fixed,23,223,0.012455066172044628,1,0.012
fixed,23,224,0.012455066172044628,1,0.012
fixed,23,225,0.012455066172044628,1,0.012
fixed,23,226,0.012455066172044628,1,0.012
fixed,23,227,0.012455066172044628,1,0.012
fixed,23,228,0.012455066172044628,1,0.012
fixed,23,229,0.012455066172044628,1,0.012
fixed,23,230,0.012455066172044628,1,0.012
fixed,23,231,0.012455066172044628,1,0.012
fixed,23,232,0.012455066172044628,1,0.012
fixed,23,233,0.012455066172044628,1,0.012
fixed,23,234,0.012455066172044628,1,0.012
fixed,23,235,0.012455066172044628,1,0.012
fixed,23,236,0.012455066172044628,1,0.012
fixed,23,237,0.012455066172044628,1,0.012
fixed,23,238,0.012455066172044628,1,0.012
fixed,23,239,0.012455066172044628,1,0.012
fixed,23,240,0.012455066172044628,1,0.012
fixed,23,241,0.012455066172044628,1,0.012
fixed,23,242,0.012455066172044628,1,0.012
fixed,23,243,0.012455066172044628,1,0.012
fixed,23,244,0.012455066172044628,1,0.012
fixed,23,245,0.012061149075955966,1,0.012
fixed,23,246,0.012061149075955966,1,0.012
fixed,23,247,0.012061149075955966,1,0.012
fixed,23,248,0.012061149075955966,1,0.012
fixed,23,249,0.012061149075955966,1,0.012
fixed,23,250,0.012061149075955966,1,0.012
fixed,23,251,0.012061149075955966,1,0.012
fixed,23,252,0.012061149075955966,1,0.012
fixed,23,253,0.008596894702516969,0,0.012
fixed,23,254,0.006920588248730516,0,0.012
fixed,23,255,0.006920588248730516,0,0.012
fixed,23,256,0.004719843758282252,0,0.012
fixed,23,257,0.004719843758282252,0,0.012
fixed,23,258,0.0048649220831276235,0,0.012
fixed,23,259,0.0048649220831276235,0,0.012
fixed,23,260,0.006890299055243756,0,0.012
fixed,23,261,0.006890299055243756,0,0.012
fixed,23,262,0.006890299055243756,0,0.012
fixed,23,263,0.006890299055243756,0,0.012
fixed,23,264,0.006967477563335018,0,0.012
fixed,23,265,0.007121658082656347,0,0.012
fixed,23,266,0.007121658082656347,0,0.012
fixed,42,52,0.03004088121004897,1,0.012
fixed,42,53,0.03004088121004897,1,0.012
fixed,42,54,0.03004088121004897,1,0.012
fixed,42,55,0.03004088121004897,1,0.012
fixed,42,56,0.03004088121004897,1,0.012
fixed,42,57,0.03004088121004897,1,0.012
fixed,42,58,0.03004088121004897,1,0.012
fixed,42,59,0.03004088121004897,1,0.012
fixed,42,60,0.03004088121004897,1,0.012
fixed,42,61,0.03004088121004897,1,0.012
fixed,42,62,0.03004088121004897,1,0.012
fixed,42,63,0.03004088121004897,1,0.012
fixed,42,64,0.03004088121004897,1,0.012
fixed,42,65,0.03004088121004897,1,0.012
fixed,42,66,0.02669850425847013,1,0.012
fixed,42,67,0.02669850425847013,1,0.012
fixed,42,68,0.019681401992925545,1,0.012
fixed,42,69,0.012963257119757548,1,0.012
fixed,42,70,0.012963257119757548,1,0.012
fixed,42,71,0.012963257119757548,1,0.012
fixed,42,72,0.012963257119757548,1,0.012
fixed,42,73,0.012963257119757548,1,0.012
fixed,42,74,0.012963257119757548,1,0.012
fixed,42,75,0.012909520243796815,1,0.012
fixed,42,76,0.012909520243796815,1,0.012
fixed,42,77,0.012909520243796815,1,0.012
fixed,42,78,0.012909520243796815,1,0.012
fixed,42,79,0.012909520243796815,1,0.012
fixed,42,80,0.012440592634534857,1,0.012
fixed,42,81,0.012440592634534857,1,0.012
fixed,42,82,0.012440592634534857,1,0.012
fixed,42,83,0.012440592634534857,1,0.012
fixed,42,84,0.012440592634534857,1,0.012
fixed,42,85,0.012440592634534857,1,0.012
fixed,42,86,0.012440592634534857,1,0.012
fixed,42,87,0.012440592634534857,1,0.012
fixed,42,88,0.012440592634534857,1,0.012
fixed,42,89,0.012440592634534857,1,0.012
fixed,42,90,0.009061328685120324,0,0.012
fixed,42,91,0.009061328685120324,0,0.012
fixed,42,92,0.009061328685120324,0,0.012
fixed,42,93,0.009061328685120324,0,0.012
fixed,42,94,0.009061328685120324,0,0.012
fixed,42,95,0.009061328685120324,0,0.012
fixed,42,96,0.009061328685120324,0,0.012
fixed,42,97,0.009061328685120324,0,0.012
fixed,42,98,0.009061328685120324,0,0.012
fixed,42,99,0.009061328685120324,0,0.012
fixed,42,100,0.009061328685120324,0,0.012
fixed,42,101,0.008102989457006243,0,0.012
fixed,42,102,0.008102989457006243,0,0.012
fixed,42,103,0.008102989457006243,0,0.012
fixed,42,104,0.008102989457006243,0,0.012
fixed,42,105,0.008116348954583628,0,0.012
fixed,42,106,0.008116348954583628,0,0.012
fixed,42,107,0.008116348954583628,0,0.012
fixed,42,108,0.008116348954583628,0,0.012
fixed,42,109,0.008116348954583628,0,0.012
fixed,42,110,0.008116348954583628,0,0.012
fixed,42,111,0.010400493497692712,0,0.012
fixed,42,112,0.010400493497692712,0,0.012
fixed,42,113,0.010844904896589777,0,0.012
fixed,42,114,0.010844904896589777,0,0.012
fixed,42,115,0.010844904896589777,0,0.012
fixed,42,116,0.010844904896589777,0,0.012
fixed,42,117,0.010004761780329005,0,0.012
fixed,42,118,0.010004761780329005,0,0.012
fixed,42,119,0.010004761780329005,0,0.012
fixed,42,120,0.011572969002564869,0,0.012
fixed,42,121,0.011572969002564869,0,0.012
fixed,42,122,0.011572969002564869,0,0.012
fixed,42,123,0.011572969002564869,0,0.012
fixed,42,124,0.011572969002564869,0,0.012
fixed,42,125,0.011572969002564869,0,0.012
fixed,42,126,0.011572969002564869,0,0.012
fixed,42,127,0.011572969002564869,0,0.012
fixed,42,128,0.011696657827306473,0,0.012
fixed,42,129,0.011696657827306473,0,0.012
fixed,42,130,0.011696657827306473,0,0.012
fixed,42,131,0.011696657827306473,0,0.012
fixed,42,132,0.011696657827306473,0,0.012
fixed,42,133,0.011696657827306473,0,0.012
fixed,42,134,0.014426598947682959,1,0.012
fixed,42,135,0.014426598947682959,1,0.012
fixed,42,136,0.014426598947682959,1,0.012
fixed,42,137,0.014426598947682959,1,0.012
fixed,42,138,0.014426598947682959,1,0.012
fixed,42,139,0.014426598947682959,1,0.012
fixed,42,140,0.014426598947682959,1,0.012
fixed,42,141,0.014426598947682959,1,0.012
fixed,42,142,0.014426598947682959,1,0.012
fixed,42,143,0.014426598947682959,1,0.012
fixed,42,144,0.014426598947682959,1,0.012
fixed,42,145,0.01479872606399552,1,0.012
fixed,42,146,0.01479872606399552,1,0.012
fixed,42,147,0.015413003689988186,1,0.012
fixed,42,148,0.015413003689988186,1,0.012
fixed,42,149,0.015413003689988186,1,0.012
fixed,42,150,0.015413003689988186,1,0.012
fixed,42,151,0.015413003689988186,1,0.012
fixed,42,152,0.015413003689988186,1,0.012
fixed,42,153,0.015413003689988186,1,0.012
fixed,42,154,0.015413003689988186,1,0.012
fixed,42,155,0.015413003689988186,1,0.012
fixed,42,156,0.015413003689988186,1,0.012
fixed,42,157,0.015413003689988186,1,0.012
fixed,42,158,0.015413003689988186,1,0.012
fixed,42,159,0.015413003689988186,1,0.012
fixed,42,160,0.015413003689988186,1,0.012
fixed,42,161,0.015413003689988186,1,0.012
fixed,42,162,0.015413003689988186,1,0.012
fixed,42,163,0.015359590186121161,1,0.012
fixed,42,164,0.015359590186121161,1,0.012
fixed,42,165,0.015359590186121161,1,0.012
fixed,42,166,0.015359590186121161,1,0.012
fixed,42,167,0.015359590186121161,1,0.012
fixed,42,168,0.015359590186121161,1,0.012
fixed,42,169,0.015359590186121161,1,0.012
fixed,42,170,0.015359590186121161,1,0.012
fixed,42,171,0.015359590186121161,1,0.012
fixed,42,172,0.015359590186121161,1,0.012
fixed,42,173,0.015359590186121161,1,0.012
fixed,42,174,0.015359590186121161,1,0.012
fixed,42,175,0.015359590186121161,1,0.012
fixed,42,176,0.015359590186121161,1,0.012
fixed,42,177,0.015359590186121161,1,0.012
fixed,42,178,0.015359590186121161,1,0.012
fixed,42,179,0.015359590186121161,1,0.012
fixed,42,180,0.015359590186121161,1,0.012
fixed,42,181,0.015359590186121161,1,0.012
fixed,42,182,0.015359590186121161,1,0.012
fixed,42,183,0.015359590186121161,1,0.012
fixed,42,184,0.015359590186121161,1,0.012
fixed,42,185,0.015359590186121161,1,0.012
fixed,42,186,0.014001883180654434,1,0.012
fixed,42,187,0.014001883180654434,1,0.012
fixed,42,188,0.014001883180654434,1,0.012
fixed,42,189,0.014001883180654434,1,0.012
fixed,42,190,0.014001883180654434,1,0.012
fixed,42,191,0.014001883180654434,1,0.012
fixed,42,192,0.014001883180654434,1,0.012
fixed,42,193,0.014001883180654434,1,0.012
fixed,42,194,0.014001883180654434,1,0.012
fixed,42,195,0.014001883180654434,1,0.012
fixed,42,196,0.014001883180654434,1,0.012
fixed,42,197,0.013825690009645968,1,0.012
fixed,42,198,0.013825690009645968,1,0.012
fixed,42,199,0.012512911793772943,1,0.012
fixed,42,200,0.012512911793772943,1,0.012
fixed,42,201,0.013970627700050723,1,0.012
fixed,42,202,0.013970627700050723,1,0.012
fixed,42,203,0.012966605958365046,1,0.012
fixed,42,204,0.013453960161649436,1,0.012
fixed,42,205,0.013453960161649436,1,0.012
fixed,42,206,0.013453960161649436,1,0.012
fixed,42,207,0.013453960161649436,1,0.012
fixed,42,208,0.013453960161649436,1,0.012
fixed,42,209,0.013453960161649436,1,0.012
fixed,42,210,0.013453960161649436,1,0.012
fixed,42,211,0.013453960161649436,1,0.012
fixed,42,212,0.013453960161649436,1,0.012
fixed,42,213,0.013453960161649436,1,0.012
fixed,42,214,0.013453960161649436,1,0.012
fixed,42,215,0.013453960161649436,1,0.012
fixed,42,216,0.013453960161649436,1,0.012
fixed,42,217,0.013453960161649436,1,0.012
fixed,42,218,0.013453960161649436,1,0.012
fixed,42,219,0.013453960161649436,1,0.012
fixed,42,220,0.013453960161649436,1,0.012
fixed,42,221,0.013453960161649436,1,0.012
fixed,42,222,0.013453960161649436,1,0.012
fixed,42,223,0.013453960161649436,1,0.012
fixed,42,224,0.013453960161649436,1,0.012
fixed,42,225,0.013453960161649436,1,0.012
fixed,42,226,0.013453960161649436,1,0.012
fixed,42,227,0.013453960161649436,1,0.012
fixed,42,228,0.013453960161649436,1,0.012
fixed,42,229,0.013453960161649436,1,0.012
fixed,42,230,0.013453960161649436,1,0.012
fixed,42,231,0.013453960161649436,1,0.012
fixed,42,232,0.013453960161649436,1,0.012
fixed,42,233,0.013453960161649436,1,0.012
fixed,42,234,0.013453960161649436,1,0.012
fixed,42,235,0.013453960161649436,1,0.012
fixed,42,236,0.013453960161649436,1,0.012
fixed,42,237,0.013453960161649436,1,0.012
fixed,42,238,0.013453960161649436,1,0.012
fixed,42,239,0.013453960161649436,1,0.012
fixed,42,240,0.013453960161649436,1,0.012
fixed,42,241,0.013453960161649436,1,0.012
fixed,42,242,0.013453960161649436,1,0.012
fixed,42,243,0.013453960161649436,1,0.012
fixed,42,244,0.013453960161649436,1,0.012
fixed,42,245,0.012505349437789392,1,0.012
fixed,42,246,0.012505349437789392,1,0.012
fixed,42,247,0.012505349437789392,1,0.012
fixed,42,248,0.012505349437789392,1,0.012
fixed,42,249,0.012505349437789392,1,0.012
fixed,42,250,0.012505349437789392,1,0.012
fixed,42,251,0.012505349437789392,1,0.012
fixed,42,252,0.012299595027662176,1,0.012
fixed,42,253,0.009509474904087429,0,0.012
fixed,42,254,0.008706533110438817,0,0.012
fixed,42,255,0.008706533110438817,0,0.012
fixed,42,256,0.006640206878150443,0,0.012
fixed,42,257,0.006640206878150443,0,0.012
fixed,42,258,0.006640206878150443,0,0.012
fixed,42,259,0.006640206878150443,0,0.012
fixed,42,260,0.008605398301424262,0,0.012
fixed,42,261,0.008605398301424262,0,0.012
fixed,42,262,0.008605398301424262,0,0.012
fixed,42,263,0.008605398301424262,0,0.012
fixed,42,264,0.008605398301424262,0,0.012
fixed,42,265,0.008699112102634623,0,0.012
fixed,42,266,0.008699112102634623,0,0.012
fixed,2025,52,0.03117817970598156,1,0.012
fixed,2025,53,0.03117817970598156,1,0.012
fixed,2025,54,0.03117817970598156,1,0.012
fixed,2025,55,0.03117817970598156,1,0.012
fixed,2025,56,0.03117817970598156,1,0.012
fixed,2025,57,0.03117817970598156,1,0.012
fixed,2025,58,0.03117817970598156,1,0.012
fixed,2025,59,0.03117817970598156,1,0.012
fixed,2025,60,0.03117817970598156,1,0.012
fixed,2025,61,0.03117817970598156,1,0.012
fixed,2025,62,0.03117817970598156,1,0.012
fixed,2025,63,0.03117817970598156,1,0.012
fixed,2025,64,0.03117817970598156,1,0.012
fixed,2025,65,0.03117817970598156,1,0.012
fixed,2025,66,0.028747409388111152,1,0.012
fixed,2025,67,0.028747409388111152,1,0.012
fixed,2025,68,0.020793838765890253,1,0.012
fixed,2025,69,0.013927460821484447,1,0.012
fixed,2025,70,0.013927460821484447,1,0.012
fixed,2025,71,0.013927460821484447,1,0.012
fixed,2025,72,0.013927460821484447,1,0.012
fixed,2025,73,0.013927460821484447,1,0.012
fixed,2025,74,0.013927460821484447,1,0.012
fixed,2025,75,0.01392495865346909,1,0.012
fixed,2025,76,0.01392495865346909,1,0.012
fixed,2025,77,0.01392495865346909,1,0.012
fixed,2025,78,0.01392495865346909,1,0.012
fixed,2025,79,0.01392495865346909,1,0.012
fixed,2025,80,0.0132388377809122,1,0.012
fixed,2025,81,0.0132388377809122,1,0.012
fixed,2025,82,0.0132388377809122,1,0.012
fixed,2025,83,0.0132388377809122,1,0.012
fixed,2025,84,0.0132388377809122,1,0.012
fixed,2025,85,0.0132388377809122,1,0.012
fixed,2025,86,0.0132388377809122,1,0.012
fixed,2025,87,0.0132388377809122,1,0.012
fixed,2025,88,0.0132388377809122,1,0.012
fixed,2025,89,0.0132388377809122,1,0.012
fixed,2025,90,0.009768670624403243,0,0.012
fixed,2025,91,0.009768670624403243,0,0.012
fixed,2025,92,0.009768670624403243,0,0.012
fixed,2025,93,0.009768670624403243,0,0.012
fixed,2025,94,0.009768670624403243,0,0.012
fixed,2025,95,0.009768670624403243,0,0.012
fixed,2025,96,0.009768670624403243,0,0.012
fixed,2025,97,0.009768670624403243,0,0.012
fixed,2025,98,0.009768670624403243,0,0.012
fixed,2025,99,0.009768670624403243,0,0.012
fixed,2025,100,0.009768670624403243,0,0.012
fixed,2025,101,0.008887771505459472,0,0.012
fixed,2025,102,0.008887771505459472,0,0.012
fixed,2025,103,0.008887771505459472,0,0.012
fixed,2025,104,0.008887771505459472,0,0.012
fixed,2025,105,0.008887771505459472,0,0.012
fixed,2025,106,0.008887771505459472,0,0.012
fixed,2025,107,0.008887771505459472,0,0.012
fixed,2025,108,0.008887771505459472,0,0.012
fixed,2025,109,0.008887771505459472,0,0.012
fixed,2025,110,0.008887771505459472,0,0.012
fixed,2025,111,0.011085525757741794,0,0.012
fixed,2025,112,0.011085525757741794,0,0.012
fixed,2025,113,0.011232082855309035,0,0.012
fixed,2025,114,0.011232082855309035,0,0.012
fixed,2025,115,0.011232082855309035,0,0.012
fixed,2025,116,0.011232082855309035,0,0.012
fixed,2025,117,0.010316817193937265,0,0.012
fixed,2025,118,0.010180240206198028,0,0.012
fixed,2025,119,0.010180240206198028,0,0.012
fixed,2025,120,0.011997224855575842,0,0.012
fixed,2025,121,0.011997224855575842,0,0.012
fixed,2025,122,0.011997224855575842,0,0.012
fixed,2025,123,0.011997224855575842,0,0.012
fixed,2025,124,0.012399201467774514,1,0.012
fixed,2025,125,0.012399201467774514,1,0.012
fixed,2025,126,0.012399201467774514,1,0.012
fixed,2025,127,0.012399201467774514,1,0.012
fixed,2025,128,0.012637377323129322,1,0.012
fixed,2025,129,0.012637377323129322,1,0.012
fixed,2025,130,0.012637377323129322,1,0.012
fixed,2025,131,0.012637377323129322,1,0.012
fixed,2025,132,0.012637377323129322,1,0.012
fixed,2025,133,0.012637377323129322,1,0.012
fixed,2025,134,0.015125580421810536,1,0.012
fixed,2025,135,0.015125580421810536,1,0.012
fixed,2025,136,0.015125580421810536,1,0.012
fixed,2025,137,0.015125580421810536,1,0.012
fixed,2025,138,0.015125580421810536,1,0.012
fixed,2025,139,0.015125580421810536,1,0.012
fixed,2025,140,0.015125580421810536,1,0.012
fixed,2025,141,0.015125580421810536,1,0.012
fixed,2025,142,0.015125580421810536,1,0.012
fixed,2025,143,0.015125580421810536,1,0.012
fixed,2025,144,0.015125580421810536,1,0.012
fixed,2025,145,0.015495789773254014,1,0.012
fixed,2025,146,0.015495789773254014,1,0.012
fixed,2025,147,0.016027312021391932,1,0.012
fixed,2025,148,0.016027312021391932,1,0.012
fixed,2025,149,0.016027312021391932,1,0.012
fixed,2025,150,0.016027312021391932,1,0.012
fixed,2025,151,0.016027312021391932,1,0.012
fixed,2025,152,0.016027312021391932,1,0.012
fixed,2025,153,0.016027312021391932,1,0.012
fixed,2025,154,0.016027312021391932,1,0.012
fixed,2025,155,0.016027312021391932,1,0.012
fixed,2025,156,0.016027312021391932,1,0.012
fixed,2025,157,0.016027312021391932,1,0.012
fixed,2025,158,0.016027312021391932,1,0.012
fixed,2025,159,0.016027312021391932,1,0.012
fixed,2025,160,0.016027312021391932,1,0.012
fixed,2025,161,0.016027312021391932,1,0.012
fixed,2025,162,0.016027312021391932,1,0.012
fixed,2025,163,0.015951689476140223,1,0.012
fixed,2025,164,0.015951689476140223,1,0.012
fixed,2025,165,0.015951689476140223,1,0.012
fixed,2025,166,0.015951689476140223,1,0.012
fixed,2025,167,0.015951689476140223,1,0.012
fixed,2025,168,0.015951689476140223,1,0.012
fixed,2025,169,0.015951689476140223,1,0.012
fixed,2025,170,0.015951689476140223,1,0.012
fixed,2025,171,0.015951689476140223,1,0.012
fixed,2025,172,0.015951689476140223,1,0.012
fixed,2025,173,0.015951689476140223,1,0.012
fixed,2025,174,0.015951689476140223,1,0.012
fixed,2025,175,0.015951689476140223,1,0.012
fixed,2025,176,0.015951689476140223,1,0.012
fixed,2025,177,0.015951689476140223,1,0.012
fixed,2025,178,0.015951689476140223,1,0.012
fixed,2025,179,0.015951689476140223,1,0.012
fixed,2025,180,0.015951689476140223,1,0.012
fixed,2025,181,0.015951689476140223,1,0.012
fixed,2025,182,0.015951689476140223,1,0.012
fixed,2025,183,0.015951689476140223,1,0.012
fixed,2025,184,0.015951689476140223,1,0.012
fixed,2025,185,0.015951689476140223,1,0.012
fixed,2025,186,0.01472739382542035,1,0.012
fixed,2025,187,0.01472739382542035,1,0.012
fixed,2025,188,0.01472739382542035,1,0.012
fixed,2025,189,0.01472739382542035,1,0.012
fixed,2025,190,0.01472739382542035,1,0.012
fixed,2025,191,0.01472739382542035,1,0.012
fixed,2025,192,0.01472739382542035,1,0.012
fixed,2025,193,0.01472739382542035,1,0.012
fixed,2025,194,0.01472739382542035,1,0.012
fixed,2025,195,0.01472739382542035,1,0.012
fixed,2025,196,0.01472739382542035,1,0.012
fixed,2025,197,0.014456623994969388,1,0.012
fixed,2025,198,0.014456623994969388,1,0.012
fixed,2025,199,0.01312391160730686,1,0.012
fixed,2025,200,0.01312391160730686,1,0.012
fixed,2025,201,0.014753087235891277,1,0.012
fixed,2025,202,0.014753087235891277,1,0.012
fixed,2025,203,0.013630879716703735,1,0.012
fixed,2025,204,0.014091316889005868,1,0.012
fixed,2025,205,0.014091316889005868,1,0.012
fixed,2025,206,0.014091316889005868,1,0.012
fixed,2025,207,0.014091316889005868,1,0.012
fixed,2025,208,0.014091316889005868,1,0.012
fixed,2025,209,0.014091316889005868,1,0.012
fixed,2025,210,0.014091316889005868,1,0.012
fixed,2025,211,0.014091316889005868,1,0.012
fixed,2025,212,0.014091316889005868,1,0.012
fixed,2025,213,0.014091316889005868,1,0.012
fixed,2025,214,0.014091316889005868,1,0.012
fixed,2025,215,0.014091316889005868,1,0.012
fixed,2025,216,0.014091316889005868,1,0.012
fixed,2025,217,0.014091316889005868,1,0.012
fixed,2025,218,0.014091316889005868,1,0.012
fixed,2025,219,0.014091316889005868,1,0.012
fixed,2025,220,0.014091316889005868,1,0.012
fixed,2025,221,0.014091316889005868,1,0.012
fixed,2025,222,0.014091316889005868,1,0.012
fixed,2025,223,0.014091316889005868,1,0.012
fixed,2025,224,0.014091316889005868,1,0.012
fixed,2025,225,0.014091316889005868,1,0.012
fixed,2025,226,0.014091316889005868,1,0.012
fixed,2025,227,0.014091316889005868,1,0.012
fixed,2025,228,0.014091316889005868,1,0.012
fixed,2025,229,0.014091316889005868,1,0.012
fixed,2025,230,0.014091316889005868,1,0.012
fixed,2025,231,0.014091316889005868,1,0.012
fixed,2025,232,0.014091316889005868,1,0.012
fixed,2025,233,0.014091316889005868,1,0.012
fixed,2025,234,0.014091316889005868,1,0.012
fixed,2025,235,0.014091316889005868,1,0.012
fixed,2025,236,0.014091316889005868,1,0.012
fixed,2025,237,0.014091316889005868,1,0.012
fixed,2025,238,0.014091316889005868,1,0.012
fixed,2025,239,0.014091316889005868,1,0.012
fixed,2025,240,0.014091316889005868,1,0.012
fixed,2025,241,0.014091316889005868,1,0.012
fixed,2025,242,0.014091316889005868,1,0.012
fixed,2025,243,0.014091316889005868,1,0.012
fixed,2025,244,0.014091316889005868,1,0.012
fixed,2025,245,0.013103486819082348,1,0.012
fixed,2025,246,0.013103486819082348,1,0.012
fixed,2025,247,0.013060529925434564,1,0.012
fixed,2025,248,0.013060529925434564,1,0.012
fixed,2025,249,0.013060529925434564,1,0.012
fixed,2025,250,0.013060529925434564,1,0.012
fixed,2025,251,0.013060529925434564,1,0.012
fixed,2025,252,0.013060529925434564,1,0.012
fixed,2025,253,0.009953081184676166,0,0.012
fixed,2025,254,0.008957825538273475,0,0.012
fixed,2025,255,0.008957825538273475,0,0.012
fixed,2025,256,0.006863038802803772,0,0.012
fixed,2025,257,0.006863038802803772,0,0.012
fixed,2025,258,0.006863038802803772,0,0.012
fixed,2025,259,0.006863038802803772,0,0.012
fixed,2025,260,0.009060471834114639,0,0.012
fixed,2025,261,0.009060471834114639,0,0.012
fixed,2025,262,0.009060471834114639,0,0.012
fixed,2025,263,0.009060471834114639,0,0.012
fixed,2025,264,0.009060471834114639,0,0.012
fixed,2025,265,0.009178928830050885,0,0.012
fixed,2025,266,0.009178928830050885,0,0.012
unconstrained,7,52,0.058385930274528576,1,0.012
unconstrained,7,53,0.058385930274528576,1,0.012
unconstrained,7,54,0.058385930274528576,1,0.012
unconstrained,7,55,0.058385930274528576,1,0.012
unconstrained,7,56,0.058385930274528576,1,0.012
unconstrained,7,57,0.058385930274528576,1,0.012
unconstrained,7,58,0.058385930274528576,1,0.012
unconstrained,7,59,0.058385930274528576,1,0.012
unconstrained,7,60,0.058385930274528576,1,0.012
unconstrained,7,61,0.058385930274528576,1,0.012
unconstrained,7,62,0.058385930274528576,1,0.012
unconstrained,7,63,0.058385930274528576,1,0.012
unconstrained,7,64,0.058385930274528576,1,0.012
unconstrained,7,65,0.058385930274528576,1,0.012
unconstrained,7,66,0.052801401600164534,1,0.012
unconstrained,7,67,0.052801401600164534,1,0.012
unconstrained,7,68,0.034110685064725345,1,0.012
unconstrained,7,69,0.017708408749136845,1,0.012
unconstrained,7,70,0.017708408749136845,1,0.012
unconstrained,7,71,0.017708408749136845,1,0.012
unconstrained,7,72,0.017708408749136845,1,0.012
unconstrained,7,73,0.017708408749136845,1,0.012
unconstrained,7,74,0.017708408749136845,1,0.012
unconstrained,7,75,0.017708408749136845,1,0.012
unconstrained,7,76,0.017708408749136845,1,0.012
unconstrained,7,77,0.017708408749136845,1,0.012
unconstrained,7,78,0.017708408749136845,1,0.012
unconstrained,7,79,0.017708408749136845,1,0.012
unconstrained,7,80,0.017708408749136845,1,0.012
unconstrained,7,81,0.017708408749136845,1,0.012
unconstrained,7,82,0.017708408749136845,1,0.012
unconstrained,7,83,0.017708408749136845,1,0.012
unconstrained,7,84,0.017708408749136845,1,0.012
unconstrained,7,85,0.017708408749136845,1,0.012
unconstrained,7,86,0.017708408749136845,1,0.012
unconstrained,7,87,0.017708408749136845,1,0.012
unconstrained,7,88,0.017708408749136845,1,0.012
unconstrained,7,89,0.017708408749136845,1,0.012
unconstrained,7,90,0.01711981901593621,1,0.012
unconstrained,7,91,0.01711981901593621,1,0.012
unconstrained,7,92,0.01711981901593621,1,0.012
unconstrained,7,93,0.01711981901593621,1,0.012
unconstrained,7,94,0.01711981901593621,1,0.012
unconstrained,7,95,0.01711981901593621,1,0.012
unconstrained,7,96,0.01711981901593621,1,0.012
unconstrained,7,97,0.01711981901593621,1,0.012
unconstrained,7,98,0.01711981901593621,1,0.012
unconstrained,7,99,0.01711981901593621,1,0.012
unconstrained,7,100,0.01711981901593621,1,0.012
unconstrained,7,101,0.012508873069764427,1,0.012
unconstrained,7,102,0.012508873069764427,1,0.012
unconstrained,7,103,0.012508873069764427,1,0.012
unconstrained,7,104,0.012508873069764427,1,0.012
unconstrained,7,105,0.012508873069764427,1,0.012
unconstrained,7,106,0.012508873069764427,1,0.012
unconstrained,7,107,0.012508873069764427,1,0.012
unconstrained,7,108,0.012508873069764427,1,0.012
unconstrained,7,109,0.012508873069764427,1,0.012
unconstrained,7,110,0.012508873069764427,1,0.012
unconstrained,7,111,0.01551071727545684,1,0.012
unconstrained,7,112,0.01551071727545684,1,0.012
unconstrained,7,113,0.017999771076640397,1,0.012
unconstrained,7,114,0.01771031832800234,1,0.012
unconstrained,7,115,0.01771031832800234,1,0.012
unconstrained,7,116,0.01771031832800234,1,0.012
unconstrained,7,117,0.01771031832800234,1,0.012
unconstrained,7,118,0.01696556959448199,1,0.012
unconstrained,7,119,0.01696556959448199,1,0.012
unconstrained,7,120,0.020933158746961042,1,0.012
unconstrained,7,121,0.020933158746961042,1,0.012
unconstrained,7,122,0.020933158746961042,1,0.012
unconstrained,7,123,0.020933158746961042,1,0.012
unconstrained,7,124,0.020933158746961042,1,0.012
unconstrained,7,125,0.020933158746961042,1,0.012
unconstrained,7,126,0.020933158746961042,1,0.012
unconstrained,7,127,0.020933158746961042,1,0.012
unconstrained,7,128,0.020933158746961042,1,0.012
unconstrained,7,129,0.020933158746961042,1,0.012
unconstrained,7,130,0.020933158746961042,1,0.012
unconstrained,7,131,0.020933158746961042,1,0.012
unconstrained,7,132,0.020933158746961042,1,0.012
unconstrained,7,133,0.02287987887650891,1,0.012
unconstrained,7,134,0.02627434063776668,1,0.012
unconstrained,7,135,0.02627434063776668,1,0.012
unconstrained,7,136,0.02627434063776668,1,0.012
unconstrained,7,137,0.02627434063776668,1,0.012
unconstrained,7,138,0.02627434063776668,1,0.012
unconstrained,7,139,0.02627434063776668,1,0.012
unconstrained,7,140,0.02627434063776668,1,0.012
unconstrained,7,141,0.02627434063776668,1,0.012
unconstrained,7,142,0.02627434063776668,1,0.012
unconstrained,7,143,0.02627434063776668,1,0.012
unconstrained,7,144,0.02627434063776668,1,0.012
unconstrained,7,145,0.02656655644561506,1,0.012
unconstrained,7,146,0.02656655644561506,1,0.012
unconstrained,7,147,0.02759032399987332,1,0.012
unconstrained,7,148,0.02759032399987332,1,0.012
unconstrained,7,149,0.02759032399987332,1,0.012
unconstrained,7,150,0.02759032399987332,1,0.012
unconstrained,7,151,0.02759032399987332,1,0.012
unconstrained,7,152,0.02759032399987332,1,0.012
unconstrained,7,153,0.02759032399987332,1,0.012
unconstrained,7,154,0.02759032399987332,1,0.012
unconstrained,7,155,0.02759032399987332,1,0.012
unconstrained,7,156,0.02759032399987332,1,0.012
unconstrained,7,157,0.02759032399987332,1,0.012
unconstrained,7,158,0.02759032399987332,1,0.012
unconstrained,7,159,0.02759032399987332,1,0.012
unconstrained,7,160,0.02759032399987332,1,0.012
unconstrained,7,161,0.02759032399987332,1,0.012
unconstrained,7,162,0.02759032399987332,1,0.012
unconstrained,7,163,0.02759032399987332,1,0.012
unconstrained,7,164,0.02759032399987332,1,0.012
unconstrained,7,165,0.02759032399987332,1,0.012
unconstrained,7,166,0.02759032399987332,1,0.012
unconstrained,7,167,0.02759032399987332,1,0.012
unconstrained,7,168,0.02759032399987332,1,0.012
unconstrained,7,169,0.02759032399987332,1,0.012
unconstrained,7,170,0.02759032399987332,1,0.012
unconstrained,7,171,0.02759032399987332,1,0.012
unconstrained,7,172,0.02759032399987332,1,0.012
unconstrained,7,173,0.02759032399987332,1,0.012
unconstrained,7,174,0.02759032399987332,1,0.012
unconstrained,7,175,0.02759032399987332,1,0.012
unconstrained,7,176,0.02759032399987332,1,0.012
unconstrained,7,177,0.02759032399987332,1,0.012
unconstrained,7,178,0.02759032399987332,1,0.012
unconstrained,7,179,0.02759032399987332,1,0.012
unconstrained,7,180,0.02759032399987332,1,0.012
unconstrained,7,181,0.02759032399987332,1,0.012
unconstrained,7,182,0.02759032399987332,1,0.012
unconstrained,7,183,0.02759032399987332,1,0.012
unconstrained,7,184,0.02759032399987332,1,0.012
unconstrained,7,185,0.027229361864472622,1,0.012
unconstrained,7,186,0.024860902528838377,1,0.012
unconstrained,7,187,0.024860902528838377,1,0.012
unconstrained,7,188,0.024860902528838377,1,0.012
unconstrained,7,189,0.024860902528838377,1,0.012
unconstrained,7,190,0.024860902528838377,1,0.012
unconstrained,7,191,0.024860902528838377,1,0.012
unconstrained,7,192,0.024860902528838377,1,0.012
unconstrained,7,193,0.024860902528838377,1,0.012
unconstrained,7,194,0.024860902528838377,1,0.012
unconstrained,7,195,0.024860902528838377,1,0.012
unconstrained,7,196,0.024860902528838377,1,0.012
unconstrained,7,197,0.023788903541651845,1,0.012
unconstrained,7,198,0.023788903541651845,1,0.012
unconstrained,7,199,0.021285948622535005,1,0.012
unconstrained,7,200,0.018941822451836825,1,0.012
unconstrained,7,201,0.01791496203698993,1,0.012
unconstrained,7,202,0.01791496203698993,1,0.012
unconstrained,7,203,0.017798260911206693,1,0.012
unconstrained,7,204,0.019355287074271355,1,0.012
unconstrained,7,205,0.019355287074271355,1,0.012
unconstrained,7,206,0.019046472981225523,1,0.012
unconstrained,7,207,0.019046472981225523,1,0.012
unconstrained,7,208,0.019046472981225523,1,0.012
unconstrained,7,209,0.019046472981225523,1,0.012
unconstrained,7,210,0.019046472981225523,1,0.012
unconstrained,7,211,0.019046472981225523,1,0.012
unconstrained,7,212,0.019046472981225523,1,0.012
unconstrained,7,213,0.019046472981225523,1,0.012
unconstrained,7,214,0.019046472981225523,1,0.012
unconstrained,7,215,0.019046472981225523,1,0.012
unconstrained,7,216,0.019046472981225523,1,0.012
unconstrained,7,217,0.019046472981225523,1,0.012
unconstrained,7,218,0.019046472981225523,1,0.012
unconstrained,7,219,0.019046472981225523,1,0.012
unconstrained,7,220,0.019046472981225523,1,0.012
unconstrained,7,221,0.019046472981225523,1,0.012
unconstrained,7,222,0.019046472981225523,1,0.012
unconstrained,7,223,0.019046472981225523,1,0.012
unconstrained,7,224,0.019046472981225523,1,0.012
unconstrained,7,225,0.019046472981225523,1,0.012
unconstrained,7,226,0.019046472981225523,1,0.012
unconstrained,7,227,0.019046472981225523,1,0.012
unconstrained,7,228,0.019046472981225523,1,0.012
unconstrained,7,229,0.019046472981225523,1,0.012
unconstrained,7,230,0.019046472981225523,1,0.012
unconstrained,7,231,0.019046472981225523,1,0.012
unconstrained,7,232,0.019046472981225523,1,0.012
unconstrained,7,233,0.019046472981225523,1,0.012
unconstrained,7,234,0.019046472981225523,1,0.012
unconstrained,7,235,0.019046472981225523,1,0.012
unconstrained,7,236,0.019046472981225523,1,0.012
unconstrained,7,237,0.019046472981225523,1,0.012
unconstrained,7,238,0.019046472981225523,1,0.012
unconstrained,7,239,0.019046472981225523,1,0.012
unconstrained,7,240,0.019046472981225523,1,0.012
unconstrained,7,241,0.019046472981225523,1,0.012
unconstrained,7,242,0.019046472981225523,1,0.012
unconstrained,7,243,0.019046472981225523,1,0.012
unconstrained,7,244,0.019046472981225523,1,0.012
unconstrained,7,245,0.018206307592294368,1,0.012
unconstrained,7,246,0.018206307592294368,1,0.012
unconstrained,7,247,0.018206307592294368,1,0.012
unconstrained,7,248,0.018206307592294368,1,0.012
unconstrained,7,249,0.018206307592294368,1,0.012
unconstrained,7,250,0.018206307592294368,1,0.012
unconstrained,7,251,0.018206307592294368,1,0.012
unconstrained,7,252,0.017295341674108938,1,0.012
unconstrained,7,253,0.016040234038630433,1,0.012
unconstrained,7,254,0.016040234038630433,1,0.012
unconstrained,7,255,0.016040234038630433,1,0.012
unconstrained,7,256,0.012639324995659352,1,0.012
unconstrained,7,257,0.012639324995659352,1,0.012
unconstrained,7,258,0.012639324995659352,1,0.012
unconstrained,7,259,0.012639324995659352,1,0.012
unconstrained,7,260,0.01515248564030744,1,0.012
unconstrained,7,261,0.01515248564030744,1,0.012
unconstrained,7,262,0.01515248564030744,1,0.012
unconstrained,7,263,0.01515248564030744,1,0.012
unconstrained,7,264,0.01515248564030744,1,0.012
unconstrained,7,265,0.01515248564030744,1,0.012
unconstrained,7,266,0.01515248564030744,1,0.012
unconstrained,13,52,0.06372715605292585,1,0.012
unconstrained,13,53,0.06372715605292585,1,0.012
unconstrained,13,54,0.06372715605292585,1,0.012
unconstrained,13,55,0.06372715605292585,1,0.012
unconstrained,13,56,0.06372715605292585,1,0.012
unconstrained,13,57,0.06372715605292585,1,0.012
unconstrained,13,58,0.06372715605292585,1,0.012
unconstrained,13,59,0.06372715605292585,1,0.012
unconstrained,13,60,0.06372715605292585,1,0.012
unconstrained,13,61,0.06372715605292585,1,0.012
unconstrained,13,62,0.06372715605292585,1,0.012
unconstrained,13,63,0.06372715605292585,1,0.012
unconstrained,13,64,0.06372715605292585,1,0.012
unconstrained,13,65,0.06372715605292585,1,0.012
unconstrained,13,66,0.057120948489205764,1,0.012
unconstrained,13,67,0.057120948489205764,1,0.012
unconstrained,13,68,0.03821861158711922,1,0.012
unconstrained,13,69,0.018675726963938866,1,0.012
unconstrained,13,70,0.018675726963938866,1,0.012
unconstrained,13,71,0.018675726963938866,1,0.012
unconstrained,13,72,0.018675726963938866,1,0.012
unconstrained,13,73,0.018675726963938866,1,0.012
unconstrained,13,74,0.018675726963938866,1,0.012
unconstrained,13,75,0.018675726963938866,1,0.012
unconstrained,13,76,0.018675726963938866,1,0.012
unconstrained,13,77,0.018675726963938866,1,0.012
unconstrained,13,78,0.018675726963938866,1,0.012
unconstrained,13,79,0.018675726963938866,1,0.012
unconstrained,13,80,0.018675726963938866,1,0.012
unconstrained,13,81,0.018675726963938866,1,0.012
unconstrained,13,82,0.018675726963938866,1,0.012
unconstrained,13,83,0.018675726963938866,1,0.012
unconstrained,13,84,0.018675726963938866,1,0.012
unconstrained,13,85,0.018675726963938866,1,0.012
unconstrained,13,86,0.018675726963938866,1,0.012
unconstrained,13,87,0.018675726963938866,1,0.012
unconstrained,13,88,0.018675726963938866,1,0.012
unconstrained,13,89,0.018675726963938866,1,0.012
unconstrained,13,90,0.01800348969330837,1,0.012
unconstrained,13,91,0.01800348969330837,1,0.012
unconstrained,13,92,0.01800348969330837,1,0.012
unconstrained,13,93,0.01800348969330837,1,0.012
unconstrained,13,94,0.01800348969330837,1,0.012
unconstrained,13,95,0.01800348969330837,1,0.012
unconstrained,13,96,0.01800348969330837,1,0.012
unconstrained,13,97,0.01800348969330837,1,0.012
unconstrained,13,98,0.01800348969330837,1,0.012
unconstrained,13,99,0.01800348969330837,1,0.012
unconstrained,13,100,0.01800348969330837,1,0.012
unconstrained,13,101,0.013358147372915331,1,0.012
unconstrained,13,102,0.013358147372915331,1,0.012
unconstrained,13,103,0.013358147372915331,1,0.012
unconstrained,13,104,0.013358147372915331,1,0.012
unconstrained,13,105,0.013358147372915331,1,0.012
unconstrained,13,106,0.013358147372915331,1,0.012
unconstrained,13,107,0.013358147372915331,1,0.012
unconstrained,13,108,0.013358147372915331,1,0.012
unconstrained,13,109,0.013358147372915331,1,0.012
unconstrained,13,110,0.013358147372915331,1,0.012
unconstrained,13,111,0.016424097933577835,1,0.012
unconstrained,13,112,0.016424097933577835,1,0.012
unconstrained,13,113,0.018757775325594035,1,0.012
unconstrained,13,114,0.018757775325594035,1,0.012
unconstrained,13,115,0.018757775325594035,1,0.012
unconstrained,13,116,0.018757775325594035,1,0.012
unconstrained,13,117,0.018757775325594035,1,0.012
unconstrained,13,118,0.01752277112355746,1,0.012
unconstrained,13,119,0.01752277112355746,1,0.012
unconstrained,13,120,0.021682199695203314,1,0.012
unconstrained,13,121,0.021682199695203314,1,0.012
unconstrained,13,122,0.021682199695203314,1,0.012
unconstrained,13,123,0.021682199695203314,1,0.012
unconstrained,13,124,0.021682199695203314,1,0.012
unconstrained,13,125,0.021682199695203314,1,0.012
unconstrained,13,126,0.021682199695203314,1,0.012
unconstrained,13,127,0.021682199695203314,1,0.012
unconstrained,13,128,0.021682199695203314,1,0.012
unconstrained,13,129,0.021682199695203314,1,0.012
unconstrained,13,130,0.021682199695203314,1,0.012
unconstrained,13,131,0.021682199695203314,1,0.012
unconstrained,13,132,0.021682199695203314,1,0.012
unconstrained,13,133,0.02419466115917598,1,0.012
unconstrained,13,134,0.0277326961330579,1,0.012
unconstrained,13,135,0.0277326961330579,1,0.012
unconstrained,13,136,0.0277326961330579,1,0.012
unconstrained,13,137,0.0277326961330579,1,0.012
unconstrained,13,138,0.0277326961330579,1,0.012
unconstrained,13,139,0.0277326961330579,1,0.012
unconstrained,13,140,0.0277326961330579,1,0.012
unconstrained,13,141,0.0277326961330579,1,0.012
unconstrained,13,142,0.0277326961330579,1,0.012
unconstrained,13,143,0.0277326961330579,1,0.012
unconstrained,13,144,0.0277326961330579,1,0.012
unconstrained,13,145,0.02799796802623745,1,0.012
unconstrained,13,146,0.02799796802623745,1,0.012
unconstrained,13,147,0.029287109325108664,1,0.012
unconstrained,13,148,0.029287109325108664,1,0.012
unconstrained,13,149,0.029287109325108664,1,0.012
unconstrained,13,150,0.029287109325108664,1,0.012
unconstrained,13,151,0.029287109325108664,1,0.012
unconstrained,13,152,0.029287109325108664,1,0.012
unconstrained,13,153,0.029287109325108664,1,0.012
unconstrained,13,154,0.029287109325108664,1,0.012
unconstrained,13,155,0.029287109325108664,1,0.012
unconstrained,13,156,0.029287109325108664,1,0.012
unconstrained,13,157,0.029287109325108664,1,0.012
unconstrained,13,158,0.029287109325108664,1,0.012
unconstrained,13,159,0.029287109325108664,1,0.012
unconstrained,13,160,0.029287109325108664,1,0.012
unconstrained,13,161,0.029287109325108664,1,0.012
unconstrained,13,162,0.029287109325108664,1,0.012
unconstrained,13,163,0.029287109325108664,1,0.012
unconstrained,13,164,0.029287109325108664,1,0.012
unconstrained,13,165,0.029287109325108664,1,0.012
unconstrained,13,166,0.029287109325108664,1,0.012
unconstrained,13,167,0.029287109325108664,1,0.012
unconstrained,13,168,0.029287109325108664,1,0.012
unconstrained,13,169,0.029287109325108664,1,0.012
unconstrained,13,170,0.029287109325108664,1,0.012
unconstrained,13,171,0.029287109325108664,1,0.012
unconstrained,13,172,0.029287109325108664,1,0.012
unconstrained,13,173,0.029287109325108664,1,0.012
unconstrained,13,174,0.029287109325108664,1,0.012
unconstrained,13,175,0.029287109325108664,1,0.012
unconstrained,13,176,0.029287109325108664,1,0.012
unconstrained,13,177,0.029287109325108664,1,0.012
unconstrained,13,178,0.029287109325108664,1,0.012
unconstrained,13,179,0.029287109325108664,1,0.012
unconstrained,13,180,0.029287109325108664,1,0.012
unconstrained,13,181,0.029287109325108664,1,0.012
unconstrained,13,182,0.029287109325108664,1,0.012
unconstrained,13,183,0.029287109325108664,1,0.012
unconstrained,13,184,0.029287109325108664,1,0.012
unconstrained,13,185,0.02859619347055691,1,0.012
unconstrained,13,186,0.025973243173202393,1,0.012
unconstrained,13,187,0.025973243173202393,1,0.012
unconstrained,13,188,0.025973243173202393,1,0.012
unconstrained,13,189,0.025973243173202393,1,0.012
unconstrained,13,190,0.025973243173202393,1,0.012
unconstrained,13,191,0.025973243173202393,1,0.012
unconstrained,13,192,0.025973243173202393,1,0.012
unconstrained,13,193,0.025973243173202393,1,0.012
unconstrained,13,194,0.025973243173202393,1,0.012
unconstrained,13,195,0.025973243173202393,1,0.012
unconstrained,13,196,0.025973243173202393,1,0.012
unconstrained,13,197,0.02469272630534465,1,0.012
unconstrained,13,198,0.02469272630534465,1,0.012
unconstrained,13,199,0.021588127548779746,1,0.012
unconstrained,13,200,0.019021388953508567,1,0.012
unconstrained,13,201,0.01816398543569916,1,0.012
unconstrained,13,202,0.01816398543569916,1,0.012
unconstrained,13,203,0.017898115150431933,1,0.012
unconstrained,13,204,0.019298201943831195,1,0.012
unconstrained,13,205,0.019298201943831195,1,0.012
unconstrained,13,206,0.018709868730590506,1,0.012
unconstrained,13,207,0.018709868730590506,1,0.012
unconstrained,13,208,0.018709868730590506,1,0.012
unconstrained,13,209,0.018709868730590506,1,0.012
unconstrained,13,210,0.018709868730590506,1,0.012
unconstrained,13,211,0.018709868730590506,1,0.012
unconstrained,13,212,0.018709868730590506,1,0.012
unconstrained,13,213,0.018709868730590506,1,0.012
unconstrained,13,214,0.018709868730590506,1,0.012
unconstrained,13,215,0.018709868730590506,1,0.012
unconstrained,13,216,0.018709868730590506,1,0.012
unconstrained,13,217,0.018709868730590506,1,0.012
unconstrained,13,218,0.018709868730590506,1,0.012
unconstrained,13,219,0.018709868730590506,1,0.012
unconstrained,13,220,0.018709868730590506,1,0.012
unconstrained,13,221,0.018709868730590506,1,0.012
unconstrained,13,222,0.018709868730590506,1,0.012
unconstrained,13,223,0.018709868730590506,1,0.012
unconstrained,13,224,0.018709868730590506,1,0.012
unconstrained,13,225,0.018709868730590506,1,0.012
unconstrained,13,226,0.018709868730590506,1,0.012
unconstrained,13,227,0.018709868730590506,1,0.012
unconstrained,13,228,0.018709868730590506,1,0.012
unconstrained,13,229,0.018709868730590506,1,0.012
unconstrained,13,230,0.018709868730590506,1,0.012
unconstrained,13,231,0.018709868730590506,1,0.012
unconstrained,13,232,0.018709868730590506,1,0.012
unconstrained,13,233,0.018709868730590506,1,0.012
unconstrained,13,234,0.018709868730590506,1,0.012
unconstrained,13,235,0.018709868730590506,1,0.012
unconstrained,13,236,0.018709868730590506,1,0.012
unconstrained,13,237,0.018709868730590506,1,0.012
unconstrained,13,238,0.018709868730590506,1,0.012
unconstrained,13,239,0.018709868730590506,1,0.012
unconstrained,13,240,0.018709868730590506,1,0.012
unconstrained,13,241,0.018709868730590506,1,0.012
unconstrained,13,242,0.018709868730590506,1,0.012
unconstrained,13,243,0.018709868730590506,1,0.012
unconstrained,13,244,0.018709868730590506,1,0.012
unconstrained,13,245,0.01794336587978775,1,0.012
unconstrained,13,246,0.01794336587978775,1,0.012
unconstrained,13,247,0.01794336587978775,1,0.012
unconstrained,13,248,0.01794336587978775,1,0.012
unconstrained,13,249,0.01794336587978775,1,0.012
unconstrained,13,250,0.01794336587978775,1,0.012
unconstrained,13,251,0.01794336587978775,1,0.012
unconstrained,13,252,0.017031247131516655,1,0.012
unconstrained,13,253,0.01624096998936436,1,0.012
unconstrained,13,254,0.01624096998936436,1,0.012
unconstrained,13,255,0.01624096998936436,1,0.012
unconstrained,13,256,0.012773704355922335,1,0.012
unconstrained,13,257,0.012773704355922335,1,0.012
unconstrained,13,258,0.012773704355922335,1,0.012
unconstrained,13,259,0.012773704355922335,1,0.012
unconstrained,13,260,0.015356013516189398,1,0.012
unconstrained,13,261,0.015356013516189398,1,0.012
unconstrained,13,262,0.015356013516189398,1,0.012
unconstrained,13,263,0.015356013516189398,1,0.012
unconstrained,13,264,0.015356013516189398,1,0.012
unconstrained,13,265,0.015356013516189398,1,0.012
unconstrained,13,266,0.015356013516189398,1,0.012
unconstrained,23,52,0.058947882257433616,1,0.012
unconstrained,23,53,0.058947882257433616,1,0.012
unconstrained,23,54,0.058947882257433616,1,0.012
unconstrained,23,55,0.058947882257433616,1,0.012
unconstrained,23,56,0.058947882257433616,1,0.012
unconstrained,23,57,0.058947882257433616,1,0.012
unconstrained,23,58,0.058947882257433616,1,0.012
unconstrained,23,59,0.058947882257433616,1,0.012
unconstrained,23,60,0.058947882257433616,1,0.012
unconstrained,23,61,0.058947882257433616,1,0.012
unconstrained,23,62,0.058947882257433616,1,0.012
unconstrained,23,63,0.058947882257433616,1,0.012
unconstrained,23,64,0.058947882257433616,1,0.012
unconstrained,23,65,0.058947882257433616,1,0.012
unconstrained,23,66,0.0549860525882194,1,0.012
unconstrained,23,67,0.0549860525882194,1,0.012
unconstrained,23,68,0.03484285225651539,1,0.012
unconstrained,23,69,0.01909910284406976,1,0.012
unconstrained,23,70,0.01909910284406976,1,0.012
unconstrained,23,71,0.01909910284406976,1,0.012
unconstrained,23,72,0.01909910284406976,1,0.012
unconstrained,23,73,0.01909910284406976,1,0.012
unconstrained,23,74,0.01909910284406976,1,0.012
unconstrained,23,75,0.01909910284406976,1,0.012
unconstrained,23,76,0.01909910284406976,1,0.012
unconstrained,23,77,0.01909910284406976,1,0.012
unconstrained,23,78,0.01909910284406976,1,0.012
unconstrained,23,79,0.01909910284406976,1,0.012
unconstrained,23,80,0.01909910284406976,1,0.012
unconstrained,23,81,0.01909910284406976,1,0.012
unconstrained,23,82,0.01909910284406976,1,0.012
unconstrained,23,83,0.01909910284406976,1,0.012
unconstrained,23,84,0.01909910284406976,1,0.012
unconstrained,23,85,0.01909910284406976,1,0.012
unconstrained,23,86,0.01909910284406976,1,0.012
unconstrained,23,87,0.01909910284406976,1,0.012
unconstrained,23,88,0.01909910284406976,1,0.012
unconstrained,23,89,0.01909910284406976,1,0.012
unconstrained,23,90,0.01771802590422476,1,0.012
unconstrained,23,91,0.01771802590422476,1,0.012
unconstrained,23,92,0.01771802590422476,1,0.012
unconstrained,23,93,0.01771802590422476,1,0.012
unconstrained,23,94,0.01771802590422476,1,0.012
unconstrained,23,95,0.01771802590422476,1,0.012
unconstrained,23,96,0.01771802590422476,1,0.012
unconstrained,23,97,0.01771802590422476,1,0.012
unconstrained,23,98,0.01771802590422476,1,0.012
unconstrained,23,99,0.01771802590422476,1,0.012
unconstrained,23,100,0.01771802590422476,1,0.012
unconstrained,23,101,0.013811537719171837,1,0.012
unconstrained,23,102,0.013811537719171837,1,0.012
unconstrained,23,103,0.013811537719171837,1,0.012
unconstrained,23,104,0.013811537719171837,1,0.012
unconstrained,23,105,0.013811537719171837,1,0.012
unconstrained,23,106,0.013811537719171837,1,0.012
unconstrained,23,107,0.013811537719171837,1,0.012
unconstrained,23,108,0.013811537719171837,1,0.012
unconstrained,23,109,0.013811537719171837,1,0.012
unconstrained,23,110,0.013811537719171837,1,0.012
unconstrained,23,111,0.017373220554748083,1,0.012
unconstrained,23,112,0.017373220554748083,1,0.012
unconstrained,23,113,0.019315537997897755,1,0.012
unconstrained,23,114,0.019315537997897755,1,0.012
unconstrained,23,115,0.019315537997897755,1,0.012
unconstrained,23,116,0.019315537997897755,1,0.012
unconstrained,23,117,0.019169774249126425,1,0.012
unconstrained,23,118,0.018567641247304287,1,0.012
unconstrained,23,119,0.018567641247304287,1,0.012
unconstrained,23,120,0.02347285709167281,1,0.012
unconstrained,23,121,0.02347285709167281,1,0.012
unconstrained,23,122,0.02347285709167281,1,0.012
unconstrained,23,123,0.02347285709167281,1,0.012
unconstrained,23,124,0.02523363366382333,1,0.012
unconstrained,23,125,0.02523363366382333,1,0.012
unconstrained,23,126,0.02523363366382333,1,0.012
unconstrained,23,127,0.02523363366382333,1,0.012
unconstrained,23,128,0.02523363366382333,1,0.012
unconstrained,23,129,0.02523363366382333,1,0.012
unconstrained,23,130,0.02523363366382333,1,0.012
unconstrained,23,131,0.02523363366382333,1,0.012
unconstrained,23,132,0.02523363366382333,1,0.012
unconstrained,23,133,0.026921758240241817,1,0.012
unconstrained,23,134,0.02930880304634234,1,0.012
unconstrained,23,135,0.02930880304634234,1,0.012
unconstrained,23,136,0.02930880304634234,1,0.012
unconstrained,23,137,0.02930880304634234,1,0.012
unconstrained,23,138,0.02930880304634234,1,0.012
unconstrained,23,139,0.02930880304634234,1,0.012
unconstrained,23,140,0.02930880304634234,1,0.012
unconstrained,23,141,0.02930880304634234,1,0.012
unconstrained,23,142,0.02930880304634234,1,0.012
unconstrained,23,143,0.02930880304634234,1,0.012
unconstrained,23,144,0.02930880304634234,1,0.012
unconstrained,23,145,0.02930880304634234,1,0.012
unconstrained,23,146,0.02930880304634234,1,0.012
unconstrained,23,147,0.029722130289136114,1,0.012
unconstrained,23,148,0.029722130289136114,1,0.012
unconstrained,23,149,0.029722130289136114,1,0.012
unconstrained,23,150,0.029722130289136114,1,0.012
unconstrained,23,151,0.029722130289136114,1,0.012
unconstrained,23,152,0.029722130289136114,1,0.012
unconstrained,23,153,0.029722130289136114,1,0.012
unconstrained,23,154,0.029722130289136114,1,0.012
unconstrained,23,155,0.029722130289136114,1,0.012
unconstrained,23,156,0.029722130289136114,1,0.012
unconstrained,23,157,0.029722130289136114,1,0.012
unconstrained,23,158,0.029722130289136114,1,0.012
unconstrained,23,159,0.029722130289136114,1,0.012
unconstrained,23,160,0.029722130289136114,1,0.012
unconstrained,23,161,0.029722130289136114,1,0.012
unconstrained,23,162,0.029722130289136114,1,0.012
unconstrained,23,163,0.029722130289136114,1,0.012
unconstrained,23,164,0.029722130289136114,1,0.012
unconstrained,23,165,0.029722130289136114,1,0.012
unconstrained,23,166,0.029722130289136114,1,0.012
unconstrained,23,167,0.029722130289136114,1,0.012
unconstrained,23,168,0.029722130289136114,1,0.012
unconstrained,23,169,0.029722130289136114,1,0.012
unconstrained,23,170,0.029722130289136114,1,0.012
unconstrained,23,171,0.029722130289136114,1,0.012
unconstrained,23,172,0.029722130289136114,1,0.012
unconstrained,23,173,0.029722130289136114,1,0.012
unconstrained,23,174,0.029722130289136114,1,0.012
unconstrained,23,175,0.029722130289136114,1,0.012
unconstrained,23,176,0.029722130289136114,1,0.012
unconstrained,23,177,0.029722130289136114,1,0.012
unconstrained,23,178,0.029722130289136114,1,0.012
unconstrained,23,179,0.029722130289136114,1,0.012
unconstrained,23,180,0.029722130289136114,1,0.012
unconstrained,23,181,0.029722130289136114,1,0.012
unconstrained,23,182,0.029722130289136114,1,0.012
unconstrained,23,183,0.029722130289136114,1,0.012
unconstrained,23,184,0.029722130289136114,1,0.012
unconstrained,23,185,0.02886056346354406,1,0.012
unconstrained,23,186,0.026874787003094674,1,0.012
unconstrained,23,187,0.026874787003094674,1,0.012
unconstrained,23,188,0.026874787003094674,1,0.012
unconstrained,23,189,0.026874787003094674,1,0.012
unconstrained,23,190,0.026874787003094674,1,0.012
unconstrained,23,191,0.026874787003094674,1,0.012
unconstrained,23,192,0.026874787003094674,1,0.012
unconstrained,23,193,0.026874787003094674,1,0.012
unconstrained,23,194,0.026874787003094674,1,0.012
unconstrained,23,195,0.026874787003094674,1,0.012
unconstrained,23,196,0.026874787003094674,1,0.012
unconstrained,23,197,0.025857918744369362,1,0.012
unconstrained,23,198,0.025857918744369362,1,0.012
unconstrained,23,199,0.02378840022094392,1,0.012
unconstrained,23,200,0.021918362042329217,1,0.012
unconstrained,23,201,0.020517003982865822,1,0.012
unconstrained,23,202,0.020517003982865822,1,0.012
unconstrained,23,203,0.02033830452260949,1,0.012
unconstrained,23,204,0.02293881956796866,1,0.012
unconstrained,23,205,0.02293881956796866,1,0.012
unconstrained,23,206,0.022044870636288644,1,0.012
unconstrained,23,207,0.022044870636288644,1,0.012
unconstrained,23,208,0.022044870636288644,1,0.012
unconstrained,23,209,0.022044870636288644,1,0.012
unconstrained,23,210,0.022044870636288644,1,0.012
unconstrained,23,211,0.022044870636288644,1,0.012
unconstrained,23,212,0.022044870636288644,1,0.012
unconstrained,23,213,0.022044870636288644,1,0.012
unconstrained,23,214,0.022044870636288644,1,0.012
unconstrained,23,215,0.022044870636288644,1,0.012
unconstrained,23,216,0.022044870636288644,1,0.012
unconstrained,23,217,0.022044870636288644,1,0.012
unconstrained,23,218,0.022044870636288644,1,0.012
unconstrained,23,219,0.022044870636288644,1,0.012
unconstrained,23,220,0.022044870636288644,1,0.012
unconstrained,23,221,0.022044870636288644,1,0.012
unconstrained,23,222,0.022044870636288644,1,0.012
unconstrained,23,223,0.022044870636288644,1,0.012
unconstrained,23,224,0.022044870636288644,1,0.012
unconstrained,23,225,0.022044870636288644,1,0.012
unconstrained,23,226,0.022044870636288644,1,0.012
unconstrained,23,227,0.022044870636288644,1,0.012
unconstrained,23,228,0.022044870636288644,1,0.012
unconstrained,23,229,0.022044870636288644,1,0.012
unconstrained,23,230,0.022044870636288644,1,0.012
unconstrained,23,231,0.022044870636288644,1,0.012
unconstrained,23,232,0.022044870636288644,1,0.012
unconstrained,23,233,0.022044870636288644,1,0.012
unconstrained,23,234,0.022044870636288644,1,0.012
unconstrained,23,235,0.022044870636288644,1,0.012
unconstrained,23,236,0.022044870636288644,1,0.012
unconstrained,23,237,0.022044870636288644,1,0.012
unconstrained,23,238,0.022044870636288644,1,0.012
unconstrained,23,239,0.022044870636288644,1,0.012
unconstrained,23,240,0.022044870636288644,1,0.012
unconstrained,23,241,0.02201956788660143,1,0.012
unconstrained,23,242,0.02201956788660143,1,0.012
unconstrained,23,243,0.02201956788660143,1,0.012
unconstrained,23,244,0.02201956788660143,1,0.012
unconstrained,23,245,0.02091702884928319,1,0.012
unconstrained,23,246,0.02091702884928319,1,0.012
unconstrained,23,247,0.02091702884928319,1,0.012
unconstrained,23,248,0.02091702884928319,1,0.012
unconstrained,23,249,0.02091702884928319,1,0.012
unconstrained,23,250,0.02091702884928319,1,0.012
unconstrained,23,251,0.02091702884928319,1,0.012
unconstrained,23,252,0.020346349151972688,1,0.012
unconstrained,23,253,0.01938443394786331,1,0.012
unconstrained,23,254,0.01938443394786331,1,0.012
unconstrained,23,255,0.01938443394786331,1,0.012
unconstrained,23,256,0.014593382285462317,1,0.012
unconstrained,23,257,0.014593382285462317,1,0.012
unconstrained,23,258,0.014593382285462317,1,0.012
unconstrained,23,259,0.014593382285462317,1,0.012
unconstrained,23,260,0.017543175975990626,1,0.012
unconstrained,23,261,0.017543175975990626,1,0.012
unconstrained,23,262,0.017543175975990626,1,0.012
unconstrained,23,263,0.017543175975990626,1,0.012
unconstrained,23,264,0.017782171352843323,1,0.012
unconstrained,23,265,0.017782171352843323,1,0.012
unconstrained,23,266,0.017782171352843323,1,0.012
unconstrained,42,52,0.07177845043591911,1,0.012
unconstrained,42,53,0.07177845043591911,1,0.012
unconstrained,42,54,0.07177845043591911,1,0.012
unconstrained,42,55,0.07177845043591911,1,0.012
unconstrained,42,56,0.07177845043591911,1,0.012
unconstrained,42,57,0.07177845043591911,1,0.012
unconstrained,42,58,0.07177845043591911,1,0.012
unconstrained,42,59,0.07177845043591911,1,0.012
unconstrained,42,60,0.07177845043591911,1,0.012
unconstrained,42,61,0.07177845043591911,1,0.012
unconstrained,42,62,0.07177845043591911,1,0.012
unconstrained,42,63,0.07177845043591911,1,0.012
unconstrained,42,64,0.07177845043591911,1,0.012
unconstrained,42,65,0.07177845043591911,1,0.012
unconstrained,42,66,0.06252434887740056,1,0.012
unconstrained,42,67,0.06252434887740056,1,0.012
unconstrained,42,68,0.043558934063990445,1,0.012
unconstrained,42,69,0.01926501028051775,1,0.012
unconstrained,42,70,0.01926501028051775,1,0.012
unconstrained,42,71,0.01926501028051775,1,0.012
unconstrained,42,72,0.01926501028051775,1,0.012
unconstrained,42,73,0.01926501028051775,1,0.012
unconstrained,42,74,0.01926501028051775,1,0.012
unconstrained,42,75,0.01926501028051775,1,0.012
unconstrained,42,76,0.01926501028051775,1,0.012
unconstrained,42,77,0.01926501028051775,1,0.012
unconstrained,42,78,0.01926501028051775,1,0.012
unconstrained,42,79,0.01926501028051775,1,0.012
unconstrained,42,80,0.01926501028051775,1,0.012
unconstrained,42,81,0.01926501028051775,1,0.012
unconstrained,42,82,0.01926501028051775,1,0.012
unconstrained,42,83,0.01926501028051775,1,0.012
unconstrained,42,84,0.01926501028051775,1,0.012
unconstrained,42,85,0.01926501028051775,1,0.012
unconstrained,42,86,0.01926501028051775,1,0.012
unconstrained,42,87,0.01926501028051775,1,0.012
unconstrained,42,88,0.01926501028051775,1,0.012
unconstrained,42,89,0.01926501028051775,1,0.012
unconstrained,42,90,0.01926501028051775,1,0.012
unconstrained,42,91,0.01926501028051775,1,0.012
unconstrained,42,92,0.01926501028051775,1,0.012
unconstrained,42,93,0.01926501028051775,1,0.012
unconstrained,42,94,0.01926501028051775,1,0.012
unconstrained,42,95,0.01926501028051775,1,0.012
unconstrained,42,96,0.01926501028051775,1,0.012
unconstrained,42,97,0.01926501028051775,1,0.012
unconstrained,42,98,0.01926501028051775,1,0.012
unconstrained,42,99,0.01926501028051775,1,0.012
unconstrained,42,100,0.01926501028051775,1,0.012
unconstrained,42,101,0.014437294641449364,1,0.012
unconstrained,42,102,0.014437294641449364,1,0.012
unconstrained,42,103,0.014437294641449364,1,0.012
unconstrained,42,104,0.014437294641449364,1,0.012
unconstrained,42,105,0.015102106092589976,1,0.012
unconstrained,42,106,0.015102106092589976,1,0.012
unconstrained,42,107,0.015102106092589976,1,0.012
unconstrained,42,108,0.015102106092589976,1,0.012
unconstrained,42,109,0.015102106092589976,1,0.012
unconstrained,42,110,0.015102106092589976,1,0.012
unconstrained,42,111,0.015946334007882645,1,0.012
unconstrained,42,112,0.015946334007882645,1,0.012
unconstrained,42,113,0.018527333113357376,1,0.012
unconstrained,42,114,0.018527333113357376,1,0.012
unconstrained,42,115,0.018527333113357376,1,0.012
unconstrained,42,116,0.018527333113357376,1,0.012
unconstrained,42,117,0.018527333113357376,1,0.012
unconstrained,42,118,0.018002982245556718,1,0.012
unconstrained,42,119,0.018002982245556718,1,0.012
unconstrained,42,120,0.019616036773933063,1,0.012
unconstrained,42,121,0.019616036773933063,1,0.012
unconstrained,42,122,0.019616036773933063,1,0.012
unconstrained,42,123,0.019616036773933063,1,0.012
unconstrained,42,124,0.019616036773933063,1,0.012
unconstrained,42,125,0.019616036773933063,1,0.012
unconstrained,42,126,0.019756879836432442,1,0.012
unconstrained,42,127,0.01983112833822329,1,0.012
unconstrained,42,128,0.01983112833822329,1,0.012
unconstrained,42,129,0.01983112833822329,1,0.012
unconstrained,42,130,0.01983112833822329,1,0.012
unconstrained,42,131,0.01983112833822329,1,0.012
unconstrained,42,132,0.01983112833822329,1,0.012
unconstrained,42,133,0.022679344265801052,1,0.012
unconstrained,42,134,0.027022083772018275,1,0.012
unconstrained,42,135,0.027022083772018275,1,0.012
unconstrained,42,136,0.027022083772018275,1,0.012
unconstrained,42,137,0.027022083772018275,1,0.012
unconstrained,42,138,0.027022083772018275,1,0.012
unconstrained,42,139,0.027022083772018275,1,0.012
unconstrained,42,140,0.027022083772018275,1,0.012
unconstrained,42,141,0.027022083772018275,1,0.012
unconstrained,42,142,0.027022083772018275,1,0.012
unconstrained,42,143,0.027022083772018275,1,0.012
unconstrained,42,144,0.027022083772018275,1,0.012
unconstrained,42,145,0.027022083772018275,1,0.012
unconstrained,42,146,0.027022083772018275,1,0.012
unconstrained,42,147,0.029259026097713015,1,0.012
unconstrained,42,148,0.029650182013930906,1,0.012
unconstrained,42,149,0.029650182013930906,1,0.012
unconstrained,42,150,0.029650182013930906,1,0.012
unconstrained,42,151,0.029650182013930906,1,0.012
unconstrained,42,152,0.029650182013930906,1,0.012
unconstrained,42,153,0.029650182013930906,1,0.012
unconstrained,42,154,0.029650182013930906,1,0.012
unconstrained,42,155,0.029650182013930906,1,0.012
unconstrained,42,156,0.029650182013930906,1,0.012
unconstrained,42,157,0.029650182013930906,1,0.012
unconstrained,42,158,0.029650182013930906,1,0.012
unconstrained,42,159,0.029650182013930906,1,0.012
unconstrained,42,160,0.029650182013930906,1,0.012
unconstrained,42,161,0.029650182013930906,1,0.012
unconstrained,42,162,0.029650182013930906,1,0.012
unconstrained,42,163,0.029650182013930906,1,0.012
unconstrained,42,164,0.029650182013930906,1,0.012
unconstrained,42,165,0.029650182013930906,1,0.012
unconstrained,42,166,0.029650182013930906,1,0.012
unconstrained,42,167,0.029650182013930906,1,0.012
unconstrained,42,168,0.029650182013930906,1,0.012
unconstrained,42,169,0.029650182013930906,1,0.012
unconstrained,42,170,0.029650182013930906,1,0.012
unconstrained,42,171,0.029650182013930906,1,0.012
unconstrained,42,172,0.029650182013930906,1,0.012
unconstrained,42,173,0.029650182013930906,1,0.012
unconstrained,42,174,0.029650182013930906,1,0.012
unconstrained,42,175,0.029650182013930906,1,0.012
unconstrained,42,176,0.029650182013930906,1,0.012
unconstrained,42,177,0.029650182013930906,1,0.012
unconstrained,42,178,0.029650182013930906,1,0.012
unconstrained,42,179,0.029650182013930906,1,0.012
unconstrained,42,180,0.029650182013930906,1,0.012
unconstrained,42,181,0.029650182013930906,1,0.012
unconstrained,42,182,0.029650182013930906,1,0.012
unconstrained,42,183,0.029650182013930906,1,0.012
unconstrained,42,184,0.029650182013930906,1,0.012
unconstrained,42,185,0.029650182013930906,1,0.012
unconstrained,42,186,0.026276016941717134,1,0.012
unconstrained,42,187,0.026276016941717134,1,0.012
unconstrained,42,188,0.026276016941717134,1,0.012
unconstrained,42,189,0.026276016941717134,1,0.012
unconstrained,42,190,0.026276016941717134,1,0.012
unconstrained,42,191,0.026276016941717134,1,0.012
unconstrained,42,192,0.026276016941717134,1,0.012
unconstrained,42,193,0.026276016941717134,1,0.012
unconstrained,42,194,0.026276016941717134,1,0.012
unconstrained,42,195,0.026276016941717134,1,0.012
unconstrained,42,196,0.026276016941717134,1,0.012
unconstrained,42,197,0.024576681403523638,1,0.012
unconstrained,42,198,0.024576681403523638,1,0.012
unconstrained,42,199,0.020334361644588215,1,0.012
unconstrained,42,200,0.01668796130897858,1,0.012
unconstrained,42,201,0.01668796130897858,1,0.012
unconstrained,42,202,0.01668796130897858,1,0.012
unconstrained,42,203,0.016377238648860926,1,0.012
unconstrained,42,204,0.016377238648860926,1,0.012
unconstrained,42,205,0.016377238648860926,1,0.012
unconstrained,42,206,0.016377238648860926,1,0.012
unconstrained,42,207,0.016377238648860926,1,0.012
unconstrained,42,208,0.016377238648860926,1,0.012
unconstrained,42,209,0.016377238648860926,1,0.012
unconstrained,42,210,0.016377238648860926,1,0.012
unconstrained,42,211,0.016040083059538055,1,0.012
unconstrained,42,212,0.016040083059538055,1,0.012
unconstrained,42,213,0.016040083059538055,1,0.012
unconstrained,42,214,0.016040083059538055,1,0.012
unconstrained,42,215,0.016040083059538055,1,0.012
unconstrained,42,216,0.016040083059538055,1,0.012
unconstrained,42,217,0.016040083059538055,1,0.012
unconstrained,42,218,0.016040083059538055,1,0.012
unconstrained,42,219,0.016040083059538055,1,0.012
unconstrained,42,220,0.016040083059538055,1,0.012
unconstrained,42,221,0.016040083059538055,1,0.012
unconstrained,42,222,0.015649930883346052,1,0.012
unconstrained,42,223,0.015649930883346052,1,0.012
unconstrained,42,224,0.015146279805117242,1,0.012
unconstrained,42,225,0.015146279805117242,1,0.012
unconstrained,42,226,0.015146279805117242,1,0.012
unconstrained,42,227,0.015146279805117242,1,0.012
unconstrained,42,228,0.015146279805117242,1,0.012
unconstrained,42,229,0.015146279805117242,1,0.012
unconstrained,42,230,0.015146279805117242,1,0.012
unconstrained,42,231,0.015146279805117242,1,0.012
unconstrained,42,232,0.015146279805117242,1,0.012
unconstrained,42,233,0.015146279805117242,1,0.012
unconstrained,42,234,0.015146279805117242,1,0.012
unconstrained,42,235,0.015146279805117242,1,0.012
unconstrained,42,236,0.015146279805117242,1,0.012
unconstrained,42,237,0.015146279805117242,1,0.012
unconstrained,42,238,0.015146279805117242,1,0.012
unconstrained,42,239,0.015146279805117242,1,0.012
unconstrained,42,240,0.015146279805117242,1,0.012
unconstrained,42,241,0.015146279805117242,1,0.012
unconstrained,42,242,0.015146279805117242,1,0.012
unconstrained,42,243,0.015146279805117242,1,0.012
unconstrained,42,244,0.015146279805117242,1,0.012
unconstrained,42,245,0.014990352874079913,1,0.012
unconstrained,42,246,0.014990352874079913,1,0.012
unconstrained,42,247,0.014641064111272271,1,0.012
unconstrained,42,248,0.014641064111272271,1,0.012
unconstrained,42,249,0.014641064111272271,1,0.012
unconstrained,42,250,0.014836750170182498,1,0.012
unconstrained,42,251,0.014836750170182498,1,0.012
unconstrained,42,252,0.014364313154674069,1,0.012
unconstrained,42,253,0.013198588785668021,1,0.012
unconstrained,42,254,0.013198588785668021,1,0.012
unconstrained,42,255,0.013198588785668021,1,0.012
unconstrained,42,256,0.012447687652030017,1,0.012
unconstrained,42,257,0.012447687652030017,1,0.012
unconstrained,42,258,0.012447687652030017,1,0.012
unconstrained,42,259,0.012447687652030017,1,0.012
unconstrained,42,260,0.014764691227748136,1,0.012
unconstrained,42,261,0.014764691227748136,1,0.012
unconstrained,42,262,0.014764691227748136,1,0.012
unconstrained,42,263,0.014764691227748136,1,0.012
unconstrained,42,264,0.014764691227748136,1,0.012
unconstrained,42,265,0.014764691227748136,1,0.012
unconstrained,42,266,0.014764691227748136,1,0.012
unconstrained,2025,52,0.07071356235213982,1,0.012
unconstrained,2025,53,0.07071356235213982,1,0.012
unconstrained,2025,54,0.07071356235213982,1,0.012
unconstrained,2025,55,0.07071356235213982,1,0.012
unconstrained,2025,56,0.07071356235213982,1,0.012
unconstrained,2025,57,0.07071356235213982,1,0.012
unconstrained,2025,58,0.07071356235213982,1,0.012
unconstrained,2025,59,0.07071356235213982,1,0.012
unconstrained,2025,60,0.07071356235213982,1,0.012
unconstrained,2025,61,0.07071356235213982,1,0.012
unconstrained,2025,62,0.07071356235213982,1,0.012
unconstrained,2025,63,0.07071356235213982,1,0.012
unconstrained,2025,64,0.07071356235213982,1,0.012
unconstrained,2025,65,0.07071356235213982,1,0.012
unconstrained,2025,66,0.06303668593589408,1,0.012
unconstrained,2025,67,0.06303668593589408,1,0.012
unconstrained,2025,68,0.04342831147941376,1,0.012
unconstrained,2025,69,0.018922652750907463,1,0.012
unconstrained,2025,70,0.018922652750907463,1,0.012
unconstrained,2025,71,0.018922652750907463,1,0.012
unconstrained,2025,72,0.018922652750907463,1,0.012
unconstrained,2025,73,0.018922652750907463,1,0.012
unconstrained,2025,74,0.018922652750907463,1,0.012
unconstrained,2025,75,0.018922652750907463,1,0.012
unconstrained,2025,76,0.018922652750907463,1,0.012
unconstrained,2025,77,0.018922652750907463,1,0.012
unconstrained,2025,78,0.018922652750907463,1,0.012
unconstrained,2025,79,0.018922652750907463,1,0.012
unconstrained,2025,80,0.018922652750907463,1,0.012
unconstrained,2025,81,0.018922652750907463,1,0.012
unconstrained,2025,82,0.018922652750907463,1,0.012
unconstrained,2025,83,0.018922652750907463,1,0.012
unconstrained,2025,84,0.018922652750907463,1,0.012
unconstrained,2025,85,0.018922652750907463,1,0.012
unconstrained,2025,86,0.018922652750907463,1,0.012
unconstrained,2025,87,0.018922652750907463,1,0.012
unconstrained,2025,88,0.018922652750907463,1,0.012
unconstrained,2025,89,0.018922652750907463,1,0.012
unconstrained,2025,90,0.018716976984509495,1,0.012
unconstrained,2025,91,0.018716976984509495,1,0.012
unconstrained,2025,92,0.018716976984509495,1,0.012
unconstrained,2025,93,0.018716976984509495,1,0.012
unconstrained,2025,94,0.018716976984509495,1,0.012
unconstrained,2025,95,0.018716976984509495,1,0.012
unconstrained,2025,96,0.018716976984509495,1,0.012
unconstrained,2025,97,0.018716976984509495,1,0.012
unconstrained,2025,98,0.018716976984509495,1,0.012
unconstrained,2025,99,0.018716976984509495,1,0.012
unconstrained,2025,100,0.018716976984509495,1,0.012
unconstrained,2025,101,0.013448476833266271,1,0.012
unconstrained,2025,102,0.013448476833266271,1,0.012
unconstrained,2025,103,0.013448476833266271,1,0.012
unconstrained,2025,104,0.013448476833266271,1,0.012
unconstrained,2025,105,0.013961065753134508,1,0.012
unconstrained,2025,106,0.013961065753134508,1,0.012
unconstrained,2025,107,0.013961065753134508,1,0.012
unconstrained,2025,108,0.013961065753134508,1,0.012
unconstrained,2025,109,0.013961065753134508,1,0.012
unconstrained,2025,110,0.013961065753134508,1,0.012
unconstrained,2025,111,0.01643276567635157,1,0.012
unconstrained,2025,112,0.01643276567635157,1,0.012
unconstrained,2025,113,0.01922234206907722,1,0.012
unconstrained,2025,114,0.01922234206907722,1,0.012
unconstrained,2025,115,0.01922234206907722,1,0.012
unconstrained,2025,116,0.01922234206907722,1,0.012
unconstrained,2025,117,0.01922234206907722,1,0.012
unconstrained,2025,118,0.018228422020225694,1,0.012
unconstrained,2025,119,0.018228422020225694,1,0.012
unconstrained,2025,120,0.022080734684134493,1,0.012
unconstrained,2025,121,0.022080734684134493,1,0.012
unconstrained,2025,122,0.022080734684134493,1,0.012
unconstrained,2025,123,0.022080734684134493,1,0.012
unconstrained,2025,124,0.02214672799676746,1,0.012
unconstrained,2025,125,0.02214672799676746,1,0.012
unconstrained,2025,126,0.02214672799676746,1,0.012
unconstrained,2025,127,0.02214672799676746,1,0.012
unconstrained,2025,128,0.02214672799676746,1,0.012
unconstrained,2025,129,0.02214672799676746,1,0.012
unconstrained,2025,130,0.02214672799676746,1,0.012
unconstrained,2025,131,0.02214672799676746,1,0.012
unconstrained,2025,132,0.02214672799676746,1,0.012
unconstrained,2025,133,0.026221673589958378,1,0.012
unconstrained,2025,134,0.029537792553693803,1,0.012
unconstrained,2025,135,0.029537792553693803,1,0.012
unconstrained,2025,136,0.029537792553693803,1,0.012
unconstrained,2025,137,0.029537792553693803,1,0.012
unconstrained,2025,138,0.029537792553693803,1,0.012
unconstrained,2025,139,0.029537792553693803,1,0.012
unconstrained,2025,140,0.029537792553693803,1,0.012
unconstrained,2025,141,0.029537792553693803,1,0.012
unconstrained,2025,142,0.029537792553693803,1,0.012
unconstrained,2025,143,0.029537792553693803,1,0.012
unconstrained,2025,144,0.029537792553693803,1,0.012
unconstrained,2025,145,0.029657432156913525,1,0.012
unconstrained,2025,146,0.029657432156913525,1,0.012
unconstrained,2025,147,0.031217779034754093,1,0.012
unconstrained,2025,148,0.031217779034754093,1,0.012
unconstrained,2025,149,0.031217779034754093,1,0.012
unconstrained,2025,150,0.031217779034754093,1,0.012
unconstrained,2025,151,0.031217779034754093,1,0.012
unconstrained,2025,152,0.031217779034754093,1,0.012
unconstrained,2025,153,0.031217779034754093,1,0.012
unconstrained,2025,154,0.031217779034754093,1,0.012
unconstrained,2025,155,0.031217779034754093,1,0.012
unconstrained,2025,156,0.031217779034754093,1,0.012
unconstrained,2025,157,0.031217779034754093,1,0.012
unconstrained,2025,158,0.031217779034754093,1,0.012
unconstrained,2025,159,0.031217779034754093,1,0.012
unconstrained,2025,160,0.031217779034754093,1,0.012
unconstrained,2025,161,0.031217779034754093,1,0.012
unconstrained,2025,162,0.031217779034754093,1,0.012
unconstrained,2025,163,0.031217779034754093,1,0.012
unconstrained,2025,164,0.031217779034754093,1,0.012
unconstrained,2025,165,0.031217779034754093,1,0.012
unconstrained,2025,166,0.031217779034754093,1,0.012
unconstrained,2025,167,0.031217779034754093,1,0.012
unconstrained,2025,168,0.031217779034754093,1,0.012
unconstrained,2025,169,0.031217779034754093,1,0.012
unconstrained,2025,170,0.031217779034754093,1,0.012
unconstrained,2025,171,0.031217779034754093,1,0.012
unconstrained,2025,172,0.031217779034754093,1,0.012
unconstrained,2025,173,0.031217779034754093,1,0.012
unconstrained,2025,174,0.031217779034754093,1,0.012
unconstrained,2025,175,0.031217779034754093,1,0.012
unconstrained,2025,176,0.031217779034754093,1,0.012
unconstrained,2025,177,0.031217779034754093,1,0.012
unconstrained,2025,178,0.031217779034754093,1,0.012
unconstrained,2025,179,0.031217779034754093,1,0.012
unconstrained,2025,180,0.031217779034754093,1,0.012
unconstrained,2025,181,0.031217779034754093,1,0.012
unconstrained,2025,182,0.031217779034754093,1,0.012
unconstrained,2025,183,0.031217779034754093,1,0.012
unconstrained,2025,184,0.031217779034754093,1,0.012
unconstrained,2025,185,0.029942044215408095,1,0.012
unconstrained,2025,186,0.02699336885157788,1,0.012
unconstrained,2025,187,0.02699336885157788,1,0.012
unconstrained,2025,188,0.02699336885157788,1,0.012
unconstrained,2025,189,0.02699336885157788,1,0.012
unconstrained,2025,190,0.02699336885157788,1,0.012
unconstrained,2025,191,0.02699336885157788,1,0.012
unconstrained,2025,192,0.02699336885157788,1,0.012
unconstrained,2025,193,0.02699336885157788,1,0.012
unconstrained,2025,194,0.02699336885157788,1,0.012
unconstrained,2025,195,0.02699336885157788,1,0.012
unconstrained,2025,196,0.02699336885157788,1,0.012
unconstrained,2025,197,0.02572394203848181,1,0.012
unconstrained,2025,198,0.02572394203848181,1,0.012
unconstrained,2025,199,0.02280897565439216,1,0.012
unconstrained,2025,200,0.019125502288117064,1,0.012
unconstrained,2025,201,0.018048356508424113,1,0.012
unconstrained,2025,202,0.018048356508424113,1,0.012
unconstrained,2025,203,0.018048356508424113,1,0.012
unconstrained,2025,204,0.01914902922418084,1,0.012
unconstrained,2025,205,0.01914902922418084,1,0.012
unconstrained,2025,206,0.018157076137640896,1,0.012
unconstrained,2025,207,0.018157076137640896,1,0.012
unconstrained,2025,208,0.018157076137640896,1,0.012
unconstrained,2025,209,0.018157076137640896,1,0.012
unconstrained,2025,210,0.018157076137640896,1,0.012
unconstrained,2025,211,0.018157076137640896,1,0.012
unconstrained,2025,212,0.018157076137640896,1,0.012
unconstrained,2025,213,0.018157076137640896,1,0.012
unconstrained,2025,214,0.018157076137640896,1,0.012
unconstrained,2025,215,0.018157076137640896,1,0.012
unconstrained,2025,216,0.018157076137640896,1,0.012
unconstrained,2025,217,0.018157076137640896,1,0.012
unconstrained,2025,218,0.018157076137640896,1,0.012
unconstrained,2025,219,0.018157076137640896,1,0.012
unconstrained,2025,220,0.018157076137640896,1,0.012
unconstrained,2025,221,0.018157076137640896,1,0.012
unconstrained,2025,222,0.018157076137640896,1,0.012
unconstrained,2025,223,0.018157076137640896,1,0.012
unconstrained,2025,224,0.018157076137640896,1,0.012
unconstrained,2025,225,0.018157076137640896,1,0.012
unconstrained,2025,226,0.018157076137640896,1,0.012
unconstrained,2025,227,0.018157076137640896,1,0.012
unconstrained,2025,228,0.018157076137640896,1,0.012
unconstrained,2025,229,0.018157076137640896,1,0.012
unconstrained,2025,230,0.018157076137640896,1,0.012
unconstrained,2025,231,0.018157076137640896,1,0.012
unconstrained,2025,232,0.018157076137640896,1,0.012
unconstrained,2025,233,0.018157076137640896,1,0.012
unconstrained,2025,234,0.018157076137640896,1,0.012
unconstrained,2025,235,0.018157076137640896,1,0.012
unconstrained,2025,236,0.018157076137640896,1,0.012
unconstrained,2025,237,0.018157076137640896,1,0.012
unconstrained,2025,238,0.018157076137640896,1,0.012
unconstrained,2025,239,0.018157076137640896,1,0.012
unconstrained,2025,240,0.018157076137640896,1,0.012
unconstrained,2025,241,0.018157076137640896,1,0.012
unconstrained,2025,242,0.018157076137640896,1,0.012
unconstrained,2025,243,0.018157076137640896,1,0.012
unconstrained,2025,244,0.018157076137640896,1,0.012
unconstrained,2025,245,0.01753781767602695,1,0.012
unconstrained,2025,246,0.01753781767602695,1,0.012
unconstrained,2025,247,0.01734179098487006,1,0.012
unconstrained,2025,248,0.01734179098487006,1,0.012
unconstrained,2025,249,0.01734179098487006,1,0.012
unconstrained,2025,250,0.01734179098487006,1,0.012
unconstrained,2025,251,0.01734179098487006,1,0.012
unconstrained,2025,252,0.01624905232331655,1,0.012
unconstrained,2025,253,0.016218898229032053,1,0.012
unconstrained,2025,254,0.016218898229032053,1,0.012
unconstrained,2025,255,0.016218898229032053,1,0.012
unconstrained,2025,256,0.013183372378483061,1,0.012
unconstrained,2025,257,0.013183372378483061,1,0.012
unconstrained,2025,258,0.013183372378483061,1,0.012
unconstrained,2025,259,0.013183372378483061,1,0.012
unconstrained,2025,260,0.014962660578456445,1,0.012
unconstrained,2025,261,0.014962660578456445,1,0.012
unconstrained,2025,262,0.014962660578456445,1,0.012
unconstrained,2025,263,0.014962660578456445,1,0.012
unconstrained,2025,264,0.014962660578456445,1,0.012
unconstrained,2025,265,0.014962660578456445,1,0.012
unconstrained,2025,266,0.014962660578456445,1,0.012
