arm,seed,update,lagrange
mis-scaled dual,7,1,0.0
mis-scaled dual,7,2,0.0
mis-scaled dual,7,3,0.0
mis-scaled dual,7,4,0.0
mis-scaled dual,7,5,0.0
mis-scaled dual,7,6,0.0
mis-scaled dual,7,7,0.0
mis-scaled dual,7,8,0.0
mis-scaled dual,7,9,0.0
mis-scaled dual,7,10,0.0
mis-scaled dual,7,11,0.0
mis-scaled dual,7,12,0.0
mis-scaled dual,7,13,0.0
mis-scaled dual,7,14,0.0
mis-scaled dual,7,15,0.0
mis-scaled dual,7,16,0.0
mis-scaled dual,7,17,0.0
mis-scaled dual,7,18,0.0
mis-scaled dual,7,19,0.0
mis-scaled dual,7,20,0.0
mis-scaled dual,7,21,0.0
mis-scaled dual,7,22,0.0
mis-scaled dual,7,23,0.0
mis-scaled dual,7,24,0.0
mis-scaled dual,7,25,0.0
mis-scaled dual,7,26,0.0
mis-scaled dual,7,27,0.0
mis-scaled dual,7,28,0.0
mis-scaled dual,7,29,0.0
mis-scaled dual,7,30,0.0
mis-scaled dual,7,31,0.0
mis-scaled dual,7,32,0.0
mis-scaled dual,7,33,0.0
mis-scaled dual,7,34,0.0
mis-scaled dual,7,35,0.0
mis-scaled dual,7,36,0.0
mis-scaled dual,7,37,0.0
mis-scaled dual,7,38,0.0
mis-scaled dual,7,39,0.0
mis-scaled dual,7,40,0.0
mis-scaled dual,7,41,0.0
mis-scaled dual,7,42,0.0
mis-scaled dual,7,43,0.0
mis-scaled dual,7,44,0.0
mis-scaled dual,7,45,0.0
mis-scaled dual,7,46,0.0
mis-scaled dual,7,47,0.0
mis-scaled dual,7,48,0.0
mis-scaled dual,7,49,0.0
mis-scaled dual,7,50,0.0
mis-scaled dual,7,51,0.0
mis-scaled dual,7,52,0.0
mis-scaled dual,7,53,0.0
mis-scaled dual,7,54,0.0
mis-scaled dual,7,55,0.0
mis-scaled dual,7,56,0.0
mis-scaled dual,7,57,0.0
mis-scaled dual,7,58,0.0
mis-scaled dual,7,59,0.0
mis-scaled dual,7,60,0.0
mis-scaled dual,7,61,0.0
mis-scaled dual,7,62,0.0
mis-scaled dual,7,63,0.0
mis-scaled dual,7,64,0.0
mis-scaled dual,7,65,0.0
mis-scaled dual,7,66,0.0
mis-scaled dual,7,67,0.0
mis-scaled dual,7,68,0.0
mis-scaled dual,7,69,0.0
mis-scaled dual,7,70,0.0
mis-scaled dual,7,71,0.0
mis-scaled dual,7,72,0.0
mis-scaled dual,7,73,0.0
mis-scaled dual,7,74,0.0
mis-scaled dual,7,75,0.0
mis-scaled dual,7,76,0.0
mis-scaled dual,7,77,0.0
mis-scaled dual,7,78,0.0
mis-scaled dual,7,79,0.0
mis-scaled dual,7,80,0.0
mis-scaled dual,7,81,0.0
mis-scaled dual,7,82,0.0
mis-scaled dual,7,83,0.0
mis-scaled dual,7,84,0.0
mis-scaled dual,7,85,0.0
mis-scaled dual,7,86,0.0
mis-scaled dual,7,87,0.0
mis-scaled dual,7,88,0.0
mis-scaled dual,7,89,0.0
mis-scaled dual,7,90,0.0
mis-scaled dual,7,91,0.0
mis-scaled dual,7,92,0.0
mis-scaled dual,7,93,0.0
mis-scaled dual,7,94,0.0
mis-scaled dual,7,95,0.0
mis-scaled dual,7,96,0.0
mis-scaled dual,7,97,0.0
mis-scaled dual,7,98,0.0
mis-scaled dual,7,99,0.0
mis-scaled dual,7,100,0.0
mis-scaled dual,7,101,0.0
mis-scaled dual,7,102,0.0
mis-scaled dual,7,103,0.0
mis-scaled dual,7,104,0.0
mis-scaled dual,7,105,0.0
mis-scaled dual,7,106,0.0
mis-scaled dual,7,107,0.0
mis-scaled dual,7,108,0.0
mis-scaled dual,7,109,0.0
mis-scaled dual,7,110,0.0
mis-scaled dual,7,111,0.0
mis-scaled dual,7,112,0.0
mis-scaled dual,7,113,0.0
mis-scaled dual,7,114,0.0
mis-scaled dual,7,115,0.0
mis-scaled dual,7,116,0.0
mis-scaled dual,7,117,0.0
mis-scaled dual,7,118,0.0
mis-scaled dual,7,119,0.0
mis-scaled dual,7,120,0.0
mis-scaled dual,7,121,0.0
mis-scaled dual,7,122,0.0
mis-scaled dual,7,123,0.0
mis-scaled dual,7,124,0.0
mis-scaled dual,7,125,0.0
mis-scaled dual,7,126,0.0
mis-scaled dual,7,127,0.0
mis-scaled dual,7,128,0.0
mis-scaled dual,7,129,0.0
mis-scaled dual,7,130,0.0
mis-scaled dual,7,131,0.0
mis-scaled dual,7,132,0.0
mis-scaled dual,7,133,0.0
mis-scaled dual,7,134,0.0
mis-scaled dual,7,135,0.0
mis-scaled dual,7,136,0.0
mis-scaled dual,7,137,0.0
mis-scaled dual,7,138,0.0
mis-scaled dual,7,139,0.0
mis-scaled dual,7,140,0.0
mis-scaled dual,7,141,0.0
mis-scaled dual,7,142,0.0
mis-scaled dual,7,143,0.0
mis-scaled dual,7,144,0.0
mis-scaled dual,7,145,0.0
mis-scaled dual,7,146,0.0
mis-scaled dual,7,147,0.0
mis-scaled dual,7,148,0.0
mis-scaled dual,7,149,0.0
mis-scaled dual,7,150,0.0
mis-scaled dual,7,151,0.0
mis-scaled dual,7,152,0.0
mis-scaled dual,7,153,0.0
mis-scaled dual,7,154,0.0
mis-scaled dual,7,155,0.0
mis-scaled dual,7,156,0.0
mis-scaled dual,7,157,0.0
mis-scaled dual,7,158,0.0
mis-scaled dual,7,159,0.0
mis-scaled dual,7,160,0.0
mis-scaled dual,7,161,0.0
mis-scaled dual,7,162,0.0
mis-scaled dual,7,163,0.0
mis-scaled dual,7,164,0.0
mis-scaled dual,7,165,0.0
mis-scaled dual,7,166,0.0
mis-scaled dual,7,167,0.0
mis-scaled dual,7,168,0.0
mis-scaled dual,7,169,0.0
mis-scaled dual,7,170,0.0
mis-scaled dual,7,171,0.0
mis-scaled dual,7,172,0.0
mis-scaled dual,7,173,0.0
mis-scaled dual,7,174,0.0
mis-scaled dual,7,175,0.0
mis-scaled dual,7,176,0.0
mis-scaled dual,7,177,0.0
mis-scaled dual,7,178,0.0
mis-scaled dual,7,179,0.0
mis-scaled dual,7,180,0.0
mis-scaled dual,7,181,0.0
mis-scaled dual,7,182,0.0
mis-scaled dual,7,183,0.0
mis-scaled dual,7,184,0.0
mis-scaled dual,7,185,0.0
mis-scaled dual,7,186,0.0
mis-scaled dual,7,187,0.0
mis-scaled dual,7,188,0.0
mis-scaled dual,7,189,0.0
mis-scaled dual,7,190,0.0
mis-scaled dual,7,191,0.0
mis-scaled dual,7,192,0.0
mis-scaled dual,7,193,0.0
mis-scaled dual,7,194,0.0
mis-scaled dual,7,195,0.0
mis-scaled dual,7,196,0.0
mis-scaled dual,7,197,0.0
mis-scaled dual,7,198,0.0
mis-scaled dual,7,199,0.0
mis-scaled dual,7,200,0.0
mis-scaled dual,7,201,0.0
mis-scaled dual,7,202,0.0
mis-scaled dual,7,203,0.0
mis-scaled dual,7,204,0.0
mis-scaled dual,7,205,0.0
mis-scaled dual,7,206,0.0
mis-scaled dual,7,207,0.0
mis-scaled dual,7,208,0.0
mis-scaled dual,7,209,0.0
mis-scaled dual,7,210,0.0
mis-scaled dual,7,211,0.0
mis-scaled dual,7,212,0.0
mis-scaled dual,7,213,0.0
mis-scaled dual,7,214,0.0
mis-scaled dual,7,215,0.0
mis-scaled dual,7,216,0.0
mis-scaled dual,7,217,0.0
mis-scaled dual,7,218,0.0
mis-scaled dual,7,219,0.0
mis-scaled dual,7,220,0.0
mis-scaled dual,7,221,0.0
mis-scaled dual,7,222,0.0
mis-scaled dual,7,223,0.0
mis-scaled dual,7,224,0.0
mis-scaled dual,7,225,0.0
mis-scaled dual,7,226,0.0
mis-scaled dual,7,227,0.0
mis-scaled dual,7,228,0.0
mis-scaled dual,7,229,0.0
mis-scaled dual,7,230,0.0
mis-scaled dual,7,231,0.0
mis-scaled dual,7,232,0.0
mis-scaled dual,7,233,0.0
mis-scaled dual,7,234,0.0
mis-scaled dual,7,235,0.0
mis-scaled dual,7,236,0.0
mis-scaled dual,7,237,0.0
mis-scaled dual,7,238,0.0
mis-scaled dual,7,239,0.0
mis-scaled dual,7,240,0.0
mis-scaled dual,7,241,0.0
mis-scaled dual,7,242,0.0
mis-scaled dual,7,243,0.0
mis-scaled dual,7,244,0.0
mis-scaled dual,7,245,0.0
mis-scaled dual,7,246,0.0
mis-scaled dual,7,247,0.0
mis-scaled dual,7,248,0.0
mis-scaled dual,7,249,0.0
mis-scaled dual,7,250,0.0
mis-scaled dual,7,251,0.0
mis-scaled dual,7,252,0.0
mis-scaled dual,7,253,0.0
mis-scaled dual,7,254,0.0
mis-scaled dual,7,255,0.0
mis-scaled dual,7,256,0.0
mis-scaled dual,7,257,0.0
mis-scaled dual,7,258,0.0
mis-scaled dual,7,259,0.0
mis-scaled dual,7,260,0.0
mis-scaled dual,7,261,0.0
mis-scaled dual,7,262,0.0
mis-scaled dual,7,263,0.0
mis-scaled dual,7,264,0.0
mis-scaled dual,7,265,0.0
mis-scaled dual,7,266,0.0
mis-scaled dual,7,267,0.0
mis-scaled dual,7,268,0.0
mis-scaled dual,7,269,0.0
mis-scaled dual,7,270,0.0
mis-scaled dual,7,271,0.0
mis-scaled dual,7,272,0.0
mis-scaled dual,7,273,0.0
mis-scaled dual,7,274,0.0
mis-scaled dual,7,275,0.0
mis-scaled dual,7,276,0.0
mis-scaled dual,7,277,0.0
mis-scaled dual,7,278,0.0
mis-scaled dual,7,279,0.0
mis-scaled dual,7,280,0.0
mis-scaled dual,7,281,0.0
mis-scaled dual,7,282,0.0
mis-scaled dual,7,283,0.0
mis-scaled dual,7,284,0.0
mis-scaled dual,7,285,0.0
mis-scaled dual,7,286,0.0
mis-scaled dual,7,287,0.0
mis-scaled dual,7,288,0.0
mis-scaled dual,7,289,0.0
mis-scaled dual,7,290,0.0
mis-scaled dual,7,291,0.0
mis-scaled dual,7,292,0.0
mis-scaled dual,7,293,0.0
mis-scaled dual,7,294,0.0
mis-scaled dual,7,295,0.0
mis-scaled dual,7,296,0.0
mis-scaled dual,7,297,0.0
mis-scaled dual,7,298,0.0
mis-scaled dual,7,299,0.0
mis-scaled dual,7,300,0.0
mis-scaled dual,7,301,0.0
mis-scaled dual,7,302,0.0
mis-scaled dual,7,303,0.0
mis-scaled dual,7,304,0.0
mis-scaled dual,7,305,0.0
mis-scaled dual,7,306,0.0
mis-scaled dual,7,307,0.0
mis-scaled dual,7,308,0.0
mis-scaled dual,7,309,0.0
mis-scaled dual,7,310,0.0
mis-scaled dual,7,311,0.0
mis-scaled dual,7,312,0.0
mis-scaled dual,7,313,0.0
mis-scaled dual,7,314,0.0
mis-scaled dual,7,315,0.0
mis-scaled dual,7,316,0.0
mis-scaled dual,7,317,0.0
mis-scaled dual,7,318,0.0
mis-scaled dual,7,319,0.0
mis-scaled dual,7,320,1.4239227503538132e-05
mis-scaled dual,7,321,9.088809810578822e-06
mis-scaled dual,7,322,7.990368023514747e-06
mis-scaled dual,7,323,4.6035288348793975e-06
mis-scaled dual,7,324,2.8046179562806954e-07
mis-scaled dual,7,325,3.118549212813362e-07
mis-scaled dual,7,326,1.426110774278639e-06
mis-scaled dual,7,327,2.8600291311740856e-06
mis-scaled dual,7,328,1.2256988331675527e-05
mis-scaled dual,7,329,1.7150822207331655e-05
mis-scaled dual,7,330,2.138150970637798e-05
mis-scaled dual,7,331,2.2451581753790376e-05
mis-scaled dual,7,332,2.7491175062954423e-05
mis-scaled dual,7,333,4.2725779645144934e-05
mis-scaled dual,7,334,5.05012671276927e-05
mis-scaled dual,7,335,5.8519611872732636e-05
mis-scaled dual,7,336,7.294221306592225e-05
mis-scaled dual,7,337,9.986337555199861e-05
mis-scaled dual,7,338,0.00012910736829787494
mis-scaled dual,7,339,0.00016571420360356572
mis-scaled dual,7,340,0.0001879218009784818
mis-scaled dual,7,341,0.00021518932978063825
mis-scaled dual,7,342,0.0002293658084943891
mis-scaled dual,7,343,0.0002719288130179048
mis-scaled dual,7,344,0.00028668875042349104
mis-scaled dual,7,345,0.00031862748406082396
mis-scaled dual,7,346,0.00033380704189091927
mis-scaled dual,7,347,0.0003870291487649084
mis-scaled dual,7,348,0.00042656681896001105
mis-scaled dual,7,349,0.0004566888477280736
mis-scaled dual,7,350,0.0005409542978480459
mis-scaled dual,7,351,0.0005652295952513815
mis-scaled dual,7,352,0.0005978407326117158
mis-scaled dual,7,353,0.0006812113381996751
mis-scaled dual,7,354,0.0007108878744021058
mis-scaled dual,7,355,0.000740318265773356
mis-scaled dual,7,356,0.0007694469533339143
mis-scaled dual,7,357,0.0007913649652674795
mis-scaled dual,7,358,0.0008198083446994424
mis-scaled dual,7,359,0.0008478608592227101
mis-scaled dual,7,360,0.0008877830427065492
mis-scaled dual,7,361,0.0008951749165579676
mis-scaled dual,7,362,0.0009097567143067718
mis-scaled dual,7,363,0.0009368706009611488
mis-scaled dual,7,364,0.000963813891671598
mis-scaled dual,7,365,0.0009905702249631285
mis-scaled dual,7,366,0.0010104158728048206
mis-scaled dual,7,367,0.0010301029797419906
mis-scaled dual,7,368,0.0010393630829527976
mis-scaled dual,7,369,0.0010657836744561793
mis-scaled dual,7,370,0.0010792792241200806
mis-scaled dual,7,371,0.0011128064811453224
mis-scaled dual,7,372,0.0011878753816112876
mis-scaled dual,7,373,0.0012178738350495696
mis-scaled dual,7,374,0.001291936743222177
mis-scaled dual,7,375,0.001309878793798387
mis-scaled dual,7,376,0.0013825888180956244
mis-scaled dual,7,377,0.0014198465212211012
mis-scaled dual,7,378,0.0014565306786522268
mis-scaled dual,7,379,0.0014815611557289956
mis-scaled dual,7,380,0.0015174485108181833
mis-scaled dual,7,381,0.001538896670512855
mis-scaled dual,7,382,0.001571178074978292
mis-scaled dual,7,383,0.0015925074984952806
mis-scaled dual,7,384,0.0016042863300815224
mis-scaled dual,7,385,0.001640197225280106
mis-scaled dual,7,386,0.001710056053943932
mis-scaled dual,7,387,0.0017407070292308926
mis-scaled dual,7,388,0.0017528938341215253
mis-scaled dual,7,389,0.0017893811174109577
mis-scaled dual,7,390,0.0018182404664829372
mis-scaled dual,7,391,0.0018558526049032805
mis-scaled dual,7,392,0.0018775541662946341
mis-scaled dual,7,393,0.0019227796506956218
mis-scaled dual,7,394,0.0019981370525434614
mis-scaled dual,7,395,0.0020112833841815594
mis-scaled dual,7,396,0.0020462643537893896
mis-scaled dual,7,397,0.0020601297111585743
mis-scaled dual,7,398,0.002077121216662229
mis-scaled dual,7,399,0.0021054292823746807
mis-scaled dual,7,400,0.0021165885516181595
mis-scaled dual,7,401,0.002130943138323725
mis-scaled dual,7,402,0.0021597551650330434
mis-scaled dual,7,403,0.002181042086713017
mis-scaled dual,7,404,0.0022028839239105593
mis-scaled dual,7,405,0.002245250106446446
mis-scaled dual,7,406,0.0022599876772090802
mis-scaled dual,7,407,0.0023029329486712823
mis-scaled dual,7,408,0.0023414853876158603
mis-scaled dual,7,409,0.0023706371533498177
mis-scaled dual,7,410,0.0023852662697359927
mis-scaled dual,7,411,0.0024223729533180602
mis-scaled dual,7,412,0.002501801255546511
mis-scaled dual,7,413,0.002543673490665854
mis-scaled dual,7,414,0.002571952785961331
mis-scaled dual,7,415,0.0025858157833591115
mis-scaled dual,7,416,0.00260945680166036
mis-scaled dual,7,417,0.0026270437072739017
mis-scaled dual,7,418,0.0026542818845137965
mis-scaled dual,7,419,0.0027282045578584085
mis-scaled dual,7,420,0.0028007743845805534
mis-scaled dual,7,421,0.002813225739099086
mis-scaled dual,7,422,0.0028430156992152343
mis-scaled dual,7,423,0.002867105875767768
mis-scaled dual,7,424,0.0028943723316863187
mis-scaled dual,7,425,0.002920160085774959
mis-scaled dual,7,426,0.002953110030837358
mis-scaled dual,7,427,0.0029803100462034355
mis-scaled dual,7,428,0.00299176282734424
mis-scaled dual,7,429,0.003027030189819635
mis-scaled dual,7,430,0.003052692163206638
mis-scaled dual,7,431,0.003084981137461961
mis-scaled dual,7,432,0.0031183487508967527
mis-scaled dual,7,433,0.003139041160948575
mis-scaled dual,7,434,0.0031668953000381595
mis-scaled dual,7,435,0.003187056576825679
mis-scaled dual,7,436,0.0032155231908932336
mis-scaled dual,7,437,0.003251987571097911
mis-scaled dual,7,438,0.0032924167330637584
mis-scaled dual,7,439,0.0033215093188360342
mis-scaled dual,7,440,0.0033507704628184445
mis-scaled dual,7,441,0.0033801368239000447
mis-scaled dual,7,442,0.0034024999372437603
mis-scaled dual,7,443,0.003417459986068309
mis-scaled dual,7,444,0.003456410263665021
mis-scaled dual,7,445,0.0034713406666293744
mis-scaled dual,7,446,0.003486231976397336
mis-scaled dual,7,447,0.003524145602561534
mis-scaled dual,7,448,0.0035390697507634763
mis-scaled dual,7,449,0.0035822675857320433
mis-scaled dual,7,450,0.0035971139796748763
mis-scaled dual,7,451,0.0036264020798578863
mis-scaled dual,7,452,0.003676510037757457
mis-scaled dual,7,453,0.003690606065101922
mis-scaled dual,7,454,0.003712352266646922
mis-scaled dual,7,455,0.0037913740950003267
mis-scaled dual,7,456,0.0038056568879112603
mis-scaled dual,7,457,0.0038207929567024112
mis-scaled dual,7,458,0.003848724376939237
mis-scaled dual,7,459,0.003872151902578771
mis-scaled dual,7,460,0.0038995128057822586
mis-scaled dual,7,461,0.0039330739480480555
mis-scaled dual,7,462,0.003966020447216928
mis-scaled dual,7,463,0.004036534524641931
mis-scaled dual,7,464,0.004062184927277267
mis-scaled dual,7,465,0.004092109768979252
mis-scaled dual,7,466,0.004116599415861071
mis-scaled dual,7,467,0.004127769209049643
mis-scaled dual,7,468,0.004145111402206123
mis-scaled dual,7,469,0.004172113735042513
mis-scaled dual,7,470,0.004199605425737799
mis-scaled dual,7,471,0.0042298935502991086
mis-scaled dual,7,472,0.004300213227175177
mis-scaled dual,7,473,0.0043129649462625395
mis-scaled dual,7,474,0.004332772540263832
mis-scaled dual,7,475,0.004352751099012793
mis-scaled dual,7,476,0.004390294859729708
mis-scaled dual,7,477,0.004419949453972281
mis-scaled dual,7,478,0.004431760827831925
mis-scaled dual,7,479,0.004445178539417685
mis-scaled dual,7,480,0.004468836921297015
mis-scaled dual,7,481,0.004489553314767779
mis-scaled dual,7,482,0.004524417679063977
mis-scaled dual,7,483,0.004555338644765318
mis-scaled dual,7,484,0.004596039946638049
mis-scaled dual,7,485,0.00461722161024064
mis-scaled dual,7,486,0.004630720913134516
mis-scaled dual,7,487,0.0046549384163841615
mis-scaled dual,7,488,0.0046764095164164915
mis-scaled dual,7,489,0.004690728860013188
mis-scaled dual,7,490,0.004732017021767797
mis-scaled dual,7,491,0.004746512055642904
mis-scaled dual,7,492,0.0047834955326989306
mis-scaled dual,7,493,0.004812614348240198
mis-scaled dual,7,494,0.004849103464372457
mis-scaled dual,7,495,0.004887688425101341
mis-scaled dual,7,496,0.0049097522188201554
mis-scaled dual,7,497,0.004934609071291984
mis-scaled dual,7,498,0.004963998603679241
mis-scaled dual,7,499,0.004975534265078605
mis-scaled dual,7,500,0.005013220879502595
mis-scaled dual,7,501,0.005050866158105434
mis-scaled dual,7,502,0.005088435839392246
mis-scaled dual,7,503,0.0051104426361694945
mis-scaled dual,7,504,0.00512185755159706
mis-scaled dual,7,505,0.005158964309684933
mis-scaled dual,7,506,0.005200938342086972
mis-scaled dual,7,507,0.005229799106769265
mis-scaled dual,7,508,0.005271624246768654
mis-scaled dual,7,509,0.0053126825841888796
mis-scaled dual,7,510,0.005348351152978838
mis-scaled dual,7,511,0.0053763942797705536
mis-scaled dual,7,512,0.0053895472200736405
mis-scaled dual,7,513,0.0054033140640035275
mis-scaled dual,7,514,0.005478672665394843
mis-scaled dual,7,515,0.005512537716843188
mis-scaled dual,7,516,0.0055395042757168415
mis-scaled dual,7,517,0.0055661033570542934
mis-scaled dual,7,518,0.005578971470974386
mis-scaled dual,7,519,0.005598954567126929
mis-scaled dual,7,520,0.005629986170224845
mis-scaled dual,7,521,0.005658623141817747
mis-scaled dual,7,522,0.005729348376147448
mis-scaled dual,7,523,0.005765406297378241
mis-scaled dual,7,524,0.005790429491512476
mis-scaled dual,7,525,0.0058053186964914195
mis-scaled dual,7,526,0.005836338080637157
mis-scaled dual,7,527,0.00584522219402343
mis-scaled dual,7,528,0.005875301862515509
mis-scaled dual,7,529,0.00590104007024318
mis-scaled dual,7,530,0.005934782466508449
mis-scaled dual,7,531,0.005948209152318537
mis-scaled dual,7,532,0.006023454571940005
mis-scaled dual,7,533,0.00605158706472069
mis-scaled dual,7,534,0.006069232850410044
mis-scaled dual,7,535,0.006097717070199549
mis-scaled dual,7,536,0.006135560243673623
mis-scaled dual,7,537,0.006164185808427632
mis-scaled dual,7,538,0.006200408383764327
mis-scaled dual,7,539,0.006229050403125585
mis-scaled dual,7,540,0.0062576449697390206
mis-scaled dual,7,541,0.006271951394028963
mis-scaled dual,7,542,0.006286179086171091
mis-scaled dual,7,543,0.006314612992189825
mis-scaled dual,7,544,0.006351744996570051
mis-scaled dual,7,545,0.006428392265282572
mis-scaled dual,7,546,0.006447929924748838
mis-scaled dual,7,547,0.006478497092179954
mis-scaled dual,7,548,0.0064989546636566526
mis-scaled dual,7,549,0.006526164245568216
mis-scaled dual,7,550,0.006559386252306402
mis-scaled dual,7,551,0.006592148889772594
mis-scaled dual,7,552,0.00661868648891896
mis-scaled dual,7,553,0.006630775747083127
mis-scaled dual,7,554,0.006671115040145815
mis-scaled dual,7,555,0.006690987603209913
mis-scaled dual,7,556,0.006717181462369859
mis-scaled dual,7,557,0.006788064038060606
mis-scaled dual,7,558,0.006813789032183588
mis-scaled dual,7,559,0.00682385108422488
mis-scaled dual,7,560,0.0068490857034847145
mis-scaled dual,7,561,0.006874212073259056
mis-scaled dual,7,562,0.006894610915534199
mis-scaled dual,7,563,0.006924013523690403
mis-scaled dual,7,564,0.006953150328658522
mis-scaled dual,7,565,0.006977765979759396
mis-scaled dual,7,566,0.007044337396197023
mis-scaled dual,7,567,0.007077361694328489
mis-scaled dual,7,568,0.0070857753054127115
mis-scaled dual,7,569,0.007106705321930351
mis-scaled dual,7,570,0.0071294754940196894
mis-scaled dual,7,571,0.0071520768918320555
mis-scaled dual,7,572,0.007180833694837989
mis-scaled dual,7,573,0.007207326981656255
mis-scaled dual,7,574,0.007235667435042562
mis-scaled dual,7,575,0.007257562335275115
mis-scaled dual,7,576,0.007266687921978535
mis-scaled dual,7,577,0.007295704422421756
mis-scaled dual,7,578,0.0073175851777270455
mis-scaled dual,7,579,0.007327476708330216
mis-scaled dual,7,580,0.007342627866409721
mis-scaled dual,7,581,0.007352644104830923
mis-scaled dual,7,582,0.007382842051289978
mis-scaled dual,7,583,0.007399010386846962
mis-scaled dual,7,584,0.007428496631495657
mis-scaled dual,7,585,0.007491511833660307
mis-scaled dual,7,586,0.007515305831007662
mis-scaled dual,7,587,0.0075258715888634345
mis-scaled dual,7,588,0.007536777190051975
mis-scaled dual,7,589,0.007566359588168563
mis-scaled dual,7,590,0.007590662773095073
mis-scaled dual,7,591,0.007618861549966039
mis-scaled dual,7,592,0.007639964870713653
mis-scaled dual,7,593,0.0076517439407184735
mis-scaled dual,7,594,0.007668024819158019
mis-scaled dual,7,595,0.00769363322659582
mis-scaled dual,7,596,0.007719410702608527
mis-scaled dual,7,597,0.007758267389737071
mis-scaled dual,7,598,0.00778417670377344
mis-scaled dual,7,599,0.007796508033163846
mis-scaled dual,7,600,0.007827132804758847
mis-scaled dual,7,601,0.007857611280478537
mis-scaled dual,7,602,0.00786980333057791
mis-scaled dual,7,603,0.007904795673497021
mis-scaled dual,7,604,0.007936670231558382
mis-scaled dual,7,605,0.00795617371893674
mis-scaled dual,7,606,0.007980767293967305
mis-scaled dual,7,607,0.007992207496665417
mis-scaled dual,7,608,0.008016136416576801
mis-scaled dual,7,609,0.00804263886388391
mis-scaled dual,7,610,0.008065825333438812
mis-scaled dual,7,611,0.00809600449325889
mis-scaled dual,7,612,0.008107642886988816
mis-scaled dual,7,613,0.008131001602791246
mis-scaled dual,7,614,0.008154993498735127
mis-scaled dual,7,615,0.008178937554500994
mis-scaled dual,7,616,0.008196251947678623
mis-scaled dual,7,617,0.00820651569252461
mis-scaled dual,7,618,0.008264801430039105
mis-scaled dual,7,619,0.008288621452264486
mis-scaled dual,7,620,0.008310327536158261
mis-scaled dual,7,621,0.008323868851013478
mis-scaled dual,7,622,0.008333129872508343
mis-scaled dual,7,623,0.008362021557100113
mis-scaled dual,7,624,0.008385420267619188
mis-scaled dual,7,625,0.008406335140831764
mis-scaled dual,7,626,0.008416711683742696
mis-scaled dual,7,627,0.008476215740196401
mis-scaled dual,7,628,0.008499255243323737
mis-scaled dual,7,629,0.008522313488386566
mis-scaled dual,7,630,0.008547500531963998
mis-scaled dual,7,631,0.008606125181488688
mis-scaled dual,7,632,0.008628279514662917
mis-scaled dual,7,633,0.008656172296188768
mis-scaled dual,7,634,0.008659896895550188
mis-scaled dual,7,635,0.008681276595585045
mis-scaled dual,7,636,0.008701766051821408
mis-scaled dual,7,637,0.008721439632229504
mis-scaled dual,7,638,0.008740676414899526
mis-scaled dual,7,639,0.008789816683940587
mis-scaled dual,7,640,0.008808398700274524
mis-scaled dual,7,641,0.008815110023193058
mis-scaled dual,7,642,0.008833746998734768
mis-scaled dual,7,643,0.008855945361115034
mis-scaled dual,7,644,0.008874401451461013
mis-scaled dual,7,645,0.008893017818696792
mis-scaled dual,7,646,0.008912600107140834
mis-scaled dual,7,647,0.008921009748928245
mis-scaled dual,7,648,0.008941076466672119
mis-scaled dual,7,649,0.00896172403540462
mis-scaled dual,7,650,0.008965165142036971
mis-scaled dual,7,651,0.008990936255253849
mis-scaled dual,7,652,0.009017862119056282
mis-scaled dual,7,653,0.009031331157691775
mis-scaled dual,7,654,0.009061034497357902
mis-scaled dual,7,655,0.009079101177521047
mis-scaled dual,7,656,0.009100047436304388
mis-scaled dual,7,657,0.009129840402729808
mis-scaled dual,7,658,0.009160210584260522
mis-scaled dual,7,659,0.00918474940124899
mis-scaled dual,7,660,0.009210058105356989
mis-scaled dual,7,661,0.009220246906675396
mis-scaled dual,7,662,0.00923214091864973
mis-scaled dual,7,663,0.009255135036565361
mis-scaled dual,7,664,0.009267170665450393
mis-scaled dual,7,665,0.009275978069521485
mis-scaled dual,7,666,0.009303095830477772
mis-scaled dual,7,667,0.009330545544601975
mis-scaled dual,7,668,0.00936617387653142
mis-scaled dual,7,669,0.009379313595779239
mis-scaled dual,7,670,0.0093942248731032
mis-scaled dual,7,671,0.009422375236101448
mis-scaled dual,7,672,0.00946279110623151
mis-scaled dual,7,673,0.009490965579308569
mis-scaled dual,7,674,0.009519074420221148
mis-scaled dual,7,675,0.009550124180383979
mis-scaled dual,7,676,0.009624244733698665
mis-scaled dual,7,677,0.00966380851072818
mis-scaled dual,7,678,0.009677105049796401
mis-scaled dual,7,679,0.009706773435063659
mis-scaled dual,7,680,0.009778304174013434
mis-scaled dual,7,681,0.009815629569388924
mis-scaled dual,7,682,0.009847336128033696
mis-scaled dual,7,683,0.009878567607857285
mis-scaled dual,7,684,0.009909219849742947
mis-scaled dual,7,685,0.009920811740674076
mis-scaled dual,7,686,0.009946227774120865
mis-scaled dual,7,687,0.009981534527815876
mis-scaled dual,7,688,0.009992950007624922
mis-scaled dual,7,689,0.010018193064667282
mis-scaled dual,7,690,0.01008574006757885
mis-scaled dual,7,691,0.010101768311731514
mis-scaled dual,7,692,0.010122649914376435
mis-scaled dual,7,693,0.010150962405733762
mis-scaled dual,7,694,0.010168601154349742
mis-scaled dual,7,695,0.010202164472185074
mis-scaled dual,7,696,0.010212372902058063
mis-scaled dual,7,697,0.01023074191560596
mis-scaled dual,7,698,0.010263774297617375
mis-scaled dual,7,699,0.01032810613658279
mis-scaled dual,7,700,0.010354539859734474
mis-scaled dual,7,701,0.010377575671099124
mis-scaled dual,7,702,0.01040783118074387
mis-scaled dual,7,703,0.010415885368369517
mis-scaled dual,7,704,0.010445711426548657
mis-scaled dual,7,705,0.010460989861033854
mis-scaled dual,7,706,0.01052024418147653
mis-scaled dual,7,707,0.010540933365426953
mis-scaled dual,7,708,0.010549171139083798
mis-scaled dual,7,709,0.010571745677553113
mis-scaled dual,7,710,0.01060291795878857
mis-scaled dual,7,711,0.010627864486448462
mis-scaled dual,7,712,0.01065335800965875
mis-scaled dual,7,713,0.010664855104990299
mis-scaled dual,7,714,0.010689691602475937
mis-scaled dual,7,715,0.01070165931373089
mis-scaled dual,7,716,0.010713734294719989
mis-scaled dual,7,717,0.010736814712710673
mis-scaled dual,7,718,0.010770164325542743
mis-scaled dual,7,719,0.0107988591434434
mis-scaled dual,7,720,0.010819070935167367
mis-scaled dual,7,721,0.01084596172536164
mis-scaled dual,7,722,0.01088283714292198
mis-scaled dual,7,723,0.010920907845951611
mis-scaled dual,7,724,0.01093158762376755
mis-scaled dual,7,725,0.01095845804034918
mis-scaled dual,7,726,0.01099144993963092
mis-scaled dual,7,727,0.011018116817526513
mis-scaled dual,7,728,0.011027836163349444
mis-scaled dual,7,729,0.011054311624653632
mis-scaled dual,7,730,0.011066982609249645
mis-scaled dual,7,731,0.011079420088924461
mis-scaled dual,7,732,0.011089897475443774
mis-scaled dual,7,733,0.011111837675206357
mis-scaled dual,7,734,0.011143125392012293
mis-scaled dual,7,735,0.01116629697530716
mis-scaled dual,7,736,0.011192516911499197
mis-scaled dual,7,737,0.011225745154373343
mis-scaled dual,7,738,0.01124631030850857
mis-scaled dual,7,739,0.011277018981091673
mis-scaled dual,7,740,0.011304853014789517
mis-scaled dual,7,741,0.011340330595396454
mis-scaled dual,7,742,0.011367952417932444
mis-scaled dual,7,743,0.011397664806328707
mis-scaled dual,7,744,0.01143279584553092
mis-scaled dual,7,745,0.011443024229921394
mis-scaled dual,7,746,0.011465762774296099
mis-scaled dual,7,747,0.011488630627222354
mis-scaled dual,7,748,0.011511629241563374
mis-scaled dual,7,749,0.011548427810110146
mis-scaled dual,7,750,0.011585430088706309
mis-scaled dual,7,751,0.011606806923992926
mis-scaled dual,7,752,0.011629935606844718
mis-scaled dual,7,753,0.01165622502342611
mis-scaled dual,7,754,0.011692360125221306
mis-scaled dual,7,755,0.011718534411706024
mis-scaled dual,7,756,0.011728008232958609
mis-scaled dual,7,757,0.011743405954964453
mis-scaled dual,7,758,0.011755883533664042
mis-scaled dual,7,759,0.011766280981041485
mis-scaled dual,7,760,0.011778089153014117
mis-scaled dual,7,761,0.011804545321039849
mis-scaled dual,7,762,0.011875246236674481
mis-scaled dual,7,763,0.011901458789341145
mis-scaled dual,7,764,0.01193220668178051
mis-scaled dual,7,765,0.01196230696975439
mis-scaled dual,7,766,0.011974265604339533
mis-scaled dual,7,767,0.011996399258427316
mis-scaled dual,7,768,0.012062306284241372
mis-scaled dual,7,769,0.012071017287112766
mis-scaled dual,7,770,0.012103125815756613
mis-scaled dual,7,771,0.012113866038270289
mis-scaled dual,7,772,0.0121243785989806
mis-scaled dual,7,773,0.012147288063399488
mis-scaled dual,7,774,0.012163458717949683
mis-scaled dual,7,775,0.012195316437698896
mis-scaled dual,7,776,0.012218289787121112
mis-scaled dual,7,777,0.012241296686507756
mis-scaled dual,7,778,0.012264266284562642
mis-scaled dual,7,779,0.0122853882503882
mis-scaled dual,7,780,0.01230847947917133
mis-scaled dual,7,781,0.012331605487264688
mis-scaled dual,7,782,0.012354752729512745
mis-scaled dual,7,783,0.01238039238468557
mis-scaled dual,7,784,0.012403391583897168
mis-scaled dual,7,785,0.01242629910743981
mis-scaled dual,7,786,0.01244547052430361
mis-scaled dual,7,787,0.012466336946390563
mis-scaled dual,7,788,0.01248868123211711
mis-scaled dual,7,789,0.012512799989096815
mis-scaled dual,7,790,0.012536458538614207
mis-scaled dual,7,791,0.012559872228525573
mis-scaled dual,7,792,0.01258290861358493
mis-scaled dual,7,793,0.012640331514261657
mis-scaled dual,7,794,0.012661341266892844
mis-scaled dual,7,795,0.012681866172991687
mis-scaled dual,7,796,0.012702982111297542
mis-scaled dual,7,797,0.012722702220581467
mis-scaled dual,7,798,0.012725680545575912
mis-scaled dual,7,799,0.012745021211691196
mis-scaled dual,7,800,0.01275437288626283
mis-scaled dual,7,801,0.012773767218910154
mis-scaled dual,7,802,0.012793836656115946
mis-scaled dual,7,803,0.012813826077811416
mis-scaled dual,7,804,0.01282832573290914
mis-scaled dual,7,805,0.012838141288079318
mis-scaled dual,7,806,0.012859436912037428
mis-scaled dual,7,807,0.0128813213218525
mis-scaled dual,7,808,0.012889430647499854
mis-scaled dual,7,809,0.012914027780182654
mis-scaled dual,7,810,0.01294481872952729
mis-scaled dual,7,811,0.012967727184392507
mis-scaled dual,7,812,0.0129888620769754
mis-scaled dual,7,813,0.013013221599467094
mis-scaled dual,7,814,0.013024005862362678
mis-scaled dual,7,815,0.013038606521256263
mis-scaled dual,7,816,0.01306155016893893
mis-scaled dual,7,817,0.01309244066921621
mis-scaled dual,7,818,0.013119866273261602
mis-scaled dual,7,819,0.013131001438014205
mis-scaled dual,7,820,0.01315461657672375
mis-scaled dual,7,821,0.013165281755127009
mis-scaled dual,7,822,0.013189128290243443
mis-scaled dual,7,823,0.01321299520269781
mis-scaled dual,7,824,0.013223803111873563
mis-scaled dual,7,825,0.013247578497670586
mis-scaled dual,7,826,0.013269501490317281
mis-scaled dual,7,827,0.013300928108297284
mis-scaled dual,7,828,0.013316107120372352
mis-scaled dual,7,829,0.013346763732023533
mis-scaled dual,7,830,0.013365218445874747
mis-scaled dual,7,831,0.01342370648900419
mis-scaled dual,7,832,0.013445851952262219
mis-scaled dual,7,833,0.013473427540220316
mis-scaled dual,7,834,0.013494179450608785
mis-scaled dual,7,835,0.013514209086813028
mis-scaled dual,7,836,0.013533188338302072
mis-scaled dual,7,837,0.013541368643768127
mis-scaled dual,7,838,0.013555625294454391
mis-scaled dual,7,839,0.013568269274421032
mis-scaled dual,7,840,0.013589070388443763
mis-scaled dual,7,841,0.013636196385569866
mis-scaled dual,7,842,0.013645081597916777
mis-scaled dual,7,843,0.013653237567923958
mis-scaled dual,7,844,0.013670810267142947
mis-scaled dual,7,845,0.013690871527336534
mis-scaled dual,7,846,0.013736926428996023
mis-scaled dual,7,847,0.013754680879540737
mis-scaled dual,7,848,0.01377232539863139
mis-scaled dual,7,849,0.013789943959899242
mis-scaled dual,7,850,0.013834290532834824
mis-scaled dual,7,851,0.013847914539821442
mis-scaled dual,7,852,0.013865605159379539
mis-scaled dual,7,853,0.013881599505253132
mis-scaled dual,7,854,0.013888788358233865
mis-scaled dual,7,855,0.013895905389480288
mis-scaled dual,7,856,0.013906953697226937
mis-scaled dual,7,857,0.013948818600974973
mis-scaled dual,7,858,0.013964408518157894
mis-scaled dual,7,859,0.013972083122916515
mis-scaled dual,7,860,0.013978381158404048
mis-scaled dual,7,861,0.013990777991436418
mis-scaled dual,7,862,0.01400671276246756
mis-scaled dual,7,863,0.014024399112842974
mis-scaled dual,7,864,0.014066021615676579
mis-scaled dual,7,865,0.014083990408249196
mis-scaled dual,7,866,0.014092890147365627
mis-scaled dual,7,867,0.014107445994742212
mis-scaled dual,7,868,0.014116535451717671
mis-scaled dual,7,869,0.01416112799812108
mis-scaled dual,7,870,0.01417427405595034
mis-scaled dual,7,871,0.014182894800625739
mis-scaled dual,7,872,0.014229018411539493
mis-scaled dual,7,873,0.014236010474197565
mis-scaled dual,7,874,0.014244121219180523
mis-scaled dual,7,875,0.014267371607266365
mis-scaled dual,7,876,0.014276113785229621
mis-scaled dual,7,877,0.014323857178442178
mis-scaled dual,7,878,0.014333479402221738
mis-scaled dual,7,879,0.014352295415215193
mis-scaled dual,7,880,0.014400472890429198
mis-scaled dual,7,881,0.014419324755616485
mis-scaled dual,7,882,0.01442930809227377
mis-scaled dual,7,883,0.014444922778911887
mis-scaled dual,7,884,0.014464593252427875
mis-scaled dual,7,885,0.01450846121496707
mis-scaled dual,7,886,0.014526298819579182
mis-scaled dual,7,887,0.014538534975253044
mis-scaled dual,7,888,0.014546634184874592
mis-scaled dual,7,889,0.014552521877773105
mis-scaled dual,7,890,0.01456642905525118
mis-scaled dual,7,891,0.014580198652170596
mis-scaled dual,7,892,0.014585848239414391
mis-scaled dual,7,893,0.014599027502618727
mis-scaled dual,7,894,0.014612114039622244
mis-scaled dual,7,895,0.01462352752267569
mis-scaled dual,7,896,0.014636500710271295
mis-scaled dual,7,897,0.014655058243997392
mis-scaled dual,7,898,0.014662500882379708
mis-scaled dual,7,899,0.01467007309194654
mis-scaled dual,7,900,0.014684020487658676
mis-scaled dual,7,901,0.014696023594759402
mis-scaled dual,7,902,0.014702701906017957
mis-scaled dual,7,903,0.014718282997988162
mis-scaled dual,7,904,0.01472819022696465
mis-scaled dual,7,905,0.014770989090792833
mis-scaled dual,7,906,0.014788046194933353
mis-scaled dual,7,907,0.014801597279362378
mis-scaled dual,7,908,0.014816847980923949
mis-scaled dual,7,909,0.014830918376408516
mis-scaled dual,7,910,0.014839321450509129
mis-scaled dual,7,911,0.014851074471421538
mis-scaled dual,7,912,0.01486566511300951
mis-scaled dual,7,913,0.014888780734993515
mis-scaled dual,7,914,0.014898009976036844
mis-scaled dual,7,915,0.014913170758403834
mis-scaled dual,7,916,0.014928654668726024
mis-scaled dual,7,917,0.014945447422541674
mis-scaled dual,7,918,0.014963701268739995
mis-scaled dual,7,919,0.014966151459328827
mis-scaled dual,7,920,0.01498194422601908
mis-scaled dual,7,921,0.014993372386716303
mis-scaled dual,7,922,0.015001897108308968
mis-scaled dual,7,923,0.015047722472481427
mis-scaled dual,7,924,0.015065510757975277
mis-scaled dual,7,925,0.015076387050442395
mis-scaled dual,7,926,0.015083455047555266
mis-scaled dual,7,927,0.015127756570555269
mis-scaled dual,7,928,0.015141190265499054
mis-scaled dual,7,929,0.01515609162982553
mis-scaled dual,7,930,0.015172559458233413
mis-scaled dual,7,931,0.015188762543298302
mis-scaled dual,7,932,0.0151995550949648
mis-scaled dual,7,933,0.015209601217664777
mis-scaled dual,7,934,0.015224707070626316
mis-scaled dual,7,935,0.015245054719962178
mis-scaled dual,7,936,0.015259377462886272
mis-scaled dual,7,937,0.015275515593789516
mis-scaled dual,7,938,0.015281450329653917
mis-scaled dual,7,939,0.01529528532590717
mis-scaled dual,7,940,0.015309124747805297
mis-scaled dual,7,941,0.015315701814986765
mis-scaled dual,7,942,0.015353913203604519
mis-scaled dual,7,943,0.015367511208064854
mis-scaled dual,7,944,0.01537378962431103
mis-scaled dual,7,945,0.01538675916671008
mis-scaled dual,7,946,0.015399485775478184
mis-scaled dual,7,947,0.01540647726816684
mis-scaled dual,7,948,0.01541407367721945
mis-scaled dual,7,949,0.015419829008691011
mis-scaled dual,7,950,0.015427492050148544
mis-scaled dual,7,951,0.015440048930965362
mis-scaled dual,7,952,0.015451590223141012
mis-scaled dual,7,953,0.015464847980074583
mis-scaled dual,7,954,0.015477703437320887
mis-scaled dual,7,955,0.015488164479129015
mis-scaled dual,7,956,0.015496095247887073
mis-scaled dual,7,957,0.015502210872672497
mis-scaled dual,7,958,0.015510099025972187
mis-scaled dual,7,959,0.0155291875532642
mis-scaled dual,7,960,0.015540583102770148
mis-scaled dual,7,961,0.015547317412592469
mis-scaled dual,7,962,0.015555552666090426
mis-scaled dual,7,963,0.01556333697878569
mis-scaled dual,7,964,0.015571359028331932
mis-scaled dual,7,965,0.015581817158825692
mis-scaled dual,7,966,0.015589759828023608
mis-scaled dual,7,967,0.015597763482086356
mis-scaled dual,7,968,0.015611223997257645
mis-scaled dual,7,969,0.01561735068056732
mis-scaled dual,7,970,0.015624296631582078
mis-scaled dual,7,971,0.015633008658908303
mis-scaled dual,7,972,0.01563932427962869
mis-scaled dual,7,973,0.01564570116461068
mis-scaled dual,7,974,0.015654437998645004
mis-scaled dual,7,975,0.01566800533279031
mis-scaled dual,7,976,0.015676537296347316
mis-scaled dual,7,977,0.015691966335006052
mis-scaled dual,7,978,0.015709239252664143
mis-scaled dual,7,979,0.015721198550350958
mis-scaled dual,7,980,0.01572928135751932
mis-scaled dual,7,981,0.01574469186472147
mis-scaled dual,7,982,0.015754071288980535
mis-scaled dual,7,983,0.015763136876158407
mis-scaled dual,7,984,0.01577548661220818
mis-scaled dual,7,985,0.015784594421826295
mis-scaled dual,7,986,0.015791252556912595
mis-scaled dual,7,987,0.01579944830370694
mis-scaled dual,7,988,0.015805501989953216
mis-scaled dual,7,989,0.015817242346741256
mis-scaled dual,7,990,0.015830024385966358
mis-scaled dual,7,991,0.015842260608695445
mis-scaled dual,7,992,0.015879449550412594
mis-scaled dual,7,993,0.0158900727410689
mis-scaled dual,7,994,0.015902913597039877
mis-scaled dual,7,995,0.01591304585776478
mis-scaled dual,7,996,0.015919872258625924
mis-scaled dual,7,997,0.015927402206636965
mis-scaled dual,7,998,0.01593318596393615
mis-scaled dual,7,999,0.01596898887041956
mis-scaled dual,7,1000,0.01597850411690026
mis-scaled dual,7,1001,0.015991099604763085
mis-scaled dual,7,1002,0.015998475230760867
mis-scaled dual,7,1003,0.016005177147321397
mis-scaled dual,7,1004,0.016016792623065407
mis-scaled dual,7,1005,0.016022537212662395
mis-scaled dual,7,1006,0.016034316159732637
mis-scaled dual,7,1007,0.01604317055275291
mis-scaled dual,7,1008,0.016049020789720113
mis-scaled dual,7,1009,0.016062242530547076
mis-scaled dual,7,1010,0.016075745618335895
mis-scaled dual,7,1011,0.01608864475461095
mis-scaled dual,7,1012,0.01609466925507038
mis-scaled dual,7,1013,0.0161085076040849
mis-scaled dual,7,1014,0.016116252115778617
mis-scaled dual,7,1015,0.016128633505620053
mis-scaled dual,7,1016,0.016136313588418057
mis-scaled dual,7,1017,0.016146009515203525
mis-scaled dual,7,1018,0.01616038827718048
mis-scaled dual,7,1019,0.01616816012505441
mis-scaled dual,7,1020,0.016178440868400028
mis-scaled dual,7,1021,0.016184765681274225
mis-scaled dual,7,1022,0.01620038063799589
mis-scaled dual,7,1023,0.016216188138209273
mis-scaled dual,7,1024,0.016232110390402368
mis-scaled dual,7,1025,0.01623861801444738
mis-scaled dual,7,1026,0.016280402064494777
mis-scaled dual,7,1027,0.01629426424232869
mis-scaled dual,7,1028,0.016310152596242713
mis-scaled dual,7,1029,0.016320195552445935
mis-scaled dual,7,1030,0.016336033519946027
mis-scaled dual,7,1031,0.01634317144820838
mis-scaled dual,7,1032,0.016350064835377025
mis-scaled dual,7,1033,0.01636529817149787
mis-scaled dual,7,1034,0.016407279196269796
mis-scaled dual,7,1035,0.016421235368765875
mis-scaled dual,7,1036,0.01643573573725669
mis-scaled dual,7,1037,0.016444403437353653
mis-scaled dual,7,1038,0.01645982627899198
mis-scaled dual,7,1039,0.016470753345303218
mis-scaled dual,7,1040,0.01647732434398679
mis-scaled dual,7,1041,0.01648748994978515
mis-scaled dual,7,1042,0.01649726536308972
mis-scaled dual,7,1043,0.016508897461079038
mis-scaled dual,7,1044,0.016516740437783277
mis-scaled dual,7,1045,0.016523977933742082
mis-scaled dual,7,1046,0.016536126275010384
mis-scaled dual,7,1047,0.01654466806029526
mis-scaled dual,7,1048,0.016550773608170425
mis-scaled dual,7,1049,0.016562249776683722
mis-scaled dual,7,1050,0.01656969306699184
mis-scaled dual,7,1051,0.01657548248673228
mis-scaled dual,7,1052,0.016583034825600657
mis-scaled dual,7,1053,0.01659309964180735
mis-scaled dual,7,1054,0.016604048543907676
mis-scaled dual,7,1055,0.016641004476167235
mis-scaled dual,7,1056,0.016656449975021158
mis-scaled dual,7,1057,0.016661548806034
mis-scaled dual,7,1058,0.016668114516667994
mis-scaled dual,7,1059,0.016680004479251775
mis-scaled dual,7,1060,0.016685916364185486
mis-scaled dual,7,1061,0.016693924388013755
mis-scaled dual,7,1062,0.01670087593441454
mis-scaled dual,7,1063,0.016703705649197074
mis-scaled dual,7,1064,0.016736723074167938
mis-scaled dual,7,1065,0.016744781082078785
mis-scaled dual,7,1066,0.016751888425707788
mis-scaled dual,7,1067,0.01676578176559505
mis-scaled dual,7,1068,0.01677699000750479
mis-scaled dual,7,1069,0.01677758372388777
mis-scaled dual,7,1070,0.016787934599548547
mis-scaled dual,7,1071,0.016799107669129936
mis-scaled dual,7,1072,0.01680447619253394
mis-scaled dual,7,1073,0.01680995938037333
mis-scaled dual,7,1074,0.016817118568867414
mis-scaled dual,7,1075,0.01684894162106511
mis-scaled dual,7,1076,0.016851483576729862
mis-scaled dual,7,1077,0.016862667622879118
mis-scaled dual,7,1078,0.01687384329830107
mis-scaled dual,7,1079,0.016874107857346506
mis-scaled dual,7,1080,0.016879727549135654
mis-scaled dual,7,1081,0.016890858904778927
mis-scaled dual,7,1082,0.01689291010094431
mis-scaled dual,7,1083,0.01689661005564776
mis-scaled dual,7,1084,0.016906931142024666
mis-scaled dual,7,1085,0.0169177634034231
mis-scaled dual,7,1086,0.016929264175616174
mis-scaled dual,7,1087,0.01694052090962973
mis-scaled dual,7,1088,0.01695185517438498
mis-scaled dual,7,1089,0.016953204187788038
mis-scaled dual,7,1090,0.016963811711735992
mis-scaled dual,7,1091,0.016996179244913128
mis-scaled dual,7,1092,0.016997439800366727
mis-scaled dual,7,1093,0.017002793964639273
mis-scaled dual,7,1094,0.017007017683982818
mis-scaled dual,7,1095,0.01700961832414564
mis-scaled dual,7,1096,0.017016630920603838
mis-scaled dual,7,1097,0.01704818723084029
mis-scaled dual,7,1098,0.01705381421861049
mis-scaled dual,7,1099,0.01708517733529207
mis-scaled dual,7,1100,0.017092274503290622
mis-scaled dual,7,1101,0.017091272979587284
mis-scaled dual,7,1102,0.01709815200203654
mis-scaled dual,7,1103,0.017102556418448656
mis-scaled dual,7,1104,0.01711153382241723
mis-scaled dual,7,1105,0.017117143871292442
mis-scaled dual,7,1106,0.017124267734721272
mis-scaled dual,7,1107,0.017133541267603605
mis-scaled dual,7,1108,0.017140694005757538
mis-scaled dual,7,1109,0.017142377530671625
mis-scaled dual,7,1110,0.017148934986062316
mis-scaled dual,7,1111,0.01716355313891914
mis-scaled dual,7,1112,0.01716945124772933
mis-scaled dual,7,1113,0.017181066244773533
mis-scaled dual,7,1114,0.017196256218515303
mis-scaled dual,7,1115,0.01720601903288808
mis-scaled dual,7,1116,0.017242690863333607
mis-scaled dual,7,1117,0.017279510695837403
mis-scaled dual,7,1118,0.017290013486973906
mis-scaled dual,7,1119,0.017298271118290687
mis-scaled dual,7,1120,0.017307720063917304
mis-scaled dual,7,1121,0.017322832959540152
mis-scaled dual,7,1122,0.017328589963667058
mis-scaled dual,7,1123,0.017340849666900898
mis-scaled dual,7,1124,0.01737732707444575
mis-scaled dual,7,1125,0.017386848618529703
mis-scaled dual,7,1126,0.0173924628583565
mis-scaled dual,7,1127,0.01740252770995345
mis-scaled dual,7,1128,0.01741296772436049
mis-scaled dual,7,1129,0.017450901634730363
mis-scaled dual,7,1130,0.017460395883612298
mis-scaled dual,7,1131,0.017474100938014648
mis-scaled dual,7,1132,0.017487937817402145
mis-scaled dual,7,1133,0.01749383917839076
mis-scaled dual,7,1134,0.017506563315428752
mis-scaled dual,7,1135,0.01751265735401954
mis-scaled dual,7,1136,0.017522464784331577
mis-scaled dual,7,1137,0.0175346328547373
mis-scaled dual,7,1138,0.017545229461722035
mis-scaled dual,7,1139,0.017560374931283255
mis-scaled dual,7,1140,0.0175699353953376
mis-scaled dual,7,1141,0.01757717262866344
mis-scaled dual,7,1142,0.017593497176818507
mis-scaled dual,7,1143,0.01760835620322074
mis-scaled dual,7,1144,0.01762362504135813
mis-scaled dual,7,1145,0.017633753671787634
mis-scaled dual,7,1146,0.017635695888310626
mis-scaled dual,7,1147,0.017654744847431736
mis-scaled dual,7,1148,0.0176661436733305
mis-scaled dual,7,1149,0.0176756258783489
mis-scaled dual,7,1150,0.017690387985736085
mis-scaled dual,7,1151,0.01770733866578336
mis-scaled dual,7,1152,0.017754896710902406
mis-scaled dual,7,1153,0.017801346027672246
mis-scaled dual,7,1154,0.017815749981924846
mis-scaled dual,7,1155,0.017834325961425854
mis-scaled dual,7,1156,0.017844315074145748
mis-scaled dual,7,1157,0.017857654226809693
mis-scaled dual,7,1158,0.017874343033850146
mis-scaled dual,7,1159,0.017891970198675944
mis-scaled dual,7,1160,0.017907319979920937
mis-scaled dual,7,1161,0.017928613093033386
mis-scaled dual,7,1162,0.01794548738600309
mis-scaled dual,7,1163,0.017986117851480795
mis-scaled dual,7,1164,0.017993648628368927
mis-scaled dual,7,1165,0.0180057779538929
mis-scaled dual,7,1166,0.018025418610185338
mis-scaled dual,7,1167,0.018035783781647635
mis-scaled dual,7,1168,0.01804461879757042
mis-scaled dual,7,1169,0.01805261059775944
mis-scaled dual,7,1170,0.018091817067295266
mis-scaled dual,7,1171,0.018105555116593793
mis-scaled dual,7,1172,0.01811912896627183
mis-scaled dual,7,1173,0.01813180587407942
mis-scaled dual,7,1174,0.01813474303834136
mis-scaled dual,7,1175,0.018146328391388016
mis-scaled dual,7,1176,0.018161947941392618
mis-scaled dual,7,1177,0.018169151783078867
mis-scaled dual,7,1178,0.018178642228439408
mis-scaled dual,7,1179,0.018192504678219514
mis-scaled dual,7,1180,0.018204364965140777
mis-scaled dual,7,1181,0.01821847138790782
mis-scaled dual,7,1182,0.01823171997131403
mis-scaled dual,7,1183,0.0182396214946806
mis-scaled dual,7,1184,0.018247595409750895
mis-scaled dual,7,1185,0.01826093879806991
mis-scaled dual,7,1186,0.018277301232427313
mis-scaled dual,7,1187,0.01828432553188498
mis-scaled dual,7,1188,0.01829427144055064
mis-scaled dual,7,1189,0.01830871697276826
mis-scaled dual,7,1190,0.018316778195604635
mis-scaled dual,7,1191,0.018324631221279454
mis-scaled dual,7,1192,0.018330715628132176
mis-scaled dual,7,1193,0.01834247990128393
mis-scaled dual,7,1194,0.01838078645244236
mis-scaled dual,7,1195,0.018387140696972563
mis-scaled dual,7,1196,0.01840055936223264
mis-scaled dual,7,1197,0.018410546774357512
mis-scaled dual,7,1198,0.018423314741298512
mis-scaled dual,7,1199,0.018433526138365224
mis-scaled dual,7,1200,0.01844106546479459
mis-scaled dual,7,1201,0.018453021845579103
mis-scaled dual,7,1202,0.018464357509180858
mis-scaled dual,7,1203,0.018479125198915557
mis-scaled dual,7,1204,0.018490655399039345
mis-scaled dual,7,1205,0.018508123959630685
mis-scaled dual,7,1206,0.01851113856615867
mis-scaled dual,7,1207,0.018518501161090987
mis-scaled dual,7,1208,0.018552156791619916
mis-scaled dual,7,1209,0.01855944759648289
mis-scaled dual,7,1210,0.018567357473812954
mis-scaled dual,7,1211,0.018575195296578067
mis-scaled dual,7,1212,0.01858324139101054
mis-scaled dual,7,1213,0.018589348307929892
mis-scaled dual,7,1214,0.018595006359033245
mis-scaled dual,7,1215,0.018609980942077893
mis-scaled dual,7,1216,0.018615725131206174
mis-scaled dual,7,1217,0.018623548492394348
mis-scaled dual,7,1218,0.01863516061910238
mis-scaled dual,7,1219,0.018672334428690335
mis-scaled dual,7,1220,0.018681399002589246
mis-scaled dual,7,1221,0.018689544664718172
mis-scaled dual,7,1222,0.01869590314862873
mis-scaled dual,7,1223,0.018710167359791655
mis-scaled dual,7,1224,0.018723716944791337
mis-scaled dual,7,1225,0.018731641393594404
mis-scaled dual,7,1226,0.01874597210677709
mis-scaled dual,7,1227,0.018758880384914536
mis-scaled dual,7,1228,0.018768770447753328
mis-scaled dual,7,1229,0.01877604407530274
mis-scaled dual,7,1230,0.018814241907589097
mis-scaled dual,7,1231,0.01883350221919264
mis-scaled dual,7,1232,0.018846955887280362
mis-scaled dual,7,1233,0.018862335897393483
mis-scaled dual,7,1234,0.0188714450313523
mis-scaled dual,7,1235,0.018907138429202098
mis-scaled dual,7,1236,0.018915788894243498
mis-scaled dual,7,1237,0.018950610071249267
mis-scaled dual,7,1238,0.018962625130943916
mis-scaled dual,7,1239,0.018996497837863825
mis-scaled dual,7,1240,0.019007276000596544
mis-scaled dual,7,1241,0.019018434807904026
mis-scaled dual,7,1242,0.019023525899626276
mis-scaled dual,7,1243,0.01902844053179767
mis-scaled dual,7,1244,0.019031834886036776
mis-scaled dual,7,1245,0.019041058010153437
mis-scaled dual,7,1246,0.019051676734186673
mis-scaled dual,7,1247,0.019060762750856542
mis-scaled dual,7,1248,0.019063558498442136
mis-scaled dual,7,1249,0.01907289724811908
mis-scaled dual,7,1250,0.01908227257828411
mis-scaled dual,7,1251,0.019088727107629145
mis-scaled dual,7,1252,0.019098027516618335
mis-scaled dual,7,1253,0.019101108395129407
mis-scaled dual,7,1254,0.01911175498992201
mis-scaled dual,7,1255,0.019117312458187305
mis-scaled dual,7,1256,0.019133145553007685
mis-scaled dual,7,1257,0.019135660175286198
mis-scaled dual,7,1258,0.01914128773861375
mis-scaled dual,7,1259,0.019142213783487644
mis-scaled dual,7,1260,0.01917457965518531
mis-scaled dual,7,1261,0.01918272096058723
mis-scaled dual,7,1262,0.019190811790168252
mis-scaled dual,7,1263,0.01919886867676672
mis-scaled dual,7,1264,0.019210042169168558
mis-scaled dual,7,1265,0.019215972891032662
mis-scaled dual,7,1266,0.01925162796309587
mis-scaled dual,7,1267,0.0192619969436675
mis-scaled dual,7,1268,0.019270469269052116
mis-scaled dual,7,1269,0.01928383898399767
mis-scaled dual,7,1270,0.019297251698106494
mis-scaled dual,7,1271,0.019310358854591814
mis-scaled dual,7,1272,0.019320566779687968
mis-scaled dual,7,1273,0.019324093166597153
mis-scaled dual,7,1274,0.019331914680041338
mis-scaled dual,7,1275,0.01933979070565846
mis-scaled dual,7,1276,0.019347348338164354
mis-scaled dual,7,1277,0.01935392223139849
mis-scaled dual,7,1278,0.01935994740799811
mis-scaled dual,7,1279,0.019373707965500617
mis-scaled dual,7,1280,0.01938735350839045
mis-scaled dual,7,1281,0.01938843180587884
mis-scaled dual,7,1282,0.0193970109018087
mis-scaled dual,7,1283,0.019411034990072212
mis-scaled dual,7,1284,0.019425051985382996
mis-scaled dual,7,1285,0.019437018398374282
mis-scaled dual,7,1286,0.019444702590167486
mis-scaled dual,7,1287,0.019457134826496206
mis-scaled dual,7,1288,0.019471051497876608
mis-scaled dual,7,1289,0.019481977550908885
mis-scaled dual,7,1290,0.019488688614919744
mis-scaled dual,7,1291,0.01949471945396062
mis-scaled dual,7,1292,0.01950809598246213
mis-scaled dual,7,1293,0.019518358812749347
mis-scaled dual,7,1294,0.019531527026742657
mis-scaled dual,7,1295,0.019541476878628096
mis-scaled dual,7,1296,0.019547154223009906
mis-scaled dual,7,1297,0.019560312956139407
mis-scaled dual,7,1298,0.019597287343487105
mis-scaled dual,7,1299,0.01960453554034229
mis-scaled dual,7,1300,0.019619972344368658
mis-scaled dual,7,1301,0.01962768693825599
mis-scaled dual,7,1302,0.01964073083931204
mis-scaled dual,7,1303,0.019651233755245766
mis-scaled dual,7,1304,0.01966197368346151
mis-scaled dual,7,1305,0.019665426055371724
mis-scaled dual,7,1306,0.019678194586694203
mis-scaled dual,7,1307,0.01968399800235029
mis-scaled dual,7,1308,0.01969162978489693
mis-scaled dual,7,1309,0.019703754986524543
mis-scaled dual,7,1310,0.019709528976112566
mis-scaled dual,7,1311,0.019745349365383347
mis-scaled dual,7,1312,0.01975719599352773
mis-scaled dual,7,1313,0.0197646339846104
mis-scaled dual,7,1314,0.01977024414710697
mis-scaled dual,7,1315,0.01977477305340763
mis-scaled dual,7,1316,0.019781142376050314
mis-scaled dual,7,1317,0.01979137565919753
mis-scaled dual,7,1318,0.01979788185273107
mis-scaled dual,7,1319,0.019803799375891648
mis-scaled dual,7,1320,0.019839927392184698
mis-scaled dual,7,1321,0.019852278683543167
mis-scaled dual,7,1322,0.019861846423089465
mis-scaled dual,7,1323,0.0198722513415366
mis-scaled dual,7,1324,0.01987962305597957
mis-scaled dual,7,1325,0.019889107751354537
mis-scaled dual,7,1326,0.019897766829267107
mis-scaled dual,7,1327,0.01991002167658504
mis-scaled dual,7,1328,0.019945159801289403
mis-scaled dual,7,1329,0.019957630126848782
mis-scaled dual,7,1330,0.019963428509637678
mis-scaled dual,7,1331,0.019969107206299866
mis-scaled dual,7,1332,0.019976121890783276
mis-scaled dual,7,1333,0.019979214578464594
mis-scaled dual,7,1334,0.019990652700588075
mis-scaled dual,7,1335,0.01999501042793688
mis-scaled dual,7,1336,0.01999642928867039
mis-scaled dual,7,1337,0.020007219756036965
mis-scaled dual,7,1338,0.02001256214094159
mis-scaled dual,7,1339,0.020046090735346047
mis-scaled dual,7,1340,0.020053976323783366
mis-scaled dual,7,1341,0.020061863655656546
mis-scaled dual,7,1342,0.02006755118498203
mis-scaled dual,7,1343,0.02007496624690291
mis-scaled dual,7,1344,0.02010944419056174
mis-scaled dual,7,1345,0.0201131616336405
mis-scaled dual,7,1346,0.02012443989610669
mis-scaled dual,7,1347,0.020136192667424647
mis-scaled dual,7,1348,0.02014121962827441
mis-scaled dual,7,1349,0.02015340523175892
mis-scaled dual,7,1350,0.020159362082809176
mis-scaled dual,7,1351,0.020172743305176464
mis-scaled dual,7,1352,0.02018631499046084
mis-scaled dual,7,1353,0.02019249600154158
mis-scaled dual,7,1354,0.020230107670575346
mis-scaled dual,7,1355,0.020243350034609402
mis-scaled dual,7,1356,0.020253308598086203
mis-scaled dual,7,1357,0.02025922850543257
mis-scaled dual,7,1358,0.020272450818091595
mis-scaled dual,7,1359,0.02028833660341796
mis-scaled dual,7,1360,0.020301774140998687
mis-scaled dual,7,1361,0.02033978757141527
mis-scaled dual,7,1362,0.02037768502236899
mis-scaled dual,7,1363,0.02038367708113786
mis-scaled dual,7,1364,0.020389549425840342
mis-scaled dual,7,1365,0.020400323267236318
mis-scaled dual,7,1366,0.020406504041761125
mis-scaled dual,7,1367,0.020414201616659727
mis-scaled dual,7,1368,0.020427377247706022
mis-scaled dual,7,1369,0.020440509512647954
mis-scaled dual,7,1370,0.020477548343792527
mis-scaled dual,7,1371,0.02048295119202134
mis-scaled dual,7,1372,0.02049206649506089
mis-scaled dual,7,1373,0.020498341340616316
mis-scaled dual,7,1374,0.020510729821547835
mis-scaled dual,7,1375,0.020517963648095695
mis-scaled dual,7,1376,0.02052358478902277
mis-scaled dual,7,1377,0.020538287843108145
mis-scaled dual,7,1378,0.020543856748014656
mis-scaled dual,7,1379,0.02055583509124812
mis-scaled dual,7,1380,0.0205708615210205
mis-scaled dual,7,1381,0.02058602289570865
mis-scaled dual,7,1382,0.02059271646016833
mis-scaled dual,7,1383,0.02060092057582733
mis-scaled dual,7,1384,0.020637559400200813
mis-scaled dual,7,1385,0.020650563435062736
mis-scaled dual,7,1386,0.020655682419896095
mis-scaled dual,7,1387,0.020691994517683953
mis-scaled dual,7,1388,0.020701131650924652
mis-scaled dual,7,1389,0.02071004420131442
mis-scaled dual,7,1390,0.020745654294222565
mis-scaled dual,7,1391,0.020780991762936088
mis-scaled dual,7,1392,0.02078873768465218
mis-scaled dual,7,1393,0.02079658652496335
mis-scaled dual,7,1394,0.02081123202145097
mis-scaled dual,7,1395,0.020818988930910796
mis-scaled dual,7,1396,0.02082674372999367
mis-scaled dual,7,1397,0.02083238693395254
mis-scaled dual,7,1398,0.020842102392435044
mis-scaled dual,7,1399,0.020854313212409586
mis-scaled dual,7,1400,0.020859625659018725
mis-scaled dual,7,1401,0.02086992110981044
mis-scaled dual,7,1402,0.02087767897480723
mis-scaled dual,7,1403,0.020889508574649662
mis-scaled dual,7,1404,0.020901521039679617
mis-scaled dual,7,1405,0.0209135944523215
mis-scaled dual,7,1406,0.020921363483875962
mis-scaled dual,7,1407,0.020956501049786778
mis-scaled dual,7,1408,0.020969075493484708
mis-scaled dual,7,1409,0.02098405472196636
mis-scaled dual,7,1410,0.020991819536492203
mis-scaled dual,7,1411,0.020999347370401
mis-scaled dual,7,1412,0.02100854370222983
mis-scaled dual,7,1413,0.021014258169129465
mis-scaled dual,7,1414,0.02102206447966394
mis-scaled dual,7,1415,0.021035258904799792
mis-scaled dual,7,1416,0.02104120462281999
mis-scaled dual,7,1417,0.021051059267461272
mis-scaled dual,7,1418,0.021061203087761972
mis-scaled dual,7,1419,0.021068781233578894
mis-scaled dual,7,1420,0.021078960822254394
mis-scaled dual,7,1421,0.02108567915989456
mis-scaled dual,7,1422,0.02110020350994167
mis-scaled dual,7,1423,0.021108437381356926
mis-scaled dual,7,1424,0.021120728598684045
mis-scaled dual,7,1425,0.021136060299232574
mis-scaled dual,7,1426,0.021143969790995094
mis-scaled dual,7,1427,0.021160162489950632
mis-scaled dual,7,1428,0.021176556524082995
mis-scaled dual,7,1429,0.021189054476395228
mis-scaled dual,7,1430,0.02120285383465884
mis-scaled dual,7,1431,0.021212448442861416
mis-scaled dual,7,1432,0.02122686306634543
mis-scaled dual,7,1433,0.02124393254590032
mis-scaled dual,7,1434,0.02125652563281355
mis-scaled dual,7,1435,0.02127300443406401
mis-scaled dual,7,1436,0.02128104354916511
mis-scaled dual,7,1437,0.021292240097388605
mis-scaled dual,7,1438,0.021306627386555053
mis-scaled dual,7,1439,0.021320296480730153
mis-scaled dual,7,1440,0.021328774643644667
mis-scaled dual,7,1441,0.021342410461664175
mis-scaled dual,7,1442,0.021364129945427156
mis-scaled dual,7,1443,0.02138038755942879
mis-scaled dual,7,1444,0.021396902684122303
mis-scaled dual,7,1445,0.021411696134239416
mis-scaled dual,7,1446,0.021413336548231524
mis-scaled dual,7,1447,0.02142330027868597
mis-scaled dual,7,1448,0.021446330569170398
mis-scaled dual,7,1449,0.02146068581711499
mis-scaled dual,7,1450,0.021479585535518805
mis-scaled dual,7,1451,0.021497372405402344
mis-scaled dual,7,1452,0.021513742171131056
mis-scaled dual,7,1453,0.021523769892759604
mis-scaled dual,7,1454,0.021541868768744154
mis-scaled dual,7,1455,0.02156214457213132
mis-scaled dual,7,1456,0.021569131644763036
mis-scaled dual,7,1457,0.02158706480493395
mis-scaled dual,7,1458,0.021632412568263693
mis-scaled dual,7,1459,0.021640747046731395
mis-scaled dual,7,1460,0.021654368717960996
mis-scaled dual,7,1461,0.02167101184549181
mis-scaled dual,7,1462,0.02168855501060931
mis-scaled dual,7,1463,0.021695728444613496
mis-scaled dual,7,1464,0.021702624134011545
mis-scaled dual,7,1465,0.021708898962803164
mis-scaled dual,7,1466,0.021710244211800376
mis-scaled dual,7,1467,0.021727311867825668
mis-scaled dual,7,1468,0.02176889193587748
mis-scaled dual,7,1469,0.021784411575458924
mis-scaled dual,7,1470,0.021797899916686098
mis-scaled dual,7,1471,0.021811369387455263
mis-scaled dual,7,1472,0.021818266302473823
mis-scaled dual,7,1473,0.021835496260084193
mis-scaled dual,7,1474,0.021841882868073863
mis-scaled dual,7,1475,0.021850525126300733
mis-scaled dual,7,1476,0.02186704829762129
mis-scaled dual,7,1477,0.021874845438353697
mis-scaled dual,7,1478,0.021885278296478072
mis-scaled dual,7,1479,0.0219027864699438
mis-scaled dual,7,1480,0.02191914297363905
mis-scaled dual,7,1481,0.021930445707537213
mis-scaled dual,7,1482,0.021946570120058934
mis-scaled dual,7,1483,0.021956063096754234
mis-scaled dual,7,1484,0.021975367146991175
mis-scaled dual,7,1485,0.02199383796527235
mis-scaled dual,7,1486,0.022012599397175
mis-scaled dual,7,1487,0.022031556565143152
mis-scaled dual,7,1488,0.022055658286370322
mis-scaled dual,7,1489,0.022067440846972153
mis-scaled dual,7,1490,0.022086498893938943
mis-scaled dual,7,1491,0.02210834954889862
mis-scaled dual,7,1492,0.022125703096739932
mis-scaled dual,7,1493,0.02213778888293354
mis-scaled dual,7,1494,0.022156561002694055
mis-scaled dual,7,1495,0.02217715160056202
mis-scaled dual,7,1496,0.02222284192296116
mis-scaled dual,7,1497,0.022230943833418174
mis-scaled dual,7,1498,0.02224723581322281
mis-scaled dual,7,1499,0.02225590077709405
mis-scaled dual,7,1500,0.022270472054623052
mis-scaled dual,13,1,0.0
mis-scaled dual,13,2,0.0
mis-scaled dual,13,3,0.0
mis-scaled dual,13,4,0.0
mis-scaled dual,13,5,0.0
mis-scaled dual,13,6,0.0
mis-scaled dual,13,7,0.0
mis-scaled dual,13,8,0.0
mis-scaled dual,13,9,0.0
mis-scaled dual,13,10,0.0
mis-scaled dual,13,11,0.0
mis-scaled dual,13,12,0.0
mis-scaled dual,13,13,0.0
mis-scaled dual,13,14,0.0
mis-scaled dual,13,15,0.0
mis-scaled dual,13,16,0.0
mis-scaled dual,13,17,0.0
mis-scaled dual,13,18,0.0
mis-scaled dual,13,19,0.0
mis-scaled dual,13,20,0.0
mis-scaled dual,13,21,0.0
mis-scaled dual,13,22,0.0
mis-scaled dual,13,23,0.0
mis-scaled dual,13,24,0.0
mis-scaled dual,13,25,0.0
mis-scaled dual,13,26,0.0
mis-scaled dual,13,27,0.0
mis-scaled dual,13,28,0.0
mis-scaled dual,13,29,0.0
mis-scaled dual,13,30,0.0
mis-scaled dual,13,31,0.0
mis-scaled dual,13,32,0.0
mis-scaled dual,13,33,0.0
mis-scaled dual,13,34,0.0
mis-scaled dual,13,35,0.0
mis-scaled dual,13,36,0.0
mis-scaled dual,13,37,0.0
mis-scaled dual,13,38,0.0
mis-scaled dual,13,39,0.0
mis-scaled dual,13,40,0.0
mis-scaled dual,13,41,0.0
mis-scaled dual,13,42,0.0
mis-scaled dual,13,43,0.0
mis-scaled dual,13,44,0.0
mis-scaled dual,13,45,0.0
mis-scaled dual,13,46,0.0
mis-scaled dual,13,47,0.0
mis-scaled dual,13,48,0.0
mis-scaled dual,13,49,0.0
mis-scaled dual,13,50,0.0
mis-scaled dual,13,51,0.0
mis-scaled dual,13,52,0.0
mis-scaled dual,13,53,0.0
mis-scaled dual,13,54,0.0
mis-scaled dual,13,55,0.0
mis-scaled dual,13,56,0.0
mis-scaled dual,13,57,0.0
mis-scaled dual,13,58,0.0
mis-scaled dual,13,59,0.0
mis-scaled dual,13,60,0.0
mis-scaled dual,13,61,0.0
mis-scaled dual,13,62,0.0
mis-scaled dual,13,63,0.0
mis-scaled dual,13,64,0.0
mis-scaled dual,13,65,0.0
mis-scaled dual,13,66,0.0
mis-scaled dual,13,67,0.0
mis-scaled dual,13,68,0.0
mis-scaled dual,13,69,0.0
mis-scaled dual,13,70,0.0
mis-scaled dual,13,71,0.0
mis-scaled dual,13,72,0.0
mis-scaled dual,13,73,0.0
mis-scaled dual,13,74,0.0
mis-scaled dual,13,75,0.0
mis-scaled dual,13,76,0.0
mis-scaled dual,13,77,0.0
mis-scaled dual,13,78,0.0
mis-scaled dual,13,79,0.0
mis-scaled dual,13,80,0.0
mis-scaled dual,13,81,0.0
mis-scaled dual,13,82,0.0
mis-scaled dual,13,83,0.0
mis-scaled dual,13,84,0.0
mis-scaled dual,13,85,0.0
mis-scaled dual,13,86,0.0
mis-scaled dual,13,87,0.0
mis-scaled dual,13,88,0.0
mis-scaled dual,13,89,0.0
mis-scaled dual,13,90,0.0
mis-scaled dual,13,91,0.0
mis-scaled dual,13,92,0.0
mis-scaled dual,13,93,0.0
mis-scaled dual,13,94,0.0
mis-scaled dual,13,95,0.0
mis-scaled dual,13,96,0.0
mis-scaled dual,13,97,0.0
mis-scaled dual,13,98,0.0
mis-scaled dual,13,99,0.0
mis-scaled dual,13,100,0.0
mis-scaled dual,13,101,0.0
mis-scaled dual,13,102,0.0
mis-scaled dual,13,103,0.0
mis-scaled dual,13,104,0.0
mis-scaled dual,13,105,0.0
mis-scaled dual,13,106,0.0
mis-scaled dual,13,107,0.0
mis-scaled dual,13,108,0.0
mis-scaled dual,13,109,0.0
mis-scaled dual,13,110,0.0
mis-scaled dual,13,111,0.0
mis-scaled dual,13,112,0.0
mis-scaled dual,13,113,0.0
mis-scaled dual,13,114,0.0
mis-scaled dual,13,115,0.0
mis-scaled dual,13,116,0.0
mis-scaled dual,13,117,0.0
mis-scaled dual,13,118,0.0
mis-scaled dual,13,119,0.0
mis-scaled dual,13,120,0.0
mis-scaled dual,13,121,0.0
mis-scaled dual,13,122,0.0
mis-scaled dual,13,123,0.0
mis-scaled dual,13,124,0.0
mis-scaled dual,13,125,0.0
mis-scaled dual,13,126,0.0
mis-scaled dual,13,127,0.0
mis-scaled dual,13,128,0.0
mis-scaled dual,13,129,0.0
mis-scaled dual,13,130,0.0
mis-scaled dual,13,131,0.0
mis-scaled dual,13,132,0.0
mis-scaled dual,13,133,0.0
mis-scaled dual,13,134,0.0
mis-scaled dual,13,135,0.0
mis-scaled dual,13,136,0.0
mis-scaled dual,13,137,0.0
mis-scaled dual,13,138,0.0
mis-scaled dual,13,139,0.0
mis-scaled dual,13,140,0.0
mis-scaled dual,13,141,0.0
mis-scaled dual,13,142,0.0
mis-scaled dual,13,143,0.0
mis-scaled dual,13,144,0.0
mis-scaled dual,13,145,0.0
mis-scaled dual,13,146,0.0
mis-scaled dual,13,147,0.0
mis-scaled dual,13,148,0.0
mis-scaled dual,13,149,0.0
mis-scaled dual,13,150,0.0
mis-scaled dual,13,151,0.0
mis-scaled dual,13,152,0.0
mis-scaled dual,13,153,0.0
mis-scaled dual,13,154,0.0
mis-scaled dual,13,155,0.0
mis-scaled dual,13,156,0.0
mis-scaled dual,13,157,0.0
mis-scaled dual,13,158,0.0
mis-scaled dual,13,159,0.0
mis-scaled dual,13,160,0.0
mis-scaled dual,13,161,0.0
mis-scaled dual,13,162,0.0
mis-scaled dual,13,163,0.0
mis-scaled dual,13,164,0.0
mis-scaled dual,13,165,0.0
mis-scaled dual,13,166,0.0
mis-scaled dual,13,167,0.0
mis-scaled dual,13,168,0.0
mis-scaled dual,13,169,0.0
mis-scaled dual,13,170,0.0
mis-scaled dual,13,171,0.0
mis-scaled dual,13,172,0.0
mis-scaled dual,13,173,0.0
mis-scaled dual,13,174,0.0
mis-scaled dual,13,175,0.0
mis-scaled dual,13,176,0.0
mis-scaled dual,13,177,0.0
mis-scaled dual,13,178,0.0
mis-scaled dual,13,179,0.0
mis-scaled dual,13,180,0.0
mis-scaled dual,13,181,0.0
mis-scaled dual,13,182,0.0
mis-scaled dual,13,183,0.0
mis-scaled dual,13,184,0.0
mis-scaled dual,13,185,0.0
mis-scaled dual,13,186,0.0
mis-scaled dual,13,187,0.0
mis-scaled dual,13,188,0.0
mis-scaled dual,13,189,0.0
mis-scaled dual,13,190,0.0
mis-scaled dual,13,191,0.0
mis-scaled dual,13,192,0.0
mis-scaled dual,13,193,0.0
mis-scaled dual,13,194,0.0
mis-scaled dual,13,195,0.0
mis-scaled dual,13,196,0.0
mis-scaled dual,13,197,0.0
mis-scaled dual,13,198,0.0
mis-scaled dual,13,199,0.0
mis-scaled dual,13,200,0.0
mis-scaled dual,13,201,0.0
mis-scaled dual,13,202,0.0
mis-scaled dual,13,203,0.0
mis-scaled dual,13,204,0.0
mis-scaled dual,13,205,0.0
mis-scaled dual,13,206,0.0
mis-scaled dual,13,207,0.0
mis-scaled dual,13,208,0.0
mis-scaled dual,13,209,0.0
mis-scaled dual,13,210,0.0
mis-scaled dual,13,211,0.0
mis-scaled dual,13,212,0.0
mis-scaled dual,13,213,0.0
mis-scaled dual,13,214,0.0
mis-scaled dual,13,215,0.0
mis-scaled dual,13,216,0.0
mis-scaled dual,13,217,0.0
mis-scaled dual,13,218,0.0
mis-scaled dual,13,219,0.0
mis-scaled dual,13,220,0.0
mis-scaled dual,13,221,0.0
mis-scaled dual,13,222,0.0
mis-scaled dual,13,223,0.0
mis-scaled dual,13,224,0.0
mis-scaled dual,13,225,0.0
mis-scaled dual,13,226,0.0
mis-scaled dual,13,227,0.0
mis-scaled dual,13,228,0.0
mis-scaled dual,13,229,0.0
mis-scaled dual,13,230,0.0
mis-scaled dual,13,231,0.0
mis-scaled dual,13,232,0.0
mis-scaled dual,13,233,0.0
mis-scaled dual,13,234,0.0
mis-scaled dual,13,235,0.0
mis-scaled dual,13,236,0.0
mis-scaled dual,13,237,0.0
mis-scaled dual,13,238,0.0
mis-scaled dual,13,239,0.0
mis-scaled dual,13,240,0.0
mis-scaled dual,13,241,0.0
mis-scaled dual,13,242,0.0
mis-scaled dual,13,243,0.0
mis-scaled dual,13,244,0.0
mis-scaled dual,13,245,0.0
mis-scaled dual,13,246,0.0
mis-scaled dual,13,247,0.0
mis-scaled dual,13,248,0.0
mis-scaled dual,13,249,0.0
mis-scaled dual,13,250,0.0
mis-scaled dual,13,251,0.0
mis-scaled dual,13,252,0.0
mis-scaled dual,13,253,0.0
mis-scaled dual,13,254,0.0
mis-scaled dual,13,255,0.0
mis-scaled dual,13,256,0.0
mis-scaled dual,13,257,0.0
mis-scaled dual,13,258,0.0
mis-scaled dual,13,259,0.0
mis-scaled dual,13,260,0.0
mis-scaled dual,13,261,0.0
mis-scaled dual,13,262,0.0
mis-scaled dual,13,263,0.0
mis-scaled dual,13,264,0.0
mis-scaled dual,13,265,0.0
mis-scaled dual,13,266,0.0
mis-scaled dual,13,267,0.0
mis-scaled dual,13,268,0.0
mis-scaled dual,13,269,0.0
mis-scaled dual,13,270,0.0
mis-scaled dual,13,271,0.0
mis-scaled dual,13,272,0.0
mis-scaled dual,13,273,0.0
mis-scaled dual,13,274,0.0
mis-scaled dual,13,275,0.0
mis-scaled dual,13,276,0.0
mis-scaled dual,13,277,0.0
mis-scaled dual,13,278,0.0
mis-scaled dual,13,279,0.0
mis-scaled dual,13,280,0.0
mis-scaled dual,13,281,0.0
mis-scaled dual,13,282,0.0
mis-scaled dual,13,283,0.0
mis-scaled dual,13,284,0.0
mis-scaled dual,13,285,0.0
mis-scaled dual,13,286,0.0
mis-scaled dual,13,287,0.0
mis-scaled dual,13,288,0.0
mis-scaled dual,13,289,0.0
mis-scaled dual,13,290,0.0
mis-scaled dual,13,291,0.0
mis-scaled dual,13,292,0.0
mis-scaled dual,13,293,0.0
mis-scaled dual,13,294,0.0
mis-scaled dual,13,295,0.0
mis-scaled dual,13,296,0.0
mis-scaled dual,13,297,0.0
mis-scaled dual,13,298,0.0
mis-scaled dual,13,299,0.0
mis-scaled dual,13,300,0.0
mis-scaled dual,13,301,0.0
mis-scaled dual,13,302,0.0
mis-scaled dual,13,303,0.0
mis-scaled dual,13,304,0.0
mis-scaled dual,13,305,0.0
mis-scaled dual,13,306,0.0
mis-scaled dual,13,307,0.0
mis-scaled dual,13,308,0.0
mis-scaled dual,13,309,0.0
mis-scaled dual,13,310,0.0
mis-scaled dual,13,311,0.0
mis-scaled dual,13,312,0.0
mis-scaled dual,13,313,0.0
mis-scaled dual,13,314,0.0
mis-scaled dual,13,315,0.0
mis-scaled dual,13,316,0.0
mis-scaled dual,13,317,0.0
mis-scaled dual,13,318,0.0
mis-scaled dual,13,319,0.0
mis-scaled dual,13,320,0.0
mis-scaled dual,13,321,0.0
mis-scaled dual,13,322,0.0
mis-scaled dual,13,323,0.0
mis-scaled dual,13,324,0.0
mis-scaled dual,13,325,0.0
mis-scaled dual,13,326,0.0
mis-scaled dual,13,327,0.0
mis-scaled dual,13,328,0.0
mis-scaled dual,13,329,0.0
mis-scaled dual,13,330,0.0
mis-scaled dual,13,331,0.0
mis-scaled dual,13,332,0.0
mis-scaled dual,13,333,0.0
mis-scaled dual,13,334,0.0
mis-scaled dual,13,335,0.0
mis-scaled dual,13,336,0.0
mis-scaled dual,13,337,0.0
mis-scaled dual,13,338,0.0
mis-scaled dual,13,339,0.0
mis-scaled dual,13,340,0.0
mis-scaled dual,13,341,0.0
mis-scaled dual,13,342,0.0
mis-scaled dual,13,343,0.0
mis-scaled dual,13,344,0.0
mis-scaled dual,13,345,0.0
mis-scaled dual,13,346,0.0
mis-scaled dual,13,347,0.0
mis-scaled dual,13,348,0.0
mis-scaled dual,13,349,0.0
mis-scaled dual,13,350,0.0
mis-scaled dual,13,351,0.0
mis-scaled dual,13,352,0.0
mis-scaled dual,13,353,0.0
mis-scaled dual,13,354,0.0
mis-scaled dual,13,355,0.0
mis-scaled dual,13,356,0.0
mis-scaled dual,13,357,0.0
mis-scaled dual,13,358,0.0
mis-scaled dual,13,359,0.0
mis-scaled dual,13,360,0.0
mis-scaled dual,13,361,0.0
mis-scaled dual,13,362,0.0
mis-scaled dual,13,363,0.0
mis-scaled dual,13,364,0.0
mis-scaled dual,13,365,0.0
mis-scaled dual,13,366,0.0
mis-scaled dual,13,367,0.0
mis-scaled dual,13,368,0.0
mis-scaled dual,13,369,0.0
mis-scaled dual,13,370,0.0
mis-scaled dual,13,371,0.0
mis-scaled dual,13,372,0.0
mis-scaled dual,13,373,0.0
mis-scaled dual,13,374,0.0
mis-scaled dual,13,375,0.0
mis-scaled dual,13,376,0.0
mis-scaled dual,13,377,0.0
mis-scaled dual,13,378,0.0
mis-scaled dual,13,379,0.0
mis-scaled dual,13,380,0.0
mis-scaled dual,13,381,0.0
mis-scaled dual,13,382,0.0
mis-scaled dual,13,383,0.0
mis-scaled dual,13,384,0.0
mis-scaled dual,13,385,0.0
mis-scaled dual,13,386,0.0
mis-scaled dual,13,387,0.0
mis-scaled dual,13,388,0.0
mis-scaled dual,13,389,0.0
mis-scaled dual,13,390,0.0
mis-scaled dual,13,391,0.0
mis-scaled dual,13,392,0.0
mis-scaled dual,13,393,0.0
mis-scaled dual,13,394,0.0
mis-scaled dual,13,395,0.0
mis-scaled dual,13,396,0.0
mis-scaled dual,13,397,0.0
mis-scaled dual,13,398,0.0
mis-scaled dual,13,399,0.0
mis-scaled dual,13,400,0.0
mis-scaled dual,13,401,0.0
mis-scaled dual,13,402,0.0
mis-scaled dual,13,403,0.0
mis-scaled dual,13,404,0.0
mis-scaled dual,13,405,0.0
mis-scaled dual,13,406,0.0
mis-scaled dual,13,407,0.0
mis-scaled dual,13,408,0.0
mis-scaled dual,13,409,0.0
mis-scaled dual,13,410,0.0
mis-scaled dual,13,411,0.0
mis-scaled dual,13,412,0.0
mis-scaled dual,13,413,0.0
mis-scaled dual,13,414,0.0
mis-scaled dual,13,415,0.0
mis-scaled dual,13,416,0.0
mis-scaled dual,13,417,0.0
mis-scaled dual,13,418,0.0
mis-scaled dual,13,419,0.0
mis-scaled dual,13,420,0.0
mis-scaled dual,13,421,0.0
mis-scaled dual,13,422,0.0
mis-scaled dual,13,423,0.0
mis-scaled dual,13,424,0.0
mis-scaled dual,13,425,0.0
mis-scaled dual,13,426,0.0
mis-scaled dual,13,427,0.0
mis-scaled dual,13,428,0.0
mis-scaled dual,13,429,0.0
mis-scaled dual,13,430,0.0
mis-scaled dual,13,431,0.0
mis-scaled dual,13,432,0.0
mis-scaled dual,13,433,0.0
mis-scaled dual,13,434,0.0
mis-scaled dual,13,435,0.0
mis-scaled dual,13,436,0.0
mis-scaled dual,13,437,0.0
mis-scaled dual,13,438,0.0
mis-scaled dual,13,439,0.0
mis-scaled dual,13,440,0.0
mis-scaled dual,13,441,0.0
mis-scaled dual,13,442,0.0
mis-scaled dual,13,443,0.0
mis-scaled dual,13,444,0.0
mis-scaled dual,13,445,0.0
mis-scaled dual,13,446,0.0
mis-scaled dual,13,447,6.058366149663923e-07
mis-scaled dual,13,448,0.0
mis-scaled dual,13,449,0.0
mis-scaled dual,13,450,0.0
mis-scaled dual,13,451,0.0
mis-scaled dual,13,452,0.0
mis-scaled dual,13,453,0.0
mis-scaled dual,13,454,0.0
mis-scaled dual,13,455,0.0
mis-scaled dual,13,456,0.0
mis-scaled dual,13,457,0.0
mis-scaled dual,13,458,0.0
mis-scaled dual,13,459,0.0
mis-scaled dual,13,460,0.0
mis-scaled dual,13,461,0.0
mis-scaled dual,13,462,0.0
mis-scaled dual,13,463,2.9122672155499457e-06
mis-scaled dual,13,464,0.0
mis-scaled dual,13,465,0.0
mis-scaled dual,13,466,0.0
mis-scaled dual,13,467,0.0
mis-scaled dual,13,468,0.0
mis-scaled dual,13,469,0.0
mis-scaled dual,13,470,0.0
mis-scaled dual,13,471,0.0
mis-scaled dual,13,472,0.0
mis-scaled dual,13,473,0.0
mis-scaled dual,13,474,0.0
mis-scaled dual,13,475,0.0
mis-scaled dual,13,476,0.0
mis-scaled dual,13,477,0.0
mis-scaled dual,13,478,0.0
mis-scaled dual,13,479,0.0
mis-scaled dual,13,480,0.0
mis-scaled dual,13,481,0.0
mis-scaled dual,13,482,0.0
mis-scaled dual,13,483,1.437043222784996e-05
mis-scaled dual,13,484,8.527662813663482e-06
mis-scaled dual,13,485,5.907008737325667e-06
mis-scaled dual,13,486,3.084008067846297e-06
mis-scaled dual,13,487,1.5059705451130853e-06
mis-scaled dual,13,488,4.847111850976928e-07
mis-scaled dual,13,489,5.100696146488188e-06
mis-scaled dual,13,490,6.213636040687559e-06
mis-scaled dual,13,491,7.135652944445608e-06
mis-scaled dual,13,492,7.716862596571442e-06
mis-scaled dual,13,493,6.935771770775314e-06
mis-scaled dual,13,494,3.1026291050016876e-05
mis-scaled dual,13,495,3.630624381452798e-05
mis-scaled dual,13,496,4.074351542443036e-05
mis-scaled dual,13,497,4.5440843962132925e-05
mis-scaled dual,13,498,5.391936077922582e-05
mis-scaled dual,13,499,5.786451409012079e-05
mis-scaled dual,13,500,6.224690658599138e-05
mis-scaled dual,13,501,7.092492387443781e-05
mis-scaled dual,13,502,8.117527443915606e-05
mis-scaled dual,13,503,0.00010133040077239275
mis-scaled dual,13,504,0.00010885304721444845
mis-scaled dual,13,505,0.00012809181732684373
mis-scaled dual,13,506,0.00014711947710067033
mis-scaled dual,13,507,0.00017144642565399408
mis-scaled dual,13,508,0.00020485108337551356
mis-scaled dual,13,509,0.0002158177122697234
mis-scaled dual,13,510,0.0002806574126109481
mis-scaled dual,13,511,0.00031404052697867155
mis-scaled dual,13,512,0.00032919239472597837
mis-scaled dual,13,513,0.0003947033625766635
mis-scaled dual,13,514,0.0004061272876188159
mis-scaled dual,13,515,0.0004204752582088113
mis-scaled dual,13,516,0.00044371791259199383
mis-scaled dual,13,517,0.00046032095413655043
mis-scaled dual,13,518,0.00048727039902657273
mis-scaled dual,13,519,0.0005053269110098481
mis-scaled dual,13,520,0.0005145926822498441
mis-scaled dual,13,521,0.0005463041582778096
mis-scaled dual,13,522,0.0005658469996228815
mis-scaled dual,13,523,0.0005774792857393623
mis-scaled dual,13,524,0.0005974404995366931
mis-scaled dual,13,525,0.0006420684883520007
mis-scaled dual,13,526,0.0006763147711083293
mis-scaled dual,13,527,0.0006861734707280994
mis-scaled dual,13,528,0.0007249808573648334
mis-scaled dual,13,529,0.000752819935105741
mis-scaled dual,13,530,0.0007808987688049674
mis-scaled dual,13,531,0.0008091273107454181
mis-scaled dual,13,532,0.0008451782247051597
mis-scaled dual,13,533,0.0008735695096775889
mis-scaled dual,13,534,0.0009019717805311084
mis-scaled dual,13,535,0.0009161387802436948
mis-scaled dual,13,536,0.000944547600157559
mis-scaled dual,13,537,0.000980725255943835
mis-scaled dual,13,538,0.0010047861181870104
mis-scaled dual,13,539,0.0010231337578818203
mis-scaled dual,13,540,0.0010544785833880306
mis-scaled dual,13,541,0.001090069971613586
mis-scaled dual,13,542,0.0011310920098051428
mis-scaled dual,13,543,0.0011450597064867616
mis-scaled dual,13,544,0.001180383689649403
mis-scaled dual,13,545,0.0012013983447626232
mis-scaled dual,13,546,0.0012293282301798461
mis-scaled dual,13,547,0.0012402652094885705
mis-scaled dual,13,548,0.0012604379415437578
mis-scaled dual,13,549,0.001338037416808307
mis-scaled dual,13,550,0.0013583507152423262
mis-scaled dual,13,551,0.0013744863278493285
mis-scaled dual,13,552,0.0014027908508107065
mis-scaled dual,13,553,0.0014406082788035273
mis-scaled dual,13,554,0.0014816122679635882
mis-scaled dual,13,555,0.0015180388886258005
mis-scaled dual,13,556,0.0015595680096074937
mis-scaled dual,13,557,0.001569931020401418
mis-scaled dual,13,558,0.0016203905898258088
mis-scaled dual,13,559,0.0016351773288324474
mis-scaled dual,13,560,0.0016457720936611294
mis-scaled dual,13,561,0.0017278302049711345
mis-scaled dual,13,562,0.0017711874115839599
mis-scaled dual,13,563,0.0017862597462460397
mis-scaled dual,13,564,0.001824408956043422
mis-scaled dual,13,565,0.0018581187150403854
mis-scaled dual,13,566,0.0018736626733168956
mis-scaled dual,13,567,0.0018957555801793929
mis-scaled dual,13,568,0.0019072823176458473
mis-scaled dual,13,569,0.0019366771771982306
mis-scaled dual,13,570,0.0019744540405049913
mis-scaled dual,13,571,0.002003738065220415
mis-scaled dual,13,572,0.0020371468654647464
mis-scaled dual,13,573,0.002061756906278431
mis-scaled dual,13,574,0.0020910319530442352
mis-scaled dual,13,575,0.0021287301642969247
mis-scaled dual,13,576,0.0021580340150073167
mis-scaled dual,13,577,0.0021745499145612115
mis-scaled dual,13,578,0.002187275325648486
mis-scaled dual,13,579,0.0022079222797080867
mis-scaled dual,13,580,0.0022459313925132147
mis-scaled dual,13,581,0.002260490024544298
mis-scaled dual,13,582,0.0022843893134966487
mis-scaled dual,13,583,0.0022996218263283364
mis-scaled dual,13,584,0.002343340151406824
mis-scaled dual,13,585,0.0023779417374506584
mis-scaled dual,13,586,0.002401140422232448
mis-scaled dual,13,587,0.0024407972272112955
mis-scaled dual,13,588,0.0024565164212808003
mis-scaled dual,13,589,0.0024870570795461526
mis-scaled dual,13,590,0.002532394207172095
mis-scaled dual,13,591,0.002562953335426747
mis-scaled dual,13,592,0.00257871201198548
mis-scaled dual,13,593,0.0026127846030816427
mis-scaled dual,13,594,0.002626483130775391
mis-scaled dual,13,595,0.0026798997648581854
mis-scaled dual,13,596,0.0027650725913867347
mis-scaled dual,13,597,0.00278096766386181
mis-scaled dual,13,598,0.0027967348862364878
mis-scaled dual,13,599,0.002826694425292312
mis-scaled dual,13,600,0.0028565170301273453
mis-scaled dual,13,601,0.002869771141864358
mis-scaled dual,13,602,0.0028849055156484234
mis-scaled dual,13,603,0.00289999216660112
mis-scaled dual,13,604,0.0029389312795028077
mis-scaled dual,13,605,0.0029629158552512513
mis-scaled dual,13,606,0.003006675143621861
mis-scaled dual,13,607,0.0030903751766309133
mis-scaled dual,13,608,0.0031200549389347426
mis-scaled dual,13,609,0.0031351837191954247
mis-scaled dual,13,610,0.0032180016556158653
mis-scaled dual,13,611,0.0032472023642137636
mis-scaled dual,13,612,0.003276174682714044
mis-scaled dual,13,613,0.0033034069143906223
mis-scaled dual,13,614,0.0033145867695882902
mis-scaled dual,13,615,0.003329264849327503
mis-scaled dual,13,616,0.003366477305077015
mis-scaled dual,13,617,0.0034040197097882615
mis-scaled dual,13,618,0.0034322484901472914
mis-scaled dual,13,619,0.0034653642963096486
mis-scaled dual,13,620,0.0034808442615494118
mis-scaled dual,13,621,0.0034962292877659187
mis-scaled dual,13,622,0.003543664517514406
mis-scaled dual,13,623,0.003596408230058847
mis-scaled dual,13,624,0.0036059764129146915
mis-scaled dual,13,625,0.003646583867274223
mis-scaled dual,13,626,0.0036764601423665863
mis-scaled dual,13,627,0.0037213845637068133
mis-scaled dual,13,628,0.0037442128615006783
mis-scaled dual,13,629,0.003759487520404158
mis-scaled dual,13,630,0.0038040483571365456
mis-scaled dual,13,631,0.0038890462738350013
mis-scaled dual,13,632,0.0039121951216831785
mis-scaled dual,13,633,0.003934679292060433
mis-scaled dual,13,634,0.0039646974187567815
mis-scaled dual,13,635,0.004008789502210914
mis-scaled dual,13,636,0.004052834032334386
mis-scaled dual,13,637,0.0040645428415015325
mis-scaled dual,13,638,0.004084233867444096
mis-scaled dual,13,639,0.004122366272456942
mis-scaled dual,13,640,0.004144877931751309
mis-scaled dual,13,641,0.004227660284198818
mis-scaled dual,13,642,0.004242020289339123
mis-scaled dual,13,643,0.004279517450399695
mis-scaled dual,13,644,0.004318670879252253
mis-scaled dual,13,645,0.0044002717335298635
mis-scaled dual,13,646,0.004428991175599394
mis-scaled dual,13,647,0.004508929715938864
mis-scaled dual,13,648,0.004587247933812437
mis-scaled dual,13,649,0.0046630809360221
mis-scaled dual,13,650,0.004684705037452278
mis-scaled dual,13,651,0.0046926526240333895
mis-scaled dual,13,652,0.0047127347235009056
mis-scaled dual,13,653,0.004723235268287359
mis-scaled dual,13,654,0.004792187093071637
mis-scaled dual,13,655,0.004828060612432656
mis-scaled dual,13,656,0.004849905653379855
mis-scaled dual,13,657,0.004875935979746279
mis-scaled dual,13,658,0.00490956532462686
mis-scaled dual,13,659,0.004926742444582281
mis-scaled dual,13,660,0.004954727076865731
mis-scaled dual,13,661,0.004976263090081511
mis-scaled dual,13,662,0.005005135451592503
mis-scaled dual,13,663,0.0050297184058204275
mis-scaled dual,13,664,0.005062538200415669
mis-scaled dual,13,665,0.005099931958593427
mis-scaled dual,13,666,0.005138668035723268
mis-scaled dual,13,667,0.005222239695228635
mis-scaled dual,13,668,0.005247460031725465
mis-scaled dual,13,669,0.005291468370653688
mis-scaled dual,13,670,0.005321655290253459
mis-scaled dual,13,671,0.005360851735033093
mis-scaled dual,13,672,0.005390999557711182
mis-scaled dual,13,673,0.005416188825286924
mis-scaled dual,13,674,0.0054604570628181085
mis-scaled dual,13,675,0.005490353897787629
mis-scaled dual,13,676,0.0055201119843199834
mis-scaled dual,13,677,0.005558237978108226
mis-scaled dual,13,678,0.0056398398680165395
mis-scaled dual,13,679,0.0056547082914635526
mis-scaled dual,13,680,0.005696709168307482
mis-scaled dual,13,681,0.005725094433210789
mis-scaled dual,13,682,0.0057658162204548705
mis-scaled dual,13,683,0.0058001991431340565
mis-scaled dual,13,684,0.005875184515140949
mis-scaled dual,13,685,0.005904579180978237
mis-scaled dual,13,686,0.005916697980694471
mis-scaled dual,13,687,0.005946933086924253
mis-scaled dual,13,688,0.006016728555850683
mis-scaled dual,13,689,0.006040867127649485
mis-scaled dual,13,690,0.006061629196904598
mis-scaled dual,13,691,0.006088697899512946
mis-scaled dual,13,692,0.006099104861281811
mis-scaled dual,13,693,0.006125707727514206
mis-scaled dual,13,694,0.006149132522515951
mis-scaled dual,13,695,0.006175782342307269
mis-scaled dual,13,696,0.006185317876718938
mis-scaled dual,13,697,0.006214831379316747
mis-scaled dual,13,698,0.0062510824493989346
mis-scaled dual,13,699,0.006277245451979339
mis-scaled dual,13,700,0.0062896455260142686
mis-scaled dual,13,701,0.006328961470656097
mis-scaled dual,13,702,0.006404074672274291
mis-scaled dual,13,703,0.006427941461794078
mis-scaled dual,13,704,0.006462937332563102
mis-scaled dual,13,705,0.006538836257509887
mis-scaled dual,13,706,0.006552689649246633
mis-scaled dual,13,707,0.0065735493397340175
mis-scaled dual,13,708,0.006604067277453839
mis-scaled dual,13,709,0.006627842141710221
mis-scaled dual,13,710,0.006634739507488906
mis-scaled dual,13,711,0.00670843629413098
mis-scaled dual,13,712,0.006721822072528302
mis-scaled dual,13,713,0.006748837924443184
mis-scaled dual,13,714,0.006820307993315159
mis-scaled dual,13,715,0.006843215662144123
mis-scaled dual,13,716,0.006860123745359479
mis-scaled dual,13,717,0.006888089758642016
mis-scaled dual,13,718,0.006906676317967473
mis-scaled dual,13,719,0.006929122140206395
mis-scaled dual,13,720,0.006965122457273303
mis-scaled dual,13,721,0.006981913747049867
mis-scaled dual,13,722,0.0070182908362522705
mis-scaled dual,13,723,0.007088669164098798
mis-scaled dual,13,724,0.007122535489596425
mis-scaled dual,13,725,0.007193504484571516
mis-scaled dual,13,726,0.007205995466865598
mis-scaled dual,13,727,0.007237129608578979
mis-scaled dual,13,728,0.007267805569387971
mis-scaled dual,13,729,0.007293278651930391
mis-scaled dual,13,730,0.007328637395776808
mis-scaled dual,13,731,0.007353605925001203
mis-scaled dual,13,732,0.007365112605504691
mis-scaled dual,13,733,0.007399336231045424
mis-scaled dual,13,734,0.007410872745536267
mis-scaled dual,13,735,0.0074330588368102905
mis-scaled dual,13,736,0.007458265020929277
mis-scaled dual,13,737,0.007483601634912193
mis-scaled dual,13,738,0.007504882506720722
mis-scaled dual,13,739,0.007517085684262216
mis-scaled dual,13,740,0.0075295166484043
mis-scaled dual,13,741,0.0075608529206439845
mis-scaled dual,13,742,0.007630760766677558
mis-scaled dual,13,743,0.007667341048114001
mis-scaled dual,13,744,0.007695512097649276
mis-scaled dual,13,745,0.0077257904246971
mis-scaled dual,13,746,0.0077556918454989784
mis-scaled dual,13,747,0.007822991898916661
mis-scaled dual,13,748,0.007838865346081554
mis-scaled dual,13,749,0.007850267521016299
mis-scaled dual,13,750,0.007913913757555185
mis-scaled dual,13,751,0.007927455584637819
mis-scaled dual,13,752,0.007944439874254165
mis-scaled dual,13,753,0.007967963221810755
mis-scaled dual,13,754,0.007990387422464785
mis-scaled dual,13,755,0.007999375911034641
mis-scaled dual,13,756,0.008026690967090426
mis-scaled dual,13,757,0.00803450789283961
mis-scaled dual,13,758,0.008043952306650578
mis-scaled dual,13,759,0.008065804068021475
mis-scaled dual,13,760,0.008088042261205613
mis-scaled dual,13,761,0.008110526655100285
mis-scaled dual,13,762,0.008133089790455995
mis-scaled dual,13,763,0.008157577053152024
mis-scaled dual,13,764,0.008186677733980118
mis-scaled dual,13,765,0.008215797585152089
mis-scaled dual,13,766,0.008242818738155066
mis-scaled dual,13,767,0.008265453592799602
mis-scaled dual,13,768,0.008290911993972956
mis-scaled dual,13,769,0.008310935446195303
mis-scaled dual,13,770,0.008334607105009257
mis-scaled dual,13,771,0.008343155094765126
mis-scaled dual,13,772,0.008364158473424612
mis-scaled dual,13,773,0.008382441522173581
mis-scaled dual,13,774,0.00838931453386694
mis-scaled dual,13,775,0.008396979061715304
mis-scaled dual,13,776,0.008412727225504815
mis-scaled dual,13,777,0.008459120912514625
mis-scaled dual,13,778,0.008468813274197278
mis-scaled dual,13,779,0.008492399862281976
mis-scaled dual,13,780,0.00851128355821222
mis-scaled dual,13,781,0.008528868297569452
mis-scaled dual,13,782,0.008547980838082728
mis-scaled dual,13,783,0.008567034831933674
mis-scaled dual,13,784,0.008593689796350893
mis-scaled dual,13,785,0.008645360945664343
mis-scaled dual,13,786,0.008665410161994395
mis-scaled dual,13,787,0.00868579243417829
mis-scaled dual,13,788,0.00870615840449184
mis-scaled dual,13,789,0.0087262735100314
mis-scaled dual,13,790,0.008746152670584617
mis-scaled dual,13,791,0.008765846777342259
mis-scaled dual,13,792,0.008789728788398206
mis-scaled dual,13,793,0.008809249292902648
mis-scaled dual,13,794,0.00885857728677243
mis-scaled dual,13,795,0.008867480915091932
mis-scaled dual,13,796,0.008884869149111211
mis-scaled dual,13,797,0.008902280908338726
mis-scaled dual,13,798,0.00891004149093479
mis-scaled dual,13,799,0.008926302060954273
mis-scaled dual,13,800,0.008947784832321108
mis-scaled dual,13,801,0.008956234107472004
mis-scaled dual,13,802,0.008973474674709143
mis-scaled dual,13,803,0.008982606719203295
mis-scaled dual,13,804,0.008992405702419581
mis-scaled dual,13,805,0.009010106184683743
mis-scaled dual,13,806,0.009018383783556523
mis-scaled dual,13,807,0.009035315330512824
mis-scaled dual,13,808,0.0090515326853022
mis-scaled dual,13,809,0.009098160894237461
mis-scaled dual,13,810,0.009107321049772205
mis-scaled dual,13,811,0.009154123755030337
mis-scaled dual,13,812,0.009172149069570009
mis-scaled dual,13,813,0.009189410235799852
mis-scaled dual,13,814,0.009197354503147306
mis-scaled dual,13,815,0.009210520101986829
mis-scaled dual,13,816,0.009253945589445534
mis-scaled dual,13,817,0.00926239530604333
mis-scaled dual,13,818,0.00927510669141263
mis-scaled dual,13,819,0.009290004935808482
mis-scaled dual,13,820,0.009298825458489361
mis-scaled dual,13,821,0.009313373546086254
mis-scaled dual,13,822,0.009325309344641868
mis-scaled dual,13,823,0.009332645121209326
mis-scaled dual,13,824,0.009339084853701296
mis-scaled dual,13,825,0.009352600175343458
mis-scaled dual,13,826,0.009368095088310543
mis-scaled dual,13,827,0.009382062719799581
mis-scaled dual,13,828,0.009395544118948284
mis-scaled dual,13,829,0.009410298226274554
mis-scaled dual,13,830,0.009433217614866797
mis-scaled dual,13,831,0.009451011126942936
mis-scaled dual,13,832,0.009457809942029419
mis-scaled dual,13,833,0.009504152465902272
mis-scaled dual,13,834,0.009512820938996974
mis-scaled dual,13,835,0.009528651156030599
mis-scaled dual,13,836,0.009537231475718323
mis-scaled dual,13,837,0.009553043330796067
mis-scaled dual,13,838,0.009566096364401285
mis-scaled dual,13,839,0.009582528575308625
mis-scaled dual,13,840,0.009591084406800572
mis-scaled dual,13,841,0.009605622626103465
mis-scaled dual,13,842,0.009623846109323209
mis-scaled dual,13,843,0.009641839863203472
mis-scaled dual,13,844,0.009686892140232032
mis-scaled dual,13,845,0.009704282588936394
mis-scaled dual,13,846,0.009714356519065803
mis-scaled dual,13,847,0.009732131561152643
mis-scaled dual,13,848,0.009746805990107363
mis-scaled dual,13,849,0.009763055587284273
mis-scaled dual,13,850,0.009771621007673448
mis-scaled dual,13,851,0.009788208840720361
mis-scaled dual,13,852,0.009829901140592998
mis-scaled dual,13,853,0.009844901403926317
mis-scaled dual,13,854,0.009852429371945564
mis-scaled dual,13,855,0.009860721885018055
mis-scaled dual,13,856,0.00986780184962601
mis-scaled dual,13,857,0.009881758003495639
mis-scaled dual,13,858,0.009895218190841382
mis-scaled dual,13,859,0.009902363318227237
mis-scaled dual,13,860,0.00990898526025564
mis-scaled dual,13,861,0.009911912794642156
mis-scaled dual,13,862,0.009949965608827776
mis-scaled dual,13,863,0.00995960255309195
mis-scaled dual,13,864,0.009972982970796533
mis-scaled dual,13,865,0.00997891883356125
mis-scaled dual,13,866,0.009985180204741664
mis-scaled dual,13,867,0.009998432949297137
mis-scaled dual,13,868,0.010004359258554883
mis-scaled dual,13,869,0.010009861687518664
mis-scaled dual,13,870,0.010022218190558261
mis-scaled dual,13,871,0.010034969980426139
mis-scaled dual,13,872,0.010069951952137059
mis-scaled dual,13,873,0.01008092933966965
mis-scaled dual,13,874,0.010114448319099849
mis-scaled dual,13,875,0.010124461281128233
mis-scaled dual,13,876,0.010138538447327917
mis-scaled dual,13,877,0.010149909890480344
mis-scaled dual,13,878,0.010158592495463793
mis-scaled dual,13,879,0.010168869871146981
mis-scaled dual,13,880,0.010179925145186489
mis-scaled dual,13,881,0.010181750917516654
mis-scaled dual,13,882,0.010187249831669038
mis-scaled dual,13,883,0.010204771233640617
mis-scaled dual,13,884,0.010206213191173976
mis-scaled dual,13,885,0.01023883531069011
mis-scaled dual,13,886,0.01024567170091719
mis-scaled dual,13,887,0.01025347940843553
mis-scaled dual,13,888,0.010286992360346026
mis-scaled dual,13,889,0.010289334367573268
mis-scaled dual,13,890,0.010301501471266157
mis-scaled dual,13,891,0.010311659226015218
mis-scaled dual,13,892,0.010319747250452645
mis-scaled dual,13,893,0.010337661827012904
mis-scaled dual,13,894,0.0103502907139659
mis-scaled dual,13,895,0.01036018353910745
mis-scaled dual,13,896,0.010397152424201377
mis-scaled dual,13,897,0.01040301098346711
mis-scaled dual,13,898,0.010412988618567594
mis-scaled dual,13,899,0.01041883623665572
mis-scaled dual,13,900,0.010426454911768444
mis-scaled dual,13,901,0.010436455315843233
mis-scaled dual,13,902,0.010442679804787048
mis-scaled dual,13,903,0.010456001735433944
mis-scaled dual,13,904,0.01046749235434831
mis-scaled dual,13,905,0.010481413360103973
mis-scaled dual,13,906,0.010495335319533953
mis-scaled dual,13,907,0.010533211968466648
mis-scaled dual,13,908,0.010570845110073694
mis-scaled dual,13,909,0.010584030585199602
mis-scaled dual,13,910,0.010594167934671052
mis-scaled dual,13,911,0.010599952135279783
mis-scaled dual,13,912,0.010607762722447523
mis-scaled dual,13,913,0.010626398341983565
mis-scaled dual,13,914,0.010632396599635491
mis-scaled dual,13,915,0.010640643511429439
mis-scaled dual,13,916,0.010651974097460519
mis-scaled dual,13,917,0.010691067467182885
mis-scaled dual,13,918,0.010703406873002658
mis-scaled dual,13,919,0.01071576053737105
mis-scaled dual,13,920,0.010730315002664935
mis-scaled dual,13,921,0.010769594763562094
mis-scaled dual,13,922,0.010777663453742873
mis-scaled dual,13,923,0.010789184349954139
mis-scaled dual,13,924,0.01079716837359966
mis-scaled dual,13,925,0.010803870295748126
mis-scaled dual,13,926,0.01081140390571953
mis-scaled dual,13,927,0.010817600305974494
mis-scaled dual,13,928,0.010826027218207728
mis-scaled dual,13,929,0.010832226993575703
mis-scaled dual,13,930,0.010840738773509872
mis-scaled dual,13,931,0.010854789316922438
mis-scaled dual,13,932,0.010861602114886057
mis-scaled dual,13,933,0.010879605573147547
mis-scaled dual,13,934,0.010894678975105298
mis-scaled dual,13,935,0.010914839562714112
mis-scaled dual,13,936,0.010933565298885119
mis-scaled dual,13,937,0.010945442627146851
mis-scaled dual,13,938,0.01096299815091492
mis-scaled dual,13,939,0.010985060201197874
mis-scaled dual,13,940,0.011010060238927614
mis-scaled dual,13,941,0.01101768929269911
mis-scaled dual,13,942,0.011026666385605944
mis-scaled dual,13,943,0.01104966182227434
mis-scaled dual,13,944,0.011069334642723215
mis-scaled dual,13,945,0.011079548111051333
mis-scaled dual,13,946,0.011105390552401555
mis-scaled dual,13,947,0.011131660016328109
mis-scaled dual,13,948,0.01118311138841511
mis-scaled dual,13,949,0.011203494599372161
mis-scaled dual,13,950,0.01122440402621032
mis-scaled dual,13,951,0.011244893899679196
mis-scaled dual,13,952,0.011267634366303694
mis-scaled dual,13,953,0.011288854109823715
mis-scaled dual,13,954,0.011309847702145588
mis-scaled dual,13,955,0.011336941475957643
mis-scaled dual,13,956,0.011360058405518543
mis-scaled dual,13,957,0.011374400683864963
mis-scaled dual,13,958,0.011389049492135655
mis-scaled dual,13,959,0.01141083681716026
mis-scaled dual,13,960,0.011438300832673918
mis-scaled dual,13,961,0.011465794792070995
mis-scaled dual,13,962,0.011475271407291304
mis-scaled dual,13,963,0.011490159440666448
mis-scaled dual,13,964,0.011510611796736727
mis-scaled dual,13,965,0.011532790120780479
mis-scaled dual,13,966,0.011555511670380842
mis-scaled dual,13,967,0.011584566816985619
mis-scaled dual,13,968,0.011613952244102967
mis-scaled dual,13,969,0.011671933543443692
mis-scaled dual,13,970,0.011694200860947383
mis-scaled dual,13,971,0.011717931051522506
mis-scaled dual,13,972,0.01172845208168031
mis-scaled dual,13,973,0.011757399705231202
mis-scaled dual,13,974,0.011767647574752581
mis-scaled dual,13,975,0.011778041037932051
mis-scaled dual,13,976,0.011802091730132712
mis-scaled dual,13,977,0.011832463390603674
mis-scaled dual,13,978,0.01185251828055085
mis-scaled dual,13,979,0.011870194574505102
mis-scaled dual,13,980,0.011893789037853491
mis-scaled dual,13,981,0.011915768867254269
mis-scaled dual,13,982,0.011939783789217484
mis-scaled dual,13,983,0.011960083035856496
mis-scaled dual,13,984,0.01197094542926551
mis-scaled dual,13,985,0.011998626804292213
mis-scaled dual,13,986,0.012010169446885597
mis-scaled dual,13,987,0.012024901554510008
mis-scaled dual,13,988,0.012049531592682015
mis-scaled dual,13,989,0.012070625872150074
mis-scaled dual,13,990,0.012100505596861254
mis-scaled dual,13,991,0.012125127197250734
mis-scaled dual,13,992,0.012158365476056945
mis-scaled dual,13,993,0.012176808771893394
mis-scaled dual,13,994,0.012200852721318614
mis-scaled dual,13,995,0.012218874250963341
mis-scaled dual,13,996,0.012244726195529115
mis-scaled dual,13,997,0.012267691401466739
mis-scaled dual,13,998,0.012326786182627093
mis-scaled dual,13,999,0.012336142169222247
mis-scaled dual,13,1000,0.012345450203880679
mis-scaled dual,13,1001,0.012366505539163958
mis-scaled dual,13,1002,0.012387274403348577
mis-scaled dual,13,1003,0.012397087933823478
mis-scaled dual,13,1004,0.01241193556456269
mis-scaled dual,13,1005,0.012432632113412036
mis-scaled dual,13,1006,0.012442473510921015
mis-scaled dual,13,1007,0.012464703195542111
mis-scaled dual,13,1008,0.012477158456027522
mis-scaled dual,13,1009,0.012500980687350048
mis-scaled dual,13,1010,0.012524593426972642
mis-scaled dual,13,1011,0.012557451577156797
mis-scaled dual,13,1012,0.012586305204182878
mis-scaled dual,13,1013,0.012609712881475702
mis-scaled dual,13,1014,0.012670469782859102
mis-scaled dual,13,1015,0.012693644145220534
mis-scaled dual,13,1016,0.012718562681049124
mis-scaled dual,13,1017,0.012735620768666283
mis-scaled dual,13,1018,0.012763671133697049
mis-scaled dual,13,1019,0.01277410151636602
mis-scaled dual,13,1020,0.012784539748221652
mis-scaled dual,13,1021,0.012808470493525284
mis-scaled dual,13,1022,0.012831828013509529
mis-scaled dual,13,1023,0.01284699689838292
mis-scaled dual,13,1024,0.012877655011326093
mis-scaled dual,13,1025,0.0129048642691374
mis-scaled dual,13,1026,0.012926170469194668
mis-scaled dual,13,1027,0.012980925190299766
mis-scaled dual,13,1028,0.013001168106824177
mis-scaled dual,13,1029,0.0130206999846399
mis-scaled dual,13,1030,0.013028423180222527
mis-scaled dual,13,1031,0.013046715924039498
mis-scaled dual,13,1032,0.013062555662915126
mis-scaled dual,13,1033,0.013077249314367786
mis-scaled dual,13,1034,0.013085035191684977
mis-scaled dual,13,1035,0.013091415032684819
mis-scaled dual,13,1036,0.013098961697936074
mis-scaled dual,13,1037,0.013108717102706448
mis-scaled dual,13,1038,0.0131201484000981
mis-scaled dual,13,1039,0.013138124162688867
mis-scaled dual,13,1040,0.013156107826620356
mis-scaled dual,13,1041,0.013171004001617448
mis-scaled dual,13,1042,0.013185280614271776
mis-scaled dual,13,1043,0.013193418628379718
mis-scaled dual,13,1044,0.013211497957766072
mis-scaled dual,13,1045,0.013220376954466121
mis-scaled dual,13,1046,0.01323562784042956
mis-scaled dual,13,1047,0.013243600291460768
mis-scaled dual,13,1048,0.013261354747593419
mis-scaled dual,13,1049,0.013269249280452745
mis-scaled dual,13,1050,0.013286442696690576
mis-scaled dual,13,1051,0.013330054158091562
mis-scaled dual,13,1052,0.013340018827319161
mis-scaled dual,13,1053,0.013354946024671212
mis-scaled dual,13,1054,0.013375969613030569
mis-scaled dual,13,1055,0.013392952680751698
mis-scaled dual,13,1056,0.013401333032444136
mis-scaled dual,13,1057,0.013419679724052565
mis-scaled dual,13,1058,0.013433813713967816
mis-scaled dual,13,1059,0.013448430972754971
mis-scaled dual,13,1060,0.013456837066203372
mis-scaled dual,13,1061,0.013473773437410609
mis-scaled dual,13,1062,0.013491978772878664
mis-scaled dual,13,1063,0.013512261121600883
mis-scaled dual,13,1064,0.013558444553226249
mis-scaled dual,13,1065,0.013567077913597243
mis-scaled dual,13,1066,0.013584971576377766
mis-scaled dual,13,1067,0.013629530502036231
mis-scaled dual,13,1068,0.01367350697483124
mis-scaled dual,13,1069,0.013681168753415364
mis-scaled dual,13,1070,0.013697372166305798
mis-scaled dual,13,1071,0.013712910495668668
mis-scaled dual,13,1072,0.013720489926710744
mis-scaled dual,13,1073,0.013734103234663625
mis-scaled dual,13,1074,0.01374856311111154
mis-scaled dual,13,1075,0.013761031505107898
mis-scaled dual,13,1076,0.01377261649121346
mis-scaled dual,13,1077,0.01381113386400046
mis-scaled dual,13,1078,0.013823847981870195
mis-scaled dual,13,1079,0.013861633957237026
mis-scaled dual,13,1080,0.013874441272556803
mis-scaled dual,13,1081,0.013884526000440142
mis-scaled dual,13,1082,0.013902334110066316
mis-scaled dual,13,1083,0.013914446399837754
mis-scaled dual,13,1084,0.013920208878278753
mis-scaled dual,13,1085,0.013930459733620308
mis-scaled dual,13,1086,0.01394224575315418
mis-scaled dual,13,1087,0.013953416339829586
mis-scaled dual,13,1088,0.013964114239320181
mis-scaled dual,13,1089,0.013970810214042687
mis-scaled dual,13,1090,0.013978794703349494
mis-scaled dual,13,1091,0.01398931649346652
mis-scaled dual,13,1092,0.01402407354705038
mis-scaled dual,13,1093,0.014028084304586077
mis-scaled dual,13,1094,0.014035500294104242
mis-scaled dual,13,1095,0.014039561641082192
mis-scaled dual,13,1096,0.01404806431268158
mis-scaled dual,13,1097,0.01405901954032483
mis-scaled dual,13,1098,0.014064493157893442
mis-scaled dual,13,1099,0.014076731444433355
mis-scaled dual,13,1100,0.014110591261848831
mis-scaled dual,13,1101,0.014117435210689927
mis-scaled dual,13,1102,0.014119559161774839
mis-scaled dual,13,1103,0.014121994235135639
mis-scaled dual,13,1104,0.014133363510169113
mis-scaled dual,13,1105,0.014147239574022615
mis-scaled dual,13,1106,0.014155445805646504
mis-scaled dual,13,1107,0.014165839740075195
mis-scaled dual,13,1108,0.014197717382676923
mis-scaled dual,13,1109,0.014200298740737164
mis-scaled dual,13,1110,0.014232126181326831
mis-scaled dual,13,1111,0.014263851768754448
mis-scaled dual,13,1112,0.014267444117516305
mis-scaled dual,13,1113,0.014267683860540415
mis-scaled dual,13,1114,0.014276484490171099
mis-scaled dual,13,1115,0.014281446634694958
mis-scaled dual,13,1116,0.01428677533847096
mis-scaled dual,13,1117,0.014293435222581053
mis-scaled dual,13,1118,0.014304760840937519
mis-scaled dual,13,1119,0.014304398960754298
mis-scaled dual,13,1120,0.014315249772235774
mis-scaled dual,13,1121,0.01432215578441324
mis-scaled dual,13,1122,0.014331105109006188
mis-scaled dual,13,1123,0.014336696887195131
mis-scaled dual,13,1124,0.014346473537296078
mis-scaled dual,13,1125,0.014353657869637033
mis-scaled dual,13,1126,0.014361037898927948
mis-scaled dual,13,1127,0.014367833666726967
mis-scaled dual,13,1128,0.014378831582471748
mis-scaled dual,13,1129,0.014413799636498113
mis-scaled dual,13,1130,0.014425964939013143
mis-scaled dual,13,1131,0.014438907486096044
mis-scaled dual,13,1132,0.01445119205750527
mis-scaled dual,13,1133,0.014456333012238164
mis-scaled dual,13,1134,0.014462296311765929
mis-scaled dual,13,1135,0.014473846468269845
mis-scaled dual,13,1136,0.014486727335721275
mis-scaled dual,13,1137,0.01449460264235737
mis-scaled dual,13,1138,0.014508260186269899
mis-scaled dual,13,1139,0.014527526860669274
mis-scaled dual,13,1140,0.014534348454043288
mis-scaled dual,13,1141,0.014548163678318281
mis-scaled dual,13,1142,0.014559141701012869
mis-scaled dual,13,1143,0.014575248766720315
mis-scaled dual,13,1144,0.0145852579457164
mis-scaled dual,13,1145,0.014596931047976037
mis-scaled dual,13,1146,0.014610608887270112
mis-scaled dual,13,1147,0.014622993896231075
mis-scaled dual,13,1148,0.014632334227293748
mis-scaled dual,13,1149,0.014653482523471135
mis-scaled dual,13,1150,0.014669238290578144
mis-scaled dual,13,1151,0.01468506453645231
mis-scaled dual,13,1152,0.0146960010109842
mis-scaled dual,13,1153,0.014705943117991107
mis-scaled dual,13,1154,0.014716975004658121
mis-scaled dual,13,1155,0.014726384736016411
mis-scaled dual,13,1156,0.014742295290797968
mis-scaled dual,13,1157,0.014749588043987771
mis-scaled dual,13,1158,0.014759542291715761
mis-scaled dual,13,1159,0.014772141113713404
mis-scaled dual,13,1160,0.014786722395509502
mis-scaled dual,13,1161,0.014804306207269451
mis-scaled dual,13,1162,0.014817986784651897
mis-scaled dual,13,1163,0.014836019058033846
mis-scaled dual,13,1164,0.014852623604595683
mis-scaled dual,13,1165,0.014869075917169473
mis-scaled dual,13,1166,0.014876297457709929
mis-scaled dual,13,1167,0.014890921386629364
mis-scaled dual,13,1168,0.014933397629141828
mis-scaled dual,13,1169,0.014949542506545803
mis-scaled dual,13,1170,0.0149654174885303
mis-scaled dual,13,1171,0.014975685431778452
mis-scaled dual,13,1172,0.014990823093131206
mis-scaled dual,13,1173,0.015031067529127024
mis-scaled dual,13,1174,0.015070494334682844
mis-scaled dual,13,1175,0.015076269916832469
mis-scaled dual,13,1176,0.015085428615778707
mis-scaled dual,13,1177,0.01510419435784223
mis-scaled dual,13,1178,0.01511684658932688
mis-scaled dual,13,1179,0.015123975483760259
mis-scaled dual,13,1180,0.015130972813978813
mis-scaled dual,13,1181,0.015136559509009145
mis-scaled dual,13,1182,0.015146421172097347
mis-scaled dual,13,1183,0.015152230253919981
mis-scaled dual,13,1184,0.01515870118199291
mis-scaled dual,13,1185,0.015170622196733973
mis-scaled dual,13,1186,0.015208597096473
mis-scaled dual,13,1187,0.015220266387760662
mis-scaled dual,13,1188,0.01522622810776534
mis-scaled dual,13,1189,0.015232213051229739
mis-scaled dual,13,1190,0.015245448352113389
mis-scaled dual,13,1191,0.015255405939564131
mis-scaled dual,13,1192,0.015264478435292862
mis-scaled dual,13,1193,0.015273153300985717
mis-scaled dual,13,1194,0.015280578801170014
mis-scaled dual,13,1195,0.015298221863672159
mis-scaled dual,13,1196,0.015309859674394152
mis-scaled dual,13,1197,0.01532449319407346
mis-scaled dual,13,1198,0.015331845767974875
mis-scaled dual,13,1199,0.015349342175111197
mis-scaled dual,13,1200,0.015366985353097341
mis-scaled dual,13,1201,0.015401984882101438
mis-scaled dual,13,1202,0.015414516645148417
mis-scaled dual,13,1203,0.015422613539502045
mis-scaled dual,13,1204,0.015434577050492188
mis-scaled dual,13,1205,0.015443172090664526
mis-scaled dual,13,1206,0.015478157124564072
mis-scaled dual,13,1207,0.015513049856945892
mis-scaled dual,13,1208,0.015524166328191777
mis-scaled dual,13,1209,0.015541575166791697
mis-scaled dual,13,1210,0.015547227235078832
mis-scaled dual,13,1211,0.015564410805374403
mis-scaled dual,13,1212,0.015572051210105438
mis-scaled dual,13,1213,0.015577720824509879
mis-scaled dual,13,1214,0.015589453808948417
mis-scaled dual,13,1215,0.015595226792708057
mis-scaled dual,13,1216,0.01560037346576156
mis-scaled dual,13,1217,0.015603200441524405
mis-scaled dual,13,1218,0.015609196732223052
mis-scaled dual,13,1219,0.01561885090036692
mis-scaled dual,13,1220,0.01563131652460994
mis-scaled dual,13,1221,0.015641349221363683
mis-scaled dual,13,1222,0.01565262089379134
mis-scaled dual,13,1223,0.01566979136596622
mis-scaled dual,13,1224,0.01568056565439703
mis-scaled dual,13,1225,0.01569454072342815
mis-scaled dual,13,1226,0.01570287574578824
mis-scaled dual,13,1227,0.015715558960512303
mis-scaled dual,13,1228,0.01572458098973336
mis-scaled dual,13,1229,0.01574296839503946
mis-scaled dual,13,1230,0.015752088254109044
mis-scaled dual,13,1231,0.015760198660090586
mis-scaled dual,13,1232,0.01576840536110105
mis-scaled dual,13,1233,0.01578712053234877
mis-scaled dual,13,1234,0.01580026399551334
mis-scaled dual,13,1235,0.015815442739367504
mis-scaled dual,13,1236,0.015834313752546927
mis-scaled dual,13,1237,0.01585090122796597
mis-scaled dual,13,1238,0.015866445463776607
mis-scaled dual,13,1239,0.015883156197875756
mis-scaled dual,13,1240,0.015928882722646018
mis-scaled dual,13,1241,0.015942139158964176
mis-scaled dual,13,1242,0.01595906914874913
mis-scaled dual,13,1243,0.015974986381113547
mis-scaled dual,13,1244,0.01599506830176713
mis-scaled dual,13,1245,0.016006322040647288
mis-scaled dual,13,1246,0.01601799254451694
mis-scaled dual,13,1247,0.016035978067368287
mis-scaled dual,13,1248,0.016051504466488977
mis-scaled dual,13,1249,0.016069393791168948
mis-scaled dual,13,1250,0.016083565505236406
mis-scaled dual,13,1251,0.016102340649932642
mis-scaled dual,13,1252,0.016110408086553236
mis-scaled dual,13,1253,0.016125341324463506
mis-scaled dual,13,1254,0.016127029560938498
mis-scaled dual,13,1255,0.016140878297925015
mis-scaled dual,13,1256,0.016163740823686143
mis-scaled dual,13,1257,0.016181665490195174
mis-scaled dual,13,1258,0.016192045037552734
mis-scaled dual,13,1259,0.016209353991806525
mis-scaled dual,13,1260,0.016226700269743818
mis-scaled dual,13,1261,0.016243903053224103
mis-scaled dual,13,1262,0.016259020458310857
mis-scaled dual,13,1263,0.016277271057918683
mis-scaled dual,13,1264,0.016285520579278484
mis-scaled dual,13,1265,0.016290920179054157
mis-scaled dual,13,1266,0.016308097153723257
mis-scaled dual,13,1267,0.01635234578132631
mis-scaled dual,13,1268,0.016396010775148885
mis-scaled dual,13,1269,0.01641085716350378
mis-scaled dual,13,1270,0.016426740294560805
mis-scaled dual,13,1271,0.016433780286803857
mis-scaled dual,13,1272,0.016439988900423065
mis-scaled dual,13,1273,0.016449534284502285
mis-scaled dual,13,1274,0.01646504625743629
mis-scaled dual,13,1275,0.016506526696324363
mis-scaled dual,13,1276,0.016520093911260383
mis-scaled dual,13,1277,0.016535448485091343
mis-scaled dual,13,1278,0.016547195137619986
mis-scaled dual,13,1279,0.01655395596033336
mis-scaled dual,13,1280,0.016571008094936623
mis-scaled dual,13,1281,0.016585842055723086
mis-scaled dual,13,1282,0.016596993384510293
mis-scaled dual,13,1283,0.016638635847449318
mis-scaled dual,13,1284,0.01665275257623197
mis-scaled dual,13,1285,0.01665881158778073
mis-scaled dual,13,1286,0.016660187138289227
mis-scaled dual,13,1287,0.016672807386294022
mis-scaled dual,13,1288,0.01668041477377714
mis-scaled dual,13,1289,0.016686606210082784
mis-scaled dual,13,1290,0.016692901017606274
mis-scaled dual,13,1291,0.016708636310517805
mis-scaled dual,13,1292,0.016715189146548525
mis-scaled dual,13,1293,0.01673157402019204
mis-scaled dual,13,1294,0.016748413459345714
mis-scaled dual,13,1295,0.01676662830175461
mis-scaled dual,13,1296,0.016773587769985214
mis-scaled dual,13,1297,0.016782788987532275
mis-scaled dual,13,1298,0.01680063761900367
mis-scaled dual,13,1299,0.016811869669243713
mis-scaled dual,13,1300,0.01682053020747008
mis-scaled dual,13,1301,0.016834635939195774
mis-scaled dual,13,1302,0.016851572805866622
mis-scaled dual,13,1303,0.01686123810145261
mis-scaled dual,13,1304,0.016878910370230697
mis-scaled dual,13,1305,0.01690410564669969
mis-scaled dual,13,1306,0.01693001987439396
mis-scaled dual,13,1307,0.01693889351412656
mis-scaled dual,13,1308,0.01698944305303695
mis-scaled dual,13,1309,0.01700921803212168
mis-scaled dual,13,1310,0.017023150513634108
mis-scaled dual,13,1311,0.017033053372845077
mis-scaled dual,13,1312,0.017052244408950232
mis-scaled dual,13,1313,0.01707205893944206
mis-scaled dual,13,1314,0.017091671950355193
mis-scaled dual,13,1315,0.017111044400647302
mis-scaled dual,13,1316,0.017125996000513455
mis-scaled dual,13,1317,0.017142779554724714
mis-scaled dual,13,1318,0.017160292507737897
mis-scaled dual,13,1319,0.017180209088832162
mis-scaled dual,13,1320,0.017194124827027344
mis-scaled dual,13,1321,0.017203840270608686
mis-scaled dual,13,1322,0.01721546843469145
mis-scaled dual,13,1323,0.017223799046307824
mis-scaled dual,13,1324,0.017230668815135977
mis-scaled dual,13,1325,0.01723710845449569
mis-scaled dual,13,1326,0.017249739742398282
mis-scaled dual,13,1327,0.01725922532811763
mis-scaled dual,13,1328,0.017267554909691236
mis-scaled dual,13,1329,0.017278830869928024
mis-scaled dual,13,1330,0.01728607201667132
mis-scaled dual,13,1331,0.017296495356678983
mis-scaled dual,13,1332,0.017304747290164253
mis-scaled dual,13,1333,0.017327492666721366
mis-scaled dual,13,1334,0.017335290416538737
mis-scaled dual,13,1335,0.017353535351842662
mis-scaled dual,13,1336,0.017400104794323464
mis-scaled dual,13,1337,0.017418832558915038
mis-scaled dual,13,1338,0.017427696097522993
mis-scaled dual,13,1339,0.017436590636134165
mis-scaled dual,13,1340,0.017456156428992765
mis-scaled dual,13,1341,0.01747542282399537
mis-scaled dual,13,1342,0.017494721815288085
mis-scaled dual,13,1343,0.017502357814863343
mis-scaled dual,13,1344,0.017523736095562598
mis-scaled dual,13,1345,0.017533504542574307
mis-scaled dual,13,1346,0.017541161916002652
mis-scaled dual,13,1347,0.017563765802308937
mis-scaled dual,13,1348,0.01758916341046991
mis-scaled dual,13,1349,0.017607513797566313
mis-scaled dual,13,1350,0.017624068434551377
mis-scaled dual,13,1351,0.01764336077247562
mis-scaled dual,13,1352,0.017660741731002946
mis-scaled dual,13,1353,0.017678820291116854
mis-scaled dual,13,1354,0.017688184566482922
mis-scaled dual,13,1355,0.017696512400895377
mis-scaled dual,13,1356,0.017715142477199457
mis-scaled dual,13,1357,0.01773243579454722
mis-scaled dual,13,1358,0.01774232568602266
mis-scaled dual,13,1359,0.0177602755187303
mis-scaled dual,13,1360,0.01777748482891919
mis-scaled dual,13,1361,0.01779585759755971
mis-scaled dual,13,1362,0.017839426907300966
mis-scaled dual,13,1363,0.017855412906661646
mis-scaled dual,13,1364,0.01786650940290095
mis-scaled dual,13,1365,0.017879095540285127
mis-scaled dual,13,1366,0.01788711612579228
mis-scaled dual,13,1367,0.0178990551094711
mis-scaled dual,13,1368,0.01791336073654892
mis-scaled dual,13,1369,0.01793340920782091
mis-scaled dual,13,1370,0.017941218479961177
mis-scaled dual,13,1371,0.017953329750865717
mis-scaled dual,13,1372,0.017961972532495877
mis-scaled dual,13,1373,0.017976635766953252
mis-scaled dual,13,1374,0.0179831526706964
mis-scaled dual,13,1375,0.01799802807720008
mis-scaled dual,13,1376,0.01803756945405903
mis-scaled dual,13,1377,0.018046147441715028
mis-scaled dual,13,1378,0.018061276849687124
mis-scaled dual,13,1379,0.018074444771245146
mis-scaled dual,13,1380,0.018088777998998787
mis-scaled dual,13,1381,0.0180965241442323
mis-scaled dual,13,1382,0.01810668086148801
mis-scaled dual,13,1383,0.01811515017497542
mis-scaled dual,13,1384,0.018128689802274132
mis-scaled dual,13,1385,0.018136568249329948
mis-scaled dual,13,1386,0.018151636491760634
mis-scaled dual,13,1387,0.018167110690251016
mis-scaled dual,13,1388,0.018181235316649103
mis-scaled dual,13,1389,0.018191072545558237
mis-scaled dual,13,1390,0.018209177162215137
mis-scaled dual,13,1391,0.01822665200737121
mis-scaled dual,13,1392,0.018244183018729113
mis-scaled dual,13,1393,0.018254861716210866
mis-scaled dual,13,1394,0.018272506216675068
mis-scaled dual,13,1395,0.018291132003307366
mis-scaled dual,13,1396,0.018334931569516683
mis-scaled dual,13,1397,0.01835243647962811
mis-scaled dual,13,1398,0.018370126063555505
mis-scaled dual,13,1399,0.018383897210195687
mis-scaled dual,13,1400,0.018385676102541413
mis-scaled dual,13,1401,0.018393681757085053
mis-scaled dual,13,1402,0.01840261467363688
mis-scaled dual,13,1403,0.018414057579033104
mis-scaled dual,13,1404,0.01842789809616658
mis-scaled dual,13,1405,0.01843591331166777
mis-scaled dual,13,1406,0.01844576178909096
mis-scaled dual,13,1407,0.018457316781021683
mis-scaled dual,13,1408,0.018471625311963287
mis-scaled dual,13,1409,0.01848733418511602
mis-scaled dual,13,1410,0.01849709732172641
mis-scaled dual,13,1411,0.01853866108790788
mis-scaled dual,13,1412,0.018548930519409507
mis-scaled dual,13,1413,0.018559477702967852
mis-scaled dual,13,1414,0.018573196639664502
mis-scaled dual,13,1415,0.01861298787174377
mis-scaled dual,13,1416,0.018627200012661545
mis-scaled dual,13,1417,0.018643167733885378
mis-scaled dual,13,1418,0.01865096748418364
mis-scaled dual,13,1419,0.018659512806631653
mis-scaled dual,13,1420,0.018672236271254746
mis-scaled dual,13,1421,0.01867746447601172
mis-scaled dual,13,1422,0.01871322225060317
mis-scaled dual,13,1423,0.018727884063862294
mis-scaled dual,13,1424,0.01873487038771066
mis-scaled dual,13,1425,0.01874036179540309
mis-scaled dual,13,1426,0.018744983915917602
mis-scaled dual,13,1427,0.01875655572939667
mis-scaled dual,13,1428,0.018768120705105393
mis-scaled dual,13,1429,0.018770635454043776
mis-scaled dual,13,1430,0.018807000853285225
mis-scaled dual,13,1431,0.018812773207470806
mis-scaled dual,13,1432,0.018825564274936944
mis-scaled dual,13,1433,0.018862230286479025
mis-scaled dual,13,1434,0.01887284922285381
mis-scaled dual,13,1435,0.01887870923498276
mis-scaled dual,13,1436,0.018886444655105503
mis-scaled dual,13,1437,0.018899644073993
mis-scaled dual,13,1438,0.018936948685973915
mis-scaled dual,13,1439,0.018947945864111217
mis-scaled dual,13,1440,0.018953942357838188
mis-scaled dual,13,1441,0.018959959586530958
mis-scaled dual,13,1442,0.018965691931098733
mis-scaled dual,13,1443,0.018977611198678645
mis-scaled dual,13,1444,0.019016077508911523
mis-scaled dual,13,1445,0.019030103420704637
mis-scaled dual,13,1446,0.019039012135908043
mis-scaled dual,13,1447,0.01905058366812769
mis-scaled dual,13,1448,0.019056826539516486
mis-scaled dual,13,1449,0.019064974373489654
mis-scaled dual,13,1450,0.01907113769316677
mis-scaled dual,13,1451,0.019079471173256674
mis-scaled dual,13,1452,0.019089866825044193
mis-scaled dual,13,1453,0.01910420538368825
mis-scaled dual,13,1454,0.019117429020687977
mis-scaled dual,13,1455,0.01912399474622313
mis-scaled dual,13,1456,0.01914011944186691
mis-scaled dual,13,1457,0.01915638207569722
mis-scaled dual,13,1458,0.01917830902087692
mis-scaled dual,13,1459,0.019190278935641084
mis-scaled dual,13,1460,0.019195921796873246
mis-scaled dual,13,1461,0.01920264528100196
mis-scaled dual,13,1462,0.01921490763664249
mis-scaled dual,13,1463,0.019231536343574555
mis-scaled dual,13,1464,0.019241612179189953
mis-scaled dual,13,1465,0.019248373050332102
mis-scaled dual,13,1466,0.019250290997520122
mis-scaled dual,13,1467,0.01929360979266468
mis-scaled dual,13,1468,0.019308650607645545
mis-scaled dual,13,1469,0.019325653210789
mis-scaled dual,13,1470,0.01933566806340221
mis-scaled dual,13,1471,0.019353742119640145
mis-scaled dual,13,1472,0.019370456832349333
mis-scaled dual,13,1473,0.01938564363214377
mis-scaled dual,13,1474,0.019398739754319223
mis-scaled dual,13,1475,0.01940890712963048
mis-scaled dual,13,1476,0.019452498139187726
mis-scaled dual,13,1477,0.019475185073390636
mis-scaled dual,13,1478,0.01949018710996214
mis-scaled dual,13,1479,0.01949618726937476
mis-scaled dual,13,1480,0.01950908591204885
mis-scaled dual,13,1481,0.019517945403128893
mis-scaled dual,13,1482,0.019534782065078648
mis-scaled dual,13,1483,0.019549811121180684
mis-scaled dual,13,1484,0.019593231050506265
mis-scaled dual,13,1485,0.019606316225916177
mis-scaled dual,13,1486,0.01962303130556646
mis-scaled dual,13,1487,0.01963718644954267
mis-scaled dual,13,1488,0.01964441863323751
mis-scaled dual,13,1489,0.019660335988536507
mis-scaled dual,13,1490,0.019703451669678122
mis-scaled dual,13,1491,0.019719979620546134
mis-scaled dual,13,1492,0.01973354130715135
mis-scaled dual,13,1493,0.019745731708809767
mis-scaled dual,13,1494,0.01976216593137387
mis-scaled dual,13,1495,0.019778256322681938
mis-scaled dual,13,1496,0.019787204423517023
mis-scaled dual,13,1497,0.019800047719553147
mis-scaled dual,13,1498,0.019807998079612886
mis-scaled dual,13,1499,0.019823492431923783
mis-scaled dual,13,1500,0.019838728353396094
mis-scaled dual,23,1,0.0
mis-scaled dual,23,2,0.0
mis-scaled dual,23,3,0.0
mis-scaled dual,23,4,0.0
mis-scaled dual,23,5,0.0
mis-scaled dual,23,6,0.0
mis-scaled dual,23,7,0.0
mis-scaled dual,23,8,0.0
mis-scaled dual,23,9,0.0
mis-scaled dual,23,10,0.0
mis-scaled dual,23,11,0.0
mis-scaled dual,23,12,0.0
mis-scaled dual,23,13,0.0
mis-scaled dual,23,14,0.0
mis-scaled dual,23,15,0.0
mis-scaled dual,23,16,0.0
mis-scaled dual,23,17,0.0
mis-scaled dual,23,18,0.0
mis-scaled dual,23,19,0.0
mis-scaled dual,23,20,0.0
mis-scaled dual,23,21,0.0
mis-scaled dual,23,22,0.0
mis-scaled dual,23,23,0.0
mis-scaled dual,23,24,0.0
mis-scaled dual,23,25,0.0
mis-scaled dual,23,26,0.0
mis-scaled dual,23,27,0.0
mis-scaled dual,23,28,0.0
mis-scaled dual,23,29,0.0
mis-scaled dual,23,30,0.0
mis-scaled dual,23,31,0.0
mis-scaled dual,23,32,0.0
mis-scaled dual,23,33,0.0
mis-scaled dual,23,34,0.0
mis-scaled dual,23,35,0.0
mis-scaled dual,23,36,0.0
mis-scaled dual,23,37,0.0
mis-scaled dual,23,38,0.0
mis-scaled dual,23,39,0.0
mis-scaled dual,23,40,0.0
mis-scaled dual,23,41,0.0
mis-scaled dual,23,42,0.0
mis-scaled dual,23,43,0.0
mis-scaled dual,23,44,0.0
mis-scaled dual,23,45,0.0
mis-scaled dual,23,46,0.0
mis-scaled dual,23,47,0.0
mis-scaled dual,23,48,0.0
mis-scaled dual,23,49,0.0
mis-scaled dual,23,50,0.0
mis-scaled dual,23,51,0.0
mis-scaled dual,23,52,0.0
mis-scaled dual,23,53,0.0
mis-scaled dual,23,54,0.0
mis-scaled dual,23,55,0.0
mis-scaled dual,23,56,0.0
mis-scaled dual,23,57,0.0
mis-scaled dual,23,58,0.0
mis-scaled dual,23,59,0.0
mis-scaled dual,23,60,0.0
mis-scaled dual,23,61,0.0
mis-scaled dual,23,62,0.0
mis-scaled dual,23,63,0.0
mis-scaled dual,23,64,0.0
mis-scaled dual,23,65,0.0
mis-scaled dual,23,66,0.0
mis-scaled dual,23,67,0.0
mis-scaled dual,23,68,0.0
mis-scaled dual,23,69,0.0
mis-scaled dual,23,70,0.0
mis-scaled dual,23,71,0.0
mis-scaled dual,23,72,0.0
mis-scaled dual,23,73,0.0
mis-scaled dual,23,74,0.0
mis-scaled dual,23,75,0.0
mis-scaled dual,23,76,0.0
mis-scaled dual,23,77,0.0
mis-scaled dual,23,78,0.0
mis-scaled dual,23,79,0.0
mis-scaled dual,23,80,0.0
mis-scaled dual,23,81,0.0
mis-scaled dual,23,82,0.0
mis-scaled dual,23,83,0.0
mis-scaled dual,23,84,0.0
mis-scaled dual,23,85,0.0
mis-scaled dual,23,86,0.0
mis-scaled dual,23,87,0.0
mis-scaled dual,23,88,0.0
mis-scaled dual,23,89,0.0
mis-scaled dual,23,90,0.0
mis-scaled dual,23,91,0.0
mis-scaled dual,23,92,0.0
mis-scaled dual,23,93,0.0
mis-scaled dual,23,94,0.0
mis-scaled dual,23,95,0.0
mis-scaled dual,23,96,0.0
mis-scaled dual,23,97,0.0
mis-scaled dual,23,98,0.0
mis-scaled dual,23,99,0.0
mis-scaled dual,23,100,0.0
mis-scaled dual,23,101,0.0
mis-scaled dual,23,102,0.0
mis-scaled dual,23,103,0.0
mis-scaled dual,23,104,0.0
mis-scaled dual,23,105,0.0
mis-scaled dual,23,106,0.0
mis-scaled dual,23,107,0.0
mis-scaled dual,23,108,0.0
mis-scaled dual,23,109,0.0
mis-scaled dual,23,110,0.0
mis-scaled dual,23,111,0.0
mis-scaled dual,23,112,0.0
mis-scaled dual,23,113,0.0
mis-scaled dual,23,114,0.0
mis-scaled dual,23,115,0.0
mis-scaled dual,23,116,0.0
mis-scaled dual,23,117,0.0
mis-scaled dual,23,118,0.0
mis-scaled dual,23,119,0.0
mis-scaled dual,23,120,0.0
mis-scaled dual,23,121,0.0
mis-scaled dual,23,122,0.0
mis-scaled dual,23,123,0.0
mis-scaled dual,23,124,0.0
mis-scaled dual,23,125,0.0
mis-scaled dual,23,126,0.0
mis-scaled dual,23,127,0.0
mis-scaled dual,23,128,0.0
mis-scaled dual,23,129,0.0
mis-scaled dual,23,130,0.0
mis-scaled dual,23,131,0.0
mis-scaled dual,23,132,0.0
mis-scaled dual,23,133,0.0
mis-scaled dual,23,134,0.0
mis-scaled dual,23,135,0.0
mis-scaled dual,23,136,0.0
mis-scaled dual,23,137,0.0
mis-scaled dual,23,138,0.0
mis-scaled dual,23,139,0.0
mis-scaled dual,23,140,0.0
mis-scaled dual,23,141,0.0
mis-scaled dual,23,142,0.0
mis-scaled dual,23,143,0.0
mis-scaled dual,23,144,0.0
mis-scaled dual,23,145,0.0
mis-scaled dual,23,146,0.0
mis-scaled dual,23,147,0.0
mis-scaled dual,23,148,0.0
mis-scaled dual,23,149,0.0
mis-scaled dual,23,150,0.0
mis-scaled dual,23,151,0.0
mis-scaled dual,23,152,0.0
mis-scaled dual,23,153,0.0
mis-scaled dual,23,154,0.0
mis-scaled dual,23,155,0.0
mis-scaled dual,23,156,0.0
mis-scaled dual,23,157,0.0
mis-scaled dual,23,158,0.0
mis-scaled dual,23,159,0.0
mis-scaled dual,23,160,0.0
mis-scaled dual,23,161,0.0
mis-scaled dual,23,162,0.0
mis-scaled dual,23,163,0.0
mis-scaled dual,23,164,0.0
mis-scaled dual,23,165,0.0
mis-scaled dual,23,166,0.0
mis-scaled dual,23,167,0.0
mis-scaled dual,23,168,0.0
mis-scaled dual,23,169,0.0
mis-scaled dual,23,170,0.0
mis-scaled dual,23,171,0.0
mis-scaled dual,23,172,0.0
mis-scaled dual,23,173,0.0
mis-scaled dual,23,174,0.0
mis-scaled dual,23,175,0.0
mis-scaled dual,23,176,0.0
mis-scaled dual,23,177,0.0
mis-scaled dual,23,178,0.0
mis-scaled dual,23,179,0.0
mis-scaled dual,23,180,0.0
mis-scaled dual,23,181,0.0
mis-scaled dual,23,182,0.0
mis-scaled dual,23,183,0.0
mis-scaled dual,23,184,0.0
mis-scaled dual,23,185,0.0
mis-scaled dual,23,186,0.0
mis-scaled dual,23,187,0.0
mis-scaled dual,23,188,0.0
mis-scaled dual,23,189,0.0
mis-scaled dual,23,190,0.0
mis-scaled dual,23,191,0.0
mis-scaled dual,23,192,0.0
mis-scaled dual,23,193,0.0
mis-scaled dual,23,194,0.0
mis-scaled dual,23,195,0.0
mis-scaled dual,23,196,0.0
mis-scaled dual,23,197,0.0
mis-scaled dual,23,198,0.0
mis-scaled dual,23,199,0.0
mis-scaled dual,23,200,0.0
mis-scaled dual,23,201,0.0
mis-scaled dual,23,202,0.0
mis-scaled dual,23,203,0.0
mis-scaled dual,23,204,0.0
mis-scaled dual,23,205,0.0
mis-scaled dual,23,206,0.0
mis-scaled dual,23,207,0.0
mis-scaled dual,23,208,0.0
mis-scaled dual,23,209,0.0
mis-scaled dual,23,210,0.0
mis-scaled dual,23,211,0.0
mis-scaled dual,23,212,0.0
mis-scaled dual,23,213,0.0
mis-scaled dual,23,214,0.0
mis-scaled dual,23,215,0.0
mis-scaled dual,23,216,0.0
mis-scaled dual,23,217,0.0
mis-scaled dual,23,218,0.0
mis-scaled dual,23,219,0.0
mis-scaled dual,23,220,0.0
mis-scaled dual,23,221,0.0
mis-scaled dual,23,222,0.0
mis-scaled dual,23,223,0.0
mis-scaled dual,23,224,0.0
mis-scaled dual,23,225,0.0
mis-scaled dual,23,226,0.0
mis-scaled dual,23,227,0.0
mis-scaled dual,23,228,0.0
mis-scaled dual,23,229,0.0
mis-scaled dual,23,230,0.0
mis-scaled dual,23,231,0.0
mis-scaled dual,23,232,0.0
mis-scaled dual,23,233,0.0
mis-scaled dual,23,234,0.0
mis-scaled dual,23,235,0.0
mis-scaled dual,23,236,0.0
mis-scaled dual,23,237,0.0
mis-scaled dual,23,238,0.0
mis-scaled dual,23,239,0.0
mis-scaled dual,23,240,0.0
mis-scaled dual,23,241,0.0
mis-scaled dual,23,242,0.0
mis-scaled dual,23,243,0.0
mis-scaled dual,23,244,0.0
mis-scaled dual,23,245,0.0
mis-scaled dual,23,246,0.0
mis-scaled dual,23,247,0.0
mis-scaled dual,23,248,0.0
mis-scaled dual,23,249,0.0
mis-scaled dual,23,250,0.0
mis-scaled dual,23,251,0.0
mis-scaled dual,23,252,0.0
mis-scaled dual,23,253,0.0
mis-scaled dual,23,254,0.0
mis-scaled dual,23,255,0.0
mis-scaled dual,23,256,0.0
mis-scaled dual,23,257,0.0
mis-scaled dual,23,258,0.0
mis-scaled dual,23,259,0.0
mis-scaled dual,23,260,0.0
mis-scaled dual,23,261,0.0
mis-scaled dual,23,262,0.0
mis-scaled dual,23,263,0.0
mis-scaled dual,23,264,7.605888992547987e-07
mis-scaled dual,23,265,0.0
mis-scaled dual,23,266,0.0
mis-scaled dual,23,267,0.0
mis-scaled dual,23,268,0.0
mis-scaled dual,23,269,0.0
mis-scaled dual,23,270,0.0
mis-scaled dual,23,271,0.0
mis-scaled dual,23,272,0.0
mis-scaled dual,23,273,0.0
mis-scaled dual,23,274,0.0
mis-scaled dual,23,275,0.0
mis-scaled dual,23,276,0.0
mis-scaled dual,23,277,0.0
mis-scaled dual,23,278,0.0
mis-scaled dual,23,279,0.0
mis-scaled dual,23,280,0.0
mis-scaled dual,23,281,1.1719810888171193e-06
mis-scaled dual,23,282,1.4491120576858515e-06
mis-scaled dual,23,283,0.0
mis-scaled dual,23,284,2.4228515207767486e-05
mis-scaled dual,23,285,2.4298143781721592e-05
mis-scaled dual,23,286,2.52625265493989e-05
mis-scaled dual,23,287,3.097173147648573e-05
mis-scaled dual,23,288,3.5625502057373524e-05
mis-scaled dual,23,289,4.1151513971388344e-05
mis-scaled dual,23,290,4.774442667514086e-05
mis-scaled dual,23,291,8.03978647068143e-05
mis-scaled dual,23,292,8.79518948569894e-05
mis-scaled dual,23,293,9.100564394146206e-05
mis-scaled dual,23,294,0.00010179406426101924
mis-scaled dual,23,295,0.00010467421295493843
mis-scaled dual,23,296,0.00011210159999877216
mis-scaled dual,23,297,0.00012823429197818042
mis-scaled dual,23,298,0.00016395324159413578
mis-scaled dual,23,299,0.000174925154812634
mis-scaled dual,23,300,0.00018602241287380458
mis-scaled dual,23,301,0.0002036548266336322
mis-scaled dual,23,302,0.00024138259061425927
mis-scaled dual,23,303,0.00024505173157900574
mis-scaled dual,23,304,0.0002512252883538604
mis-scaled dual,23,305,0.0002606818503364921
mis-scaled dual,23,306,0.00026982834523171193
mis-scaled dual,23,307,0.00028205877699702983
mis-scaled dual,23,308,0.0002823463406413794
mis-scaled dual,23,309,0.0002902118199616671
mis-scaled dual,23,310,0.00031106506942212583
mis-scaled dual,23,311,0.0003121033619493246
mis-scaled dual,23,312,0.0003289990585744381
mis-scaled dual,23,313,0.0003461155401170254
mis-scaled dual,23,314,0.00036395609515905384
mis-scaled dual,23,315,0.0003908994454741478
mis-scaled dual,23,316,0.0004117522739768028
mis-scaled dual,23,317,0.00042010719311237334
mis-scaled dual,23,318,0.00044151383072137834
mis-scaled dual,23,319,0.00046031162145733837
mis-scaled dual,23,320,0.0004818806556463242
mis-scaled dual,23,321,0.0005017642902731896
mis-scaled dual,23,322,0.0005568499363660813
mis-scaled dual,23,323,0.0005845415782928468
mis-scaled dual,23,324,0.0005934688938707115
mis-scaled dual,23,325,0.0006033026675730946
mis-scaled dual,23,326,0.0006604857862144711
mis-scaled dual,23,327,0.0006831848238855602
mis-scaled dual,23,328,0.0006933178576081993
mis-scaled dual,23,329,0.0007033113102912905
mis-scaled dual,23,330,0.0007251491763293745
mis-scaled dual,23,331,0.0007475925473272802
mis-scaled dual,23,332,0.0007683281409442427
mis-scaled dual,23,333,0.0008322724677622321
mis-scaled dual,23,334,0.0008435947929620745
mis-scaled dual,23,335,0.0008673745522499086
mis-scaled dual,23,336,0.0008889585621058943
mis-scaled dual,23,337,0.0009129597824513914
mis-scaled dual,23,338,0.0009393755944073202
mis-scaled dual,23,339,0.0009658788463771345
mis-scaled dual,23,340,0.0009771750535666943
mis-scaled dual,23,341,0.0010060557560026646
mis-scaled dual,23,342,0.0010245075957924128
mis-scaled dual,23,343,0.0010557307682186367
mis-scaled dual,23,344,0.0010647707794159652
mis-scaled dual,23,345,0.001130914487823844
mis-scaled dual,23,346,0.001160106751188636
mis-scaled dual,23,347,0.0011712153769731523
mis-scaled dual,23,348,0.001197702718228102
mis-scaled dual,23,349,0.0012137349428534509
mis-scaled dual,23,350,0.0012419806323051453
mis-scaled dual,23,351,0.001306340239584446
mis-scaled dual,23,352,0.0013169706964194776
mis-scaled dual,23,353,0.0013803215174376965
mis-scaled dual,23,354,0.0014015103783011438
mis-scaled dual,23,355,0.0014279567041099073
mis-scaled dual,23,356,0.0014558938650190833
mis-scaled dual,23,357,0.0014665251637697222
mis-scaled dual,23,358,0.0014886879049241545
mis-scaled dual,23,359,0.0015106980209350588
mis-scaled dual,23,360,0.0015325843641757968
mis-scaled dual,23,361,0.0015490340187549593
mis-scaled dual,23,362,0.0015732904512882236
mis-scaled dual,23,363,0.0015935344406962397
mis-scaled dual,23,364,0.0016039024415165188
mis-scaled dual,23,365,0.0016260672576576473
mis-scaled dual,23,366,0.0016860456478744747
mis-scaled dual,23,367,0.0017165911937206985
mis-scaled dual,23,368,0.0017372664078325036
mis-scaled dual,23,369,0.0017528548609763387
mis-scaled dual,23,370,0.0017636388370245698
mis-scaled dual,23,371,0.001787973392620683
mis-scaled dual,23,372,0.0018127029146701099
mis-scaled dual,23,373,0.0018341130354255439
mis-scaled dual,23,374,0.0018581103181391956
mis-scaled dual,23,375,0.0018918866927772763
mis-scaled dual,23,376,0.0019162299804538492
mis-scaled dual,23,377,0.0019283514698296789
mis-scaled dual,23,378,0.001954249023124576
mis-scaled dual,23,379,0.0019804514355510477
mis-scaled dual,23,380,0.0020036564905792477
mis-scaled dual,23,381,0.0020741504663378003
mis-scaled dual,23,382,0.0021082353657931093
mis-scaled dual,23,383,0.0021179220464080575
mis-scaled dual,23,384,0.002129639520600438
mis-scaled dual,23,385,0.0021454444615393877
mis-scaled dual,23,386,0.002163571346119046
mis-scaled dual,23,387,0.0022014079519063236
mis-scaled dual,23,388,0.0022147719522565604
mis-scaled dual,23,389,0.0022423170822411776
mis-scaled dual,23,390,0.0022783534005135298
mis-scaled dual,23,391,0.0022884155102968215
mis-scaled dual,23,392,0.002311946449995041
mis-scaled dual,23,393,0.0023517304512858392
mis-scaled dual,23,394,0.002365542440146208
mis-scaled dual,23,395,0.0024006788735687736
mis-scaled dual,23,396,0.00243579522022605
mis-scaled dual,23,397,0.0024671094163954263
mis-scaled dual,23,398,0.0024951470185816294
mis-scaled dual,23,399,0.0025355148622691636
mis-scaled dual,23,400,0.0025719473204612736
mis-scaled dual,23,401,0.00258195724824071
mis-scaled dual,23,402,0.0026162222394049174
mis-scaled dual,23,403,0.002643683196455241
mis-scaled dual,23,404,0.002666190601468087
mis-scaled dual,23,405,0.0026996921316385274
mis-scaled dual,23,406,0.002732937413990498
mis-scaled dual,23,407,0.00280516370934248
mis-scaled dual,23,408,0.0028372981138527396
mis-scaled dual,23,409,0.0029069963079988957
mis-scaled dual,23,410,0.0029292211609184744
mis-scaled dual,23,411,0.002995203169375658
mis-scaled dual,23,412,0.003010487517759204
mis-scaled dual,23,413,0.0030327347224205735
mis-scaled dual,23,414,0.0030364410417824984
mis-scaled dual,23,415,0.003057313148662448
mis-scaled dual,23,416,0.0030871650566309692
mis-scaled dual,23,417,0.003145150289878249
mis-scaled dual,23,418,0.003164625990316272
mis-scaled dual,23,419,0.003177498114511371
mis-scaled dual,23,420,0.0032029594139605763
mis-scaled dual,23,421,0.0032231244644671682
mis-scaled dual,23,422,0.003236760800302029
mis-scaled dual,23,423,0.0032463854511082177
mis-scaled dual,23,424,0.0032675249332487586
mis-scaled dual,23,425,0.0032776810414195065
mis-scaled dual,23,426,0.003300390934586525
mis-scaled dual,23,427,0.0033268389889299873
mis-scaled dual,23,428,0.0033904122246801857
mis-scaled dual,23,429,0.003417576115906239
mis-scaled dual,23,430,0.0034288164176642898
mis-scaled dual,23,431,0.0034457827849090103
mis-scaled dual,23,432,0.0034713957595527175
mis-scaled dual,23,433,0.003504396945983172
mis-scaled dual,23,434,0.003528847451239825
mis-scaled dual,23,435,0.003539876128569246
mis-scaled dual,23,436,0.0035748020272105938
mis-scaled dual,23,437,0.003587007484629751
mis-scaled dual,23,438,0.0036222499770671135
mis-scaled dual,23,439,0.003645169142141939
mis-scaled dual,23,440,0.003676005621984602
mis-scaled dual,23,441,0.003708903535917402
mis-scaled dual,23,442,0.0037203724214881664
mis-scaled dual,23,443,0.003751149814501405
mis-scaled dual,23,444,0.00376702228191495
mis-scaled dual,23,445,0.0037793469076454643
mis-scaled dual,23,446,0.0038069679255187516
mis-scaled dual,23,447,0.0038452103309035307
mis-scaled dual,23,448,0.0038707042862474923
mis-scaled dual,23,449,0.003885449775114656
mis-scaled dual,23,450,0.0039072868588417775
mis-scaled dual,23,451,0.003929860804989934
mis-scaled dual,23,452,0.003951211321100593
mis-scaled dual,23,453,0.003989206169769168
mis-scaled dual,23,454,0.00400128376032412
mis-scaled dual,23,455,0.004033104789689183
mis-scaled dual,23,456,0.0040685914749056095
mis-scaled dual,23,457,0.004078855311021208
mis-scaled dual,23,458,0.004088155066221952
mis-scaled dual,23,459,0.004123439591109752
mis-scaled dual,23,460,0.004148872701287269
mis-scaled dual,23,461,0.0041642810329198835
mis-scaled dual,23,462,0.004189650168687105
mis-scaled dual,23,463,0.004219507929086685
mis-scaled dual,23,464,0.004231378140181303
mis-scaled dual,23,465,0.004260986291229725
mis-scaled dual,23,466,0.00429049375140667
mis-scaled dual,23,467,0.004356631670713425
mis-scaled dual,23,468,0.00438117258131504
mis-scaled dual,23,469,0.00441157228577137
mis-scaled dual,23,470,0.004443867477536201
mis-scaled dual,23,471,0.0044698978150784965
mis-scaled dual,23,472,0.004492844316333532
mis-scaled dual,23,473,0.004517993928194046
mis-scaled dual,23,474,0.004542696285426616
mis-scaled dual,23,475,0.0045532011534124605
mis-scaled dual,23,476,0.004575523635014891
mis-scaled dual,23,477,0.004600145317360758
mis-scaled dual,23,478,0.004653124781176447
mis-scaled dual,23,479,0.004673900593027472
mis-scaled dual,23,480,0.004703496044561266
mis-scaled dual,23,481,0.004727831922635435
mis-scaled dual,23,482,0.004751908017590641
mis-scaled dual,23,483,0.004767175235226749
mis-scaled dual,23,484,0.004790833274379371
mis-scaled dual,23,485,0.004848217283025383
mis-scaled dual,23,486,0.0048686377357095465
mis-scaled dual,23,487,0.004886698298946022
mis-scaled dual,23,488,0.004907714541032909
mis-scaled dual,23,489,0.004923564334467052
mis-scaled dual,23,490,0.004972572646275162
mis-scaled dual,23,491,0.004994462815389036
mis-scaled dual,23,492,0.005004502940371631
mis-scaled dual,23,493,0.005026322530135511
mis-scaled dual,23,494,0.005046699713572858
mis-scaled dual,23,495,0.005071074252709745
mis-scaled dual,23,496,0.00509262854965031
mis-scaled dual,23,497,0.005149230835929511
mis-scaled dual,23,498,0.005205155886784193
mis-scaled dual,23,499,0.0052258902808576795
mis-scaled dual,23,500,0.005245888032302258
mis-scaled dual,23,501,0.005265506064906714
mis-scaled dual,23,502,0.0052844090410768966
mis-scaled dual,23,503,0.005302948469892143
mis-scaled dual,23,504,0.005312121732860802
mis-scaled dual,23,505,0.005358649448364971
mis-scaled dual,23,506,0.005367480252847073
mis-scaled dual,23,507,0.00538655160655081
mis-scaled dual,23,508,0.005396477005630729
mis-scaled dual,23,509,0.005440357980608938
mis-scaled dual,23,510,0.0054589651203006484
mis-scaled dual,23,511,0.005474872482508419
mis-scaled dual,23,512,0.005484057830318806
mis-scaled dual,23,513,0.005495954587832091
mis-scaled dual,23,514,0.005509113911420105
mis-scaled dual,23,515,0.0055247209649384
mis-scaled dual,23,516,0.00553617487297952
mis-scaled dual,23,517,0.005546059491306541
mis-scaled dual,23,518,0.005553779866844414
mis-scaled dual,23,519,0.005569479152962564
mis-scaled dual,23,520,0.005611484746024012
mis-scaled dual,23,521,0.005632840973004698
mis-scaled dual,23,522,0.005640250888437032
mis-scaled dual,23,523,0.005656457898095249
mis-scaled dual,23,524,0.005672523281529545
mis-scaled dual,23,525,0.005714688354268669
mis-scaled dual,23,526,0.00572189202645421
mis-scaled dual,23,527,0.005763867418587207
mis-scaled dual,23,528,0.005780452336594462
mis-scaled dual,23,529,0.005796161746188997
mis-scaled dual,23,530,0.005811580892339348
mis-scaled dual,23,531,0.005826208056673407
mis-scaled dual,23,532,0.005840734409064054
mis-scaled dual,23,533,0.0058549433797597875
mis-scaled dual,23,534,0.005868741912871598
mis-scaled dual,23,535,0.005876123145431279
mis-scaled dual,23,536,0.005881883304879067
mis-scaled dual,23,537,0.005918395558789371
mis-scaled dual,23,538,0.005923520874753592
mis-scaled dual,23,539,0.005933424462258813
mis-scaled dual,23,540,0.005940891054257748
mis-scaled dual,23,541,0.00594662984730303
mis-scaled dual,23,542,0.005958787449643013
mis-scaled dual,23,543,0.005971406518593428
mis-scaled dual,23,544,0.005980733187153933
mis-scaled dual,23,545,0.005990491819888351
mis-scaled dual,23,546,0.005998222277924416
mis-scaled dual,23,547,0.006006715811386702
mis-scaled dual,23,548,0.006023089727088806
mis-scaled dual,23,549,0.0060330366080552315
mis-scaled dual,23,550,0.006048666331827638
mis-scaled dual,23,551,0.006066294986769554
mis-scaled dual,23,552,0.006084282783910629
mis-scaled dual,23,553,0.006097843455374238
mis-scaled dual,23,554,0.006113236423909661
mis-scaled dual,23,555,0.006129814507871863
mis-scaled dual,23,556,0.006147874611034987
mis-scaled dual,23,557,0.006157670140907166
mis-scaled dual,23,558,0.006208238730952141
mis-scaled dual,23,559,0.006225440417334435
mis-scaled dual,23,560,0.006276108472630379
mis-scaled dual,23,561,0.006296097443565724
mis-scaled dual,23,562,0.0063062639546096295
mis-scaled dual,23,563,0.0063156024286150905
mis-scaled dual,23,564,0.006335164317369459
mis-scaled dual,23,565,0.006353705225124953
mis-scaled dual,23,566,0.006372358981236813
mis-scaled dual,23,567,0.006391429813399909
mis-scaled dual,23,568,0.006410779494717715
mis-scaled dual,23,569,0.006424461228802798
mis-scaled dual,23,570,0.006443554390355943
mis-scaled dual,23,571,0.006451073551788924
mis-scaled dual,23,572,0.0064733725752383455
mis-scaled dual,23,573,0.00649274595685303
mis-scaled dual,23,574,0.006511777123987673
mis-scaled dual,23,575,0.006559834067434071
mis-scaled dual,23,576,0.00660627065861225
mis-scaled dual,23,577,0.006624841439470648
mis-scaled dual,23,578,0.006632908173874019
mis-scaled dual,23,579,0.0066501209858357896
mis-scaled dual,23,580,0.006663751037105917
mis-scaled dual,23,581,0.006676941509708762
mis-scaled dual,23,582,0.0066855881116241215
mis-scaled dual,23,583,0.00669425678960979
mis-scaled dual,23,584,0.006711914403095842
mis-scaled dual,23,585,0.006727275959983468
mis-scaled dual,23,586,0.00674444947758317
mis-scaled dual,23,587,0.006760396251499653
mis-scaled dual,23,588,0.00676950920201838
mis-scaled dual,23,589,0.0067850307713001965
mis-scaled dual,23,590,0.006794338586166501
mis-scaled dual,23,591,0.006840461735144258
mis-scaled dual,23,592,0.006856760996028781
mis-scaled dual,23,593,0.006898383219465613
mis-scaled dual,23,594,0.006917220049381256
mis-scaled dual,23,595,0.006937479159742594
mis-scaled dual,23,596,0.006982503847271204
mis-scaled dual,23,597,0.0069964857317209245
mis-scaled dual,23,598,0.0070134004850685595
mis-scaled dual,23,599,0.007026664688616991
mis-scaled dual,23,600,0.007042178025007248
mis-scaled dual,23,601,0.0070524894554317
mis-scaled dual,23,602,0.007062135623514652
mis-scaled dual,23,603,0.007074197899401188
mis-scaled dual,23,604,0.00708811458940804
mis-scaled dual,23,605,0.007099519295677543
mis-scaled dual,23,606,0.007112761629909277
mis-scaled dual,23,607,0.0071280383731126785
mis-scaled dual,23,608,0.00713320792503655
mis-scaled dual,23,609,0.007140202850580216
mis-scaled dual,23,610,0.007152633706688881
mis-scaled dual,23,611,0.007167832850232721
mis-scaled dual,23,612,0.007180679472953082
mis-scaled dual,23,613,0.007186214537322522
mis-scaled dual,23,614,0.007198732898637653
mis-scaled dual,23,615,0.007235007013365627
mis-scaled dual,23,616,0.007242565310835839
mis-scaled dual,23,617,0.007251676277637483
mis-scaled dual,23,618,0.0072594330082833775
mis-scaled dual,23,619,0.007295625978738071
mis-scaled dual,23,620,0.0072966742904335274
mis-scaled dual,23,621,0.007304328054055573
mis-scaled dual,23,622,0.007317504465550186
mis-scaled dual,23,623,0.00732412697941065
mis-scaled dual,23,624,0.007335339963614942
mis-scaled dual,23,625,0.007349281607478858
mis-scaled dual,23,626,0.007355737254410983
mis-scaled dual,23,627,0.0073697234601974495
mis-scaled dual,23,628,0.0073799357401579625
mis-scaled dual,23,629,0.007399531305536628
mis-scaled dual,23,630,0.0074059650477617985
mis-scaled dual,23,631,0.007412566154241563
mis-scaled dual,23,632,0.007420412429690362
mis-scaled dual,23,633,0.007436216303333641
mis-scaled dual,23,634,0.00744435739080608
mis-scaled dual,23,635,0.007454549258038403
mis-scaled dual,23,636,0.0074627312976270925
mis-scaled dual,23,637,0.0074708729252666245
mis-scaled dual,23,638,0.00749029536522925
mis-scaled dual,23,639,0.0075387913080602895
mis-scaled dual,23,640,0.007558503549531103
mis-scaled dual,23,641,0.007578183176085354
mis-scaled dual,23,642,0.007604757763639094
mis-scaled dual,23,643,0.0076205061341822165
mis-scaled dual,23,644,0.007642522057920697
mis-scaled dual,23,645,0.00765179354375601
mis-scaled dual,23,646,0.007672580695390703
mis-scaled dual,23,647,0.00769313310903311
mis-scaled dual,23,648,0.007713510005623105
mis-scaled dual,23,649,0.007728358163490895
mis-scaled dual,23,650,0.007738445607110862
mis-scaled dual,23,651,0.007759646865740422
mis-scaled dual,23,652,0.007768958161890511
mis-scaled dual,23,653,0.007790336058884863
mis-scaled dual,23,654,0.007811137459754948
mis-scaled dual,23,655,0.007833808714210992
mis-scaled dual,23,656,0.007855754073500637
mis-scaled dual,23,657,0.007877893382579092
mis-scaled dual,23,658,0.00790664662793279
mis-scaled dual,23,659,0.007928975822508339
mis-scaled dual,23,660,0.007957817670166496
mis-scaled dual,23,661,0.00797899312743545
mis-scaled dual,23,662,0.00798960747238994
mis-scaled dual,23,663,0.007993790323436264
mis-scaled dual,23,664,0.008002246939271693
mis-scaled dual,23,665,0.00801270527838171
mis-scaled dual,23,666,0.008071490100488072
mis-scaled dual,23,667,0.008094322853729134
mis-scaled dual,23,668,0.008104055835977201
mis-scaled dual,23,669,0.008124038578227168
mis-scaled dual,23,670,0.008145499031379825
mis-scaled dual,23,671,0.008205148724332458
mis-scaled dual,23,672,0.00822432698641718
mis-scaled dual,23,673,0.008253554133400325
mis-scaled dual,23,674,0.008276497449532155
mis-scaled dual,23,675,0.00833335128976405
mis-scaled dual,23,676,0.008354987498387699
mis-scaled dual,23,677,0.008364261219397191
mis-scaled dual,23,678,0.008386029791310434
mis-scaled dual,23,679,0.008412541484788065
mis-scaled dual,23,680,0.008432783417835836
mis-scaled dual,23,681,0.00845418228821457
mis-scaled dual,23,682,0.008463338798552756
mis-scaled dual,23,683,0.008484349408000712
mis-scaled dual,23,684,0.008498852628201251
mis-scaled dual,23,685,0.00850905468782783
mis-scaled dual,23,686,0.008530472337394956
mis-scaled dual,23,687,0.008550566003888848
mis-scaled dual,23,688,0.008571262955069546
mis-scaled dual,23,689,0.00859296215462685
mis-scaled dual,23,690,0.008601223080962901
mis-scaled dual,23,691,0.008611512545213107
mis-scaled dual,23,692,0.008622276145786052
mis-scaled dual,23,693,0.008646863436251883
mis-scaled dual,23,694,0.008706632830232387
mis-scaled dual,23,695,0.008729663422465329
mis-scaled dual,23,696,0.008748563733190303
mis-scaled dual,23,697,0.008761864649474626
mis-scaled dual,23,698,0.00879151002362371
mis-scaled dual,23,699,0.008820794651836161
mis-scaled dual,23,700,0.008849436440229421
mis-scaled dual,23,701,0.008872551026582723
mis-scaled dual,23,702,0.00888288137403131
mis-scaled dual,23,703,0.008904183383136992
mis-scaled dual,23,704,0.008920236776724462
mis-scaled dual,23,705,0.00894057015447319
mis-scaled dual,23,706,0.0089675797367245
mis-scaled dual,23,707,0.008988759459450846
mis-scaled dual,23,708,0.00899796989895404
mis-scaled dual,23,709,0.009015797296270734
mis-scaled dual,23,710,0.009069905657157307
mis-scaled dual,23,711,0.009091210721001034
mis-scaled dual,23,712,0.009144148476466541
mis-scaled dual,23,713,0.009156700140014296
mis-scaled dual,23,714,0.009166365266099577
mis-scaled dual,23,715,0.00918999150244892
mis-scaled dual,23,716,0.00920946492300928
mis-scaled dual,23,717,0.009225968024328355
mis-scaled dual,23,718,0.009237987831905489
mis-scaled dual,23,719,0.009255822158262138
mis-scaled dual,23,720,0.009264340453729038
mis-scaled dual,23,721,0.009283175933226948
mis-scaled dual,23,722,0.009301936322048312
mis-scaled dual,23,723,0.00932027834028006
mis-scaled dual,23,724,0.009328878864079718
mis-scaled dual,23,725,0.009347519484817986
mis-scaled dual,23,726,0.009359462784245615
mis-scaled dual,23,727,0.009407412200912839
mis-scaled dual,23,728,0.009416098376587039
mis-scaled dual,23,729,0.009437528852328663
mis-scaled dual,23,730,0.009456019284263258
mis-scaled dual,23,731,0.00947224593737722
mis-scaled dual,23,732,0.009484947797179228
mis-scaled dual,23,733,0.009494692387431865
mis-scaled dual,23,734,0.009503064558386808
mis-scaled dual,23,735,0.00951225776469708
mis-scaled dual,23,736,0.009520832058727747
mis-scaled dual,23,737,0.009530691548109059
mis-scaled dual,23,738,0.009549324688464408
mis-scaled dual,23,739,0.009565341125309473
mis-scaled dual,23,740,0.009574024909347301
mis-scaled dual,23,741,0.009593044502004986
mis-scaled dual,23,742,0.0096121653033495
mis-scaled dual,23,743,0.00966049673736096
mis-scaled dual,23,744,0.009679491812020546
mis-scaled dual,23,745,0.00969110540090502
mis-scaled dual,23,746,0.009705880757287151
mis-scaled dual,23,747,0.009721208682253964
mis-scaled dual,23,748,0.009738061923608191
mis-scaled dual,23,749,0.009749812299564488
mis-scaled dual,23,750,0.009768898586094386
mis-scaled dual,23,751,0.009777057417124516
mis-scaled dual,23,752,0.009787036542341119
mis-scaled dual,23,753,0.009797012361362583
mis-scaled dual,23,754,0.009815864098027356
mis-scaled dual,23,755,0.009830850462302573
mis-scaled dual,23,756,0.0098500533746332
mis-scaled dual,23,757,0.009868600363925107
mis-scaled dual,23,758,0.009891523850336679
mis-scaled dual,23,759,0.00990131674084068
mis-scaled dual,23,760,0.00995106233602763
mis-scaled dual,23,761,0.009967884769231088
mis-scaled dual,23,762,0.0099807443894893
mis-scaled dual,23,763,0.009990467561185367
mis-scaled dual,23,764,0.010013370804369457
mis-scaled dual,23,765,0.01003169508463145
mis-scaled dual,23,766,0.010049810361206538
mis-scaled dual,23,767,0.010058672117263086
mis-scaled dual,23,768,0.010067596542015679
mis-scaled dual,23,769,0.010085075006291277
mis-scaled dual,23,770,0.01010979947684706
mis-scaled dual,23,771,0.010134302929654724
mis-scaled dual,23,772,0.010141974064305432
mis-scaled dual,23,773,0.01016202272929252
mis-scaled dual,23,774,0.010182550868943341
mis-scaled dual,23,775,0.010200365987703212
mis-scaled dual,23,776,0.010254337190851576
mis-scaled dual,23,777,0.010307967105254539
mis-scaled dual,23,778,0.010328690979108223
mis-scaled dual,23,779,0.010355252222672114
mis-scaled dual,23,780,0.01037209099127353
mis-scaled dual,23,781,0.010397583989217887
mis-scaled dual,23,782,0.010404621327191601
mis-scaled dual,23,783,0.01041424474120141
mis-scaled dual,23,784,0.010424200251802813
mis-scaled dual,23,785,0.010449466003313672
mis-scaled dual,23,786,0.010469306558683526
mis-scaled dual,23,787,0.010520062657490383
mis-scaled dual,23,788,0.010530082421898852
mis-scaled dual,23,789,0.010540003600224864
mis-scaled dual,23,790,0.01056047088353337
mis-scaled dual,23,791,0.010573584074988974
mis-scaled dual,23,792,0.010583839365288629
mis-scaled dual,23,793,0.01059325474418701
mis-scaled dual,23,794,0.010603813945531858
mis-scaled dual,23,795,0.010612217088550343
mis-scaled dual,23,796,0.010634569778531803
mis-scaled dual,23,797,0.01065807858255507
mis-scaled dual,23,798,0.010669006701260818
mis-scaled dual,23,799,0.010679822804212584
mis-scaled dual,23,800,0.010703758742570891
mis-scaled dual,23,801,0.01072799140030147
mis-scaled dual,23,802,0.010760843034952892
mis-scaled dual,23,803,0.010824142432063831
mis-scaled dual,23,804,0.010851348720818771
mis-scaled dual,23,805,0.010882087136119618
mis-scaled dual,23,806,0.010897584219068302
mis-scaled dual,23,807,0.010959058596462025
mis-scaled dual,23,808,0.010990004916489137
mis-scaled dual,23,809,0.011011468238115324
mis-scaled dual,23,810,0.011035868906438364
mis-scaled dual,23,811,0.011063270191788687
mis-scaled dual,23,812,0.011086240970760598
mis-scaled dual,23,813,0.01110742451563479
mis-scaled dual,23,814,0.01112790184232594
mis-scaled dual,23,815,0.011141108220055713
mis-scaled dual,23,816,0.011150013185754433
mis-scaled dual,23,817,0.011162277046412244
mis-scaled dual,23,818,0.011184217585176244
mis-scaled dual,23,819,0.011231837838917985
mis-scaled dual,23,820,0.011278325749695315
mis-scaled dual,23,821,0.011297015937283649
mis-scaled dual,23,822,0.011312943818390384
mis-scaled dual,23,823,0.011327688556611553
mis-scaled dual,23,824,0.011341922384306802
mis-scaled dual,23,825,0.01135074587231876
mis-scaled dual,23,826,0.011362958251327292
mis-scaled dual,23,827,0.011371603646248594
mis-scaled dual,23,828,0.011410560860335841
mis-scaled dual,23,829,0.01142250011596085
mis-scaled dual,23,830,0.01146145296773316
mis-scaled dual,23,831,0.011472757126554862
mis-scaled dual,23,832,0.01148102338750662
mis-scaled dual,23,833,0.0114898774508387
mis-scaled dual,23,834,0.011528531541779652
mis-scaled dual,23,835,0.011566078927204028
mis-scaled dual,23,836,0.011579029884129777
mis-scaled dual,23,837,0.011590153833895937
mis-scaled dual,23,838,0.01160581502705814
mis-scaled dual,23,839,0.011612977199509756
mis-scaled dual,23,840,0.01161888213305177
mis-scaled dual,23,841,0.011632974900767224
mis-scaled dual,23,842,0.011647489263311045
mis-scaled dual,23,843,0.011687067285850661
mis-scaled dual,23,844,0.0116915936868936
mis-scaled dual,23,845,0.011700332199171203
mis-scaled dual,23,846,0.011707181834667938
mis-scaled dual,23,847,0.0117226145501882
mis-scaled dual,23,848,0.011738305160105244
mis-scaled dual,23,849,0.01173989297020437
mis-scaled dual,23,850,0.011749996458649652
mis-scaled dual,23,851,0.011756684070095436
mis-scaled dual,23,852,0.011764097954824583
mis-scaled dual,23,853,0.011773239223137515
mis-scaled dual,23,854,0.011791097197636978
mis-scaled dual,23,855,0.011800555002003924
mis-scaled dual,23,856,0.011821580642998234
mis-scaled dual,23,857,0.011830599738553183
mis-scaled dual,23,858,0.011852774039283412
mis-scaled dual,23,859,0.011860996231913582
mis-scaled dual,23,860,0.011870903416186587
mis-scaled dual,23,861,0.011880844716668145
mis-scaled dual,23,862,0.011904434109896438
mis-scaled dual,23,863,0.011927800905853526
mis-scaled dual,23,864,0.011952575265496986
mis-scaled dual,23,865,0.011962847049519436
mis-scaled dual,23,866,0.011972837043270484
mis-scaled dual,23,867,0.01198079099823536
mis-scaled dual,23,868,0.012001333863958732
mis-scaled dual,23,869,0.01202203095297517
mis-scaled dual,23,870,0.012042948929354565
mis-scaled dual,23,871,0.012067637167736905
mis-scaled dual,23,872,0.012088067965552228
mis-scaled dual,23,873,0.012106667157337086
mis-scaled dual,23,874,0.012116840014413016
mis-scaled dual,23,875,0.01212678900389375
mis-scaled dual,23,876,0.012146572636827844
mis-scaled dual,23,877,0.012166713066890853
mis-scaled dual,23,878,0.01218643819041552
mis-scaled dual,23,879,0.01220580415870251
mis-scaled dual,23,880,0.01222540115086736
mis-scaled dual,23,881,0.01224500299336018
mis-scaled dual,23,882,0.012264153891325015
mis-scaled dual,23,883,0.01228315612412991
mis-scaled dual,23,884,0.012291943057730813
mis-scaled dual,23,885,0.012313269728258271
mis-scaled dual,23,886,0.012331860316485185
mis-scaled dual,23,887,0.012340985681533832
mis-scaled dual,23,888,0.012349470030292888
mis-scaled dual,23,889,0.012361118167519588
mis-scaled dual,23,890,0.012379327667862195
mis-scaled dual,23,891,0.012396708030343075
mis-scaled dual,23,892,0.01241128546205165
mis-scaled dual,23,893,0.012428389288783093
mis-scaled dual,23,894,0.012437216099753996
mis-scaled dual,23,895,0.012485756537452361
mis-scaled dual,23,896,0.012494414592772743
mis-scaled dual,23,897,0.012513411859765669
mis-scaled dual,23,898,0.01252825686417522
mis-scaled dual,23,899,0.01255035503114762
mis-scaled dual,23,900,0.012568610235214253
mis-scaled dual,23,901,0.012587478521481177
mis-scaled dual,23,902,0.012595865086957833
mis-scaled dual,23,903,0.012615145798251053
mis-scaled dual,23,904,0.012634069319397232
mis-scaled dual,23,905,0.012645634807333371
mis-scaled dual,23,906,0.012665687767580173
mis-scaled dual,23,907,0.012685946468159579
mis-scaled dual,23,908,0.0126951883453876
mis-scaled dual,23,909,0.012715992137894056
mis-scaled dual,23,910,0.012736610817000291
mis-scaled dual,23,911,0.012752365814834854
mis-scaled dual,23,912,0.012773137353777907
mis-scaled dual,23,913,0.012787086142748616
mis-scaled dual,23,914,0.012807296936094783
mis-scaled dual,23,915,0.012858693717777751
mis-scaled dual,23,916,0.012908875451326393
mis-scaled dual,23,917,0.012930793049752734
mis-scaled dual,23,918,0.012976756786108039
mis-scaled dual,23,919,0.012985555830627701
mis-scaled dual,23,920,0.012997946617513917
mis-scaled dual,23,921,0.01301056330972912
mis-scaled dual,23,922,0.013025609666079303
mis-scaled dual,23,923,0.013039669453799745
mis-scaled dual,23,924,0.01304551438781621
mis-scaled dual,23,925,0.01305864792867007
mis-scaled dual,23,926,0.013067467147499344
mis-scaled dual,23,927,0.0130801817366183
mis-scaled dual,23,928,0.01309252701908352
mis-scaled dual,23,929,0.01310492510381343
mis-scaled dual,23,930,0.013117228677928468
mis-scaled dual,23,931,0.01313489028492572
mis-scaled dual,23,932,0.013147182312503478
mis-scaled dual,23,933,0.013159201339632293
mis-scaled dual,23,934,0.01317107784460487
mis-scaled dual,23,935,0.013178292227000019
mis-scaled dual,23,936,0.01319028940716388
mis-scaled dual,23,937,0.013205545275703095
mis-scaled dual,23,938,0.013216599998399638
mis-scaled dual,23,939,0.013253457664951705
mis-scaled dual,23,940,0.01326201496793332
mis-scaled dual,23,941,0.013272468516320012
mis-scaled dual,23,942,0.013276539295732998
mis-scaled dual,23,943,0.013282817900106334
mis-scaled dual,23,944,0.013299185751035832
mis-scaled dual,23,945,0.013311150733515643
mis-scaled dual,23,946,0.013317441167548322
mis-scaled dual,23,947,0.013332869917497062
mis-scaled dual,23,948,0.013339364087656163
mis-scaled dual,23,949,0.013355730381414316
mis-scaled dual,23,950,0.013369681658878944
mis-scaled dual,23,951,0.013387904771432303
mis-scaled dual,23,952,0.013431610568359516
mis-scaled dual,23,953,0.013450408679470442
mis-scaled dual,23,954,0.013457472973644755
mis-scaled dual,23,955,0.013476646620094797
mis-scaled dual,23,956,0.013521089108079693
mis-scaled dual,23,957,0.013528489132866285
mis-scaled dual,23,958,0.013537613825500033
mis-scaled dual,23,959,0.013546026304096006
mis-scaled dual,23,960,0.013566617974847577
mis-scaled dual,23,961,0.013582064799904845
mis-scaled dual,23,962,0.013599043544426582
mis-scaled dual,23,963,0.013617129581198118
mis-scaled dual,23,964,0.013636963095769308
mis-scaled dual,23,965,0.013645103292897365
mis-scaled dual,23,966,0.013653729778245112
mis-scaled dual,23,967,0.013662463155210039
mis-scaled dual,23,968,0.013683253603726646
mis-scaled dual,23,969,0.013702121526777765
mis-scaled dual,23,970,0.013719405035436174
mis-scaled dual,23,971,0.013736649393156192
mis-scaled dual,23,972,0.013745952208682915
mis-scaled dual,23,973,0.013792172017768046
mis-scaled dual,23,974,0.013804873007714769
mis-scaled dual,23,975,0.013822570899039528
mis-scaled dual,23,976,0.013840427644193194
mis-scaled dual,23,977,0.013858935650184772
mis-scaled dual,23,978,0.013872726797908566
mis-scaled dual,23,979,0.013881628805726787
mis-scaled dual,23,980,0.013896697092860958
mis-scaled dual,23,981,0.013909286702215692
mis-scaled dual,23,982,0.013921645373374245
mis-scaled dual,23,983,0.013939358497411033
mis-scaled dual,23,984,0.013955647526785752
mis-scaled dual,23,985,0.013997721613034626
mis-scaled dual,23,986,0.014007500719964525
mis-scaled dual,23,987,0.014016462181553264
mis-scaled dual,23,988,0.014027095514312407
mis-scaled dual,23,989,0.01404132150399687
mis-scaled dual,23,990,0.014055924522861859
mis-scaled dual,23,991,0.014063817796573064
mis-scaled dual,23,992,0.014076583288058659
mis-scaled dual,23,993,0.014091777359619757
mis-scaled dual,23,994,0.014103066544637105
mis-scaled dual,23,995,0.014109179036453388
mis-scaled dual,23,996,0.014124160470306896
mis-scaled dual,23,997,0.014135656418249034
mis-scaled dual,23,998,0.01414834939323368
mis-scaled dual,23,999,0.01415450605209174
mis-scaled dual,23,1000,0.014155870796464406
mis-scaled dual,23,1001,0.014171344205193243
mis-scaled dual,23,1002,0.01418697380975636
mis-scaled dual,23,1003,0.014197344699539266
mis-scaled dual,23,1004,0.014213185885690174
mis-scaled dual,23,1005,0.0142233918252066
mis-scaled dual,23,1006,0.014231237284816824
mis-scaled dual,23,1007,0.014241849741049133
mis-scaled dual,23,1008,0.014256003409810387
mis-scaled dual,23,1009,0.014257436752609931
mis-scaled dual,23,1010,0.014271733150281034
mis-scaled dual,23,1011,0.01431180892375859
mis-scaled dual,23,1012,0.014319442112602316
mis-scaled dual,23,1013,0.01433155554044994
mis-scaled dual,23,1014,0.014341462627865396
mis-scaled dual,23,1015,0.014353615079991541
mis-scaled dual,23,1016,0.014362285318873845
mis-scaled dual,23,1017,0.014368845041103683
mis-scaled dual,23,1018,0.014377164130397163
mis-scaled dual,23,1019,0.01441749717614802
mis-scaled dual,23,1020,0.014421527092851721
mis-scaled dual,23,1021,0.0144344965085909
mis-scaled dual,23,1022,0.01444371408761295
mis-scaled dual,23,1023,0.014457607444264017
mis-scaled dual,23,1024,0.014469025032587372
mis-scaled dual,23,1025,0.014491022054202878
mis-scaled dual,23,1026,0.014500917019523702
mis-scaled dual,23,1027,0.014514372479476057
mis-scaled dual,23,1028,0.014524830192737304
mis-scaled dual,23,1029,0.014542824587367498
mis-scaled dual,23,1030,0.014559619203828297
mis-scaled dual,23,1031,0.014577692896850429
mis-scaled dual,23,1032,0.014589760883606992
mis-scaled dual,23,1033,0.01460778678674253
mis-scaled dual,23,1034,0.014624438013054452
mis-scaled dual,23,1035,0.014634290402032455
mis-scaled dual,23,1036,0.01465313885485383
mis-scaled dual,23,1037,0.014665837466202697
mis-scaled dual,23,1038,0.01467367505054923
mis-scaled dual,23,1039,0.014693795583836756
mis-scaled dual,23,1040,0.014707340819560013
mis-scaled dual,23,1041,0.014727532435111722
mis-scaled dual,23,1042,0.014747862866155825
mis-scaled dual,23,1043,0.014755858758576235
mis-scaled dual,23,1044,0.014765168419323882
mis-scaled dual,23,1045,0.014781122062675674
mis-scaled dual,23,1046,0.014835248468868453
mis-scaled dual,23,1047,0.014845504511676747
mis-scaled dual,23,1048,0.014854872991032917
mis-scaled dual,23,1049,0.014880800424881298
mis-scaled dual,23,1050,0.014908419609911759
mis-scaled dual,23,1051,0.014929149198360761
mis-scaled dual,23,1052,0.014956302722103914
mis-scaled dual,23,1053,0.014972170884944519
mis-scaled dual,23,1054,0.014981372715301831
mis-scaled dual,23,1055,0.014995400737471899
mis-scaled dual,23,1056,0.01500541274396332
mis-scaled dual,23,1057,0.015057956125296671
mis-scaled dual,23,1058,0.015078319186158498
mis-scaled dual,23,1059,0.015087857223965247
mis-scaled dual,23,1060,0.015111792931355556
mis-scaled dual,23,1061,0.015131478544451316
mis-scaled dual,23,1062,0.015181051554389318
mis-scaled dual,23,1063,0.015198534584008178
mis-scaled dual,23,1064,0.015216967974297724
mis-scaled dual,23,1065,0.015234285073898754
mis-scaled dual,23,1066,0.01525211700489374
mis-scaled dual,23,1067,0.015261587039388737
mis-scaled dual,23,1068,0.015276888673119268
mis-scaled dual,23,1069,0.015296534798137864
mis-scaled dual,23,1070,0.015313334942929467
mis-scaled dual,23,1071,0.015321706450782737
mis-scaled dual,23,1072,0.015335610474802574
mis-scaled dual,23,1073,0.015381004811711629
mis-scaled dual,23,1074,0.015389114651449045
mis-scaled dual,23,1075,0.015411141311474164
mis-scaled dual,23,1076,0.015417963582851012
mis-scaled dual,23,1077,0.015435674512691816
mis-scaled dual,23,1078,0.015481869954653104
mis-scaled dual,23,1079,0.015490985142208655
mis-scaled dual,23,1080,0.01551224786440285
mis-scaled dual,23,1081,0.015528629951529224
mis-scaled dual,23,1082,0.0155454318732843
mis-scaled dual,23,1083,0.015554121088795383
mis-scaled dual,23,1084,0.015571275840245206
mis-scaled dual,23,1085,0.015588380982004124
mis-scaled dual,23,1086,0.01560708409821244
mis-scaled dual,23,1087,0.015624659211419542
mis-scaled dual,23,1088,0.015648216790668686
mis-scaled dual,23,1089,0.01566658725335451
mis-scaled dual,23,1090,0.015685021470658502
mis-scaled dual,23,1091,0.015703256235919914
mis-scaled dual,23,1092,0.015720240592591486
mis-scaled dual,23,1093,0.015737242100499593
mis-scaled dual,23,1094,0.015746573172353232
mis-scaled dual,23,1095,0.015793420886568748
mis-scaled dual,23,1096,0.015804985296033344
mis-scaled dual,23,1097,0.01582586720415207
mis-scaled dual,23,1098,0.015849625230096302
mis-scaled dual,23,1099,0.01586908801122757
mis-scaled dual,23,1100,0.015886740874968493
mis-scaled dual,23,1101,0.015903939601607645
mis-scaled dual,23,1102,0.01592074444957825
mis-scaled dual,23,1103,0.015934452722631418
mis-scaled dual,23,1104,0.015950402556873883
mis-scaled dual,23,1105,0.015957516734547938
mis-scaled dual,23,1106,0.015964557028539505
mis-scaled dual,23,1107,0.015972884376801576
mis-scaled dual,23,1108,0.01601450649220499
mis-scaled dual,23,1109,0.016022202476404634
mis-scaled dual,23,1110,0.016037883421056
mis-scaled dual,23,1111,0.016079367551706757
mis-scaled dual,23,1112,0.016087764078609672
mis-scaled dual,23,1113,0.016128980815373388
mis-scaled dual,23,1114,0.016149637846343247
mis-scaled dual,23,1115,0.01615870403701815
mis-scaled dual,23,1116,0.016166101653404562
mis-scaled dual,23,1117,0.016179163251452175
mis-scaled dual,23,1118,0.016192865375913707
mis-scaled dual,23,1119,0.016207123289473383
mis-scaled dual,23,1120,0.016221193595550982
mis-scaled dual,23,1121,0.016235056706570116
mis-scaled dual,23,1122,0.016246696212299197
mis-scaled dual,23,1123,0.016262543923296062
mis-scaled dual,23,1124,0.01627028841450068
mis-scaled dual,23,1125,0.016308327400408714
mis-scaled dual,23,1126,0.01632197146808359
mis-scaled dual,23,1127,0.01633537191294882
mis-scaled dual,23,1128,0.01634325790744278
mis-scaled dual,23,1129,0.01634919963195178
mis-scaled dual,23,1130,0.016386397685729
mis-scaled dual,23,1131,0.016423252725951406
mis-scaled dual,23,1132,0.01643118431427333
mis-scaled dual,23,1133,0.01646692655440423
mis-scaled dual,23,1134,0.016472762646444174
mis-scaled dual,23,1135,0.016483574888132544
mis-scaled dual,23,1136,0.016500712913028927
mis-scaled dual,23,1137,0.016507751258693668
mis-scaled dual,23,1138,0.016518249698691104
mis-scaled dual,23,1139,0.016523590422116253
mis-scaled dual,23,1140,0.01652636840286109
mis-scaled dual,23,1141,0.016536749296911093
mis-scaled dual,23,1142,0.016541370262585613
mis-scaled dual,23,1143,0.016551506498195263
mis-scaled dual,23,1144,0.016562169225357505
mis-scaled dual,23,1145,0.0165693814973757
mis-scaled dual,23,1146,0.016574242446251247
mis-scaled dual,23,1147,0.01659158698075268
mis-scaled dual,23,1148,0.01659940671723339
mis-scaled dual,23,1149,0.01660782034508142
mis-scaled dual,23,1150,0.016619836580105157
mis-scaled dual,23,1151,0.016625642122902008
mis-scaled dual,23,1152,0.01663352555998418
mis-scaled dual,23,1153,0.01665226164314899
mis-scaled dual,23,1154,0.016689465273685786
mis-scaled dual,23,1155,0.016699794525899026
mis-scaled dual,23,1156,0.016715927117295595
mis-scaled dual,23,1157,0.01672430262797329
mis-scaled dual,23,1158,0.01674087329115722
mis-scaled dual,23,1159,0.016780501683346962
mis-scaled dual,23,1160,0.016787339023523067
mis-scaled dual,23,1161,0.016808453620724414
mis-scaled dual,23,1162,0.016817893048234316
mis-scaled dual,23,1163,0.016832191655002566
mis-scaled dual,23,1164,0.016846047276325556
mis-scaled dual,23,1165,0.016859700588308307
mis-scaled dual,23,1166,0.01687382556860897
mis-scaled dual,23,1167,0.016891569836072654
mis-scaled dual,23,1168,0.016905983172468872
mis-scaled dual,23,1169,0.016924651352904767
mis-scaled dual,23,1170,0.016939094048313827
mis-scaled dual,23,1171,0.016955160957254498
mis-scaled dual,23,1172,0.016998685693897335
mis-scaled dual,23,1173,0.017014864767603603
mis-scaled dual,23,1174,0.017032617722444264
mis-scaled dual,23,1175,0.017050421570338335
mis-scaled dual,23,1176,0.017073750349707928
mis-scaled dual,23,1177,0.017089968699149815
mis-scaled dual,23,1178,0.017104983207993238
mis-scaled dual,23,1179,0.01712501056431982
mis-scaled dual,23,1180,0.017142931794248552
mis-scaled dual,23,1181,0.017149596297718617
mis-scaled dual,23,1182,0.017167550950951908
mis-scaled dual,23,1183,0.017185475742258163
mis-scaled dual,23,1184,0.017202390512369607
mis-scaled dual,23,1185,0.017213244479171965
mis-scaled dual,23,1186,0.017258240806065535
mis-scaled dual,23,1187,0.017268397120989893
mis-scaled dual,23,1188,0.017282623302526806
mis-scaled dual,23,1189,0.01729276767417047
mis-scaled dual,23,1190,0.01730045413652811
mis-scaled dual,23,1191,0.017308472529701927
mis-scaled dual,23,1192,0.017316509784020523
mis-scaled dual,23,1193,0.01733000646431003
mis-scaled dual,23,1194,0.017343579736568072
mis-scaled dual,23,1195,0.017351392890460827
mis-scaled dual,23,1196,0.017358935763366556
mis-scaled dual,23,1197,0.0173780634639487
mis-scaled dual,23,1198,0.017396421469263765
mis-scaled dual,23,1199,0.01741404074019942
mis-scaled dual,23,1200,0.01742893519597504
mis-scaled dual,23,1201,0.017443837171249126
mis-scaled dual,23,1202,0.017461496209658717
mis-scaled dual,23,1203,0.017480967752672768
mis-scaled dual,23,1204,0.01748999262615297
mis-scaled dual,23,1205,0.01749809425721321
mis-scaled dual,23,1206,0.017516464054934715
mis-scaled dual,23,1207,0.01752718615391109
mis-scaled dual,23,1208,0.017544827621988987
mis-scaled dual,23,1209,0.017563985245965457
mis-scaled dual,23,1210,0.017587359879933335
mis-scaled dual,23,1211,0.017605104415617922
mis-scaled dual,23,1212,0.017622780007354955
mis-scaled dual,23,1213,0.017641322669722178
mis-scaled dual,23,1214,0.017655402199618555
mis-scaled dual,23,1215,0.017678367711029982
mis-scaled dual,23,1216,0.017690349226348136
mis-scaled dual,23,1217,0.01770321893282983
mis-scaled dual,23,1218,0.017711171153672073
mis-scaled dual,23,1219,0.017729473555304142
mis-scaled dual,23,1220,0.017748737089283796
mis-scaled dual,23,1221,0.017771013615705104
mis-scaled dual,23,1222,0.01778960779697451
mis-scaled dual,23,1223,0.01779760668825361
mis-scaled dual,23,1224,0.017818470327548713
mis-scaled dual,23,1225,0.017839577615730497
mis-scaled dual,23,1226,0.017856031830064983
mis-scaled dual,23,1227,0.017874486152760716
mis-scaled dual,23,1228,0.017890630372650953
mis-scaled dual,23,1229,0.017936443651981684
mis-scaled dual,23,1230,0.017950483464695546
mis-scaled dual,23,1231,0.01795951356662068
mis-scaled dual,23,1232,0.017971208046458693
mis-scaled dual,23,1233,0.017985248015634746
mis-scaled dual,23,1234,0.01799559745147082
mis-scaled dual,23,1235,0.018013588392756907
mis-scaled dual,23,1236,0.018021871709950295
mis-scaled dual,23,1237,0.01803610789761695
mis-scaled dual,23,1238,0.018053632408343283
mis-scaled dual,23,1239,0.018072448706321447
mis-scaled dual,23,1240,0.018078747131101816
mis-scaled dual,23,1241,0.018085722429953544
mis-scaled dual,23,1242,0.018093479203440278
mis-scaled dual,23,1243,0.018113258373476594
mis-scaled dual,23,1244,0.018128861146636335
mis-scaled dual,23,1245,0.018144925611786572
mis-scaled dual,23,1246,0.018165288616769044
mis-scaled dual,23,1247,0.018174695410735933
mis-scaled dual,23,1248,0.018189303166307538
mis-scaled dual,23,1249,0.01819873526803407
mis-scaled dual,23,1250,0.018217298315189808
mis-scaled dual,23,1251,0.01823838588913533
mis-scaled dual,23,1252,0.018245756230808825
mis-scaled dual,23,1253,0.01826203252900395
mis-scaled dual,23,1254,0.018280482187636227
mis-scaled dual,23,1255,0.018297735834367602
mis-scaled dual,23,1256,0.01831304324043545
mis-scaled dual,23,1257,0.018329101286910503
mis-scaled dual,23,1258,0.01833909239824864
mis-scaled dual,23,1259,0.018352288104884353
mis-scaled dual,23,1260,0.0183745141983256
mis-scaled dual,23,1261,0.018390638506539193
mis-scaled dual,23,1262,0.018399846513427822
mis-scaled dual,23,1263,0.01840618740465495
mis-scaled dual,23,1264,0.018416343237154215
mis-scaled dual,23,1265,0.01843183801601085
mis-scaled dual,23,1266,0.018438618620015713
mis-scaled dual,23,1267,0.018439936774045262
mis-scaled dual,23,1268,0.018449974449649485
mis-scaled dual,23,1269,0.018459144272312555
mis-scaled dual,23,1270,0.018465249356389078
mis-scaled dual,23,1271,0.0184713940496147
mis-scaled dual,23,1272,0.018480799966275725
mis-scaled dual,23,1273,0.01849356025166813
mis-scaled dual,23,1274,0.018507428389966524
mis-scaled dual,23,1275,0.018528250544428863
mis-scaled dual,23,1276,0.01854124232494835
mis-scaled dual,23,1277,0.018556531918540634
mis-scaled dual,23,1278,0.018570773820802605
mis-scaled dual,23,1279,0.01858616669620577
mis-scaled dual,23,1280,0.018601508360043203
mis-scaled dual,23,1281,0.01861425040455166
mis-scaled dual,23,1282,0.018623010966822538
mis-scaled dual,23,1283,0.01863296477682892
mis-scaled dual,23,1284,0.018646432506024872
mis-scaled dual,23,1285,0.018661326637700235
mis-scaled dual,23,1286,0.01867608160370592
mis-scaled dual,23,1287,0.01868259281520549
mis-scaled dual,23,1288,0.018692563433721696
mis-scaled dual,23,1289,0.018700699642926488
mis-scaled dual,23,1290,0.018708320167645846
mis-scaled dual,23,1291,0.018709639418773388
mis-scaled dual,23,1292,0.018711043457508122
mis-scaled dual,23,1293,0.01872644234180454
mis-scaled dual,23,1294,0.018735027152329716
mis-scaled dual,23,1295,0.018750922042265566
mis-scaled dual,23,1296,0.018764270115137132
mis-scaled dual,23,1297,0.018777517202839288
mis-scaled dual,23,1298,0.018785637071058188
mis-scaled dual,23,1299,0.018807765491113102
mis-scaled dual,23,1300,0.018830092349931632
mis-scaled dual,23,1301,0.018838597469046744
mis-scaled dual,23,1302,0.01885225210723284
mis-scaled dual,23,1303,0.01885935068152848
mis-scaled dual,23,1304,0.01887726244735721
mis-scaled dual,23,1305,0.01889295569291714
mis-scaled dual,23,1306,0.018899954209640652
mis-scaled dual,23,1307,0.018911299532920152
mis-scaled dual,23,1308,0.01892862822562459
mis-scaled dual,23,1309,0.018935973416000635
mis-scaled dual,23,1310,0.018953052402496368
mis-scaled dual,23,1311,0.018971627532631187
mis-scaled dual,23,1312,0.01898040702869001
mis-scaled dual,23,1313,0.018999089989215165
mis-scaled dual,23,1314,0.019013920790955454
mis-scaled dual,23,1315,0.019023466979697378
mis-scaled dual,23,1316,0.01903545470507446
mis-scaled dual,23,1317,0.01905400910024348
mis-scaled dual,23,1318,0.019071865830495985
mis-scaled dual,23,1319,0.019079342074722082
mis-scaled dual,23,1320,0.01909107590852681
mis-scaled dual,23,1321,0.019110603673622044
mis-scaled dual,23,1322,0.019130228918388517
mis-scaled dual,23,1323,0.01914969962321225
mis-scaled dual,23,1324,0.019164173845753103
mis-scaled dual,23,1325,0.01918392060576382
mis-scaled dual,23,1326,0.019207641304299264
mis-scaled dual,23,1327,0.019258269737407595
mis-scaled dual,23,1328,0.01926797486938539
mis-scaled dual,23,1329,0.019284240530014065
mis-scaled dual,23,1330,0.019301599399432566
mis-scaled dual,23,1331,0.01932014746533337
mis-scaled dual,23,1332,0.019338234977319863
mis-scaled dual,23,1333,0.019383389226719765
mis-scaled dual,23,1334,0.019405841992899804
mis-scaled dual,23,1335,0.01942260464264455
mis-scaled dual,23,1336,0.019438968103319434
mis-scaled dual,23,1337,0.019447254428684738
mis-scaled dual,23,1338,0.019464234993010785
mis-scaled dual,23,1339,0.01947933005380633
mis-scaled dual,23,1340,0.01950011166220906
mis-scaled dual,23,1341,0.019540832775175595
mis-scaled dual,23,1342,0.019560908441066765
mis-scaled dual,23,1343,0.019580700791180156
mis-scaled dual,23,1344,0.019619914562284967
mis-scaled dual,23,1345,0.01963530640950801
mis-scaled dual,23,1346,0.019642940166458508
mis-scaled dual,23,1347,0.019655580795526525
mis-scaled dual,23,1348,0.019662827325314304
mis-scaled dual,23,1349,0.019665750277593753
mis-scaled dual,23,1350,0.019678374276965876
mis-scaled dual,23,1351,0.01968545475938918
mis-scaled dual,23,1352,0.01969217989195885
mis-scaled dual,23,1353,0.01970130402021112
mis-scaled dual,23,1354,0.019715059947177788
mis-scaled dual,23,1355,0.01972298774687948
mis-scaled dual,23,1356,0.019736285304814596
mis-scaled dual,23,1357,0.019742683317780514
mis-scaled dual,23,1358,0.019751966383680722
mis-scaled dual,23,1359,0.019758070257037897
mis-scaled dual,23,1360,0.019771755328983086
mis-scaled dual,23,1361,0.01978560038538279
mis-scaled dual,23,1362,0.01979900140766801
mis-scaled dual,23,1363,0.01981347955293955
mis-scaled dual,23,1364,0.019827531506374493
mis-scaled dual,23,1365,0.019841644610449686
mis-scaled dual,23,1366,0.019852981758579625
mis-scaled dual,23,1367,0.019866435871839536
mis-scaled dual,23,1368,0.019880129523128284
mis-scaled dual,23,1369,0.019892358502030385
mis-scaled dual,23,1370,0.019907773371547473
mis-scaled dual,23,1371,0.01991552944095434
mis-scaled dual,23,1372,0.019922272516384735
mis-scaled dual,23,1373,0.019940506411790862
mis-scaled dual,23,1374,0.019945219706922784
mis-scaled dual,23,1375,0.0199537420089394
mis-scaled dual,23,1376,0.0199596132528186
mis-scaled dual,23,1377,0.019967388218760505
mis-scaled dual,23,1378,0.01997932585202159
mis-scaled dual,23,1379,0.01999077835376562
mis-scaled dual,23,1380,0.020002202086955325
mis-scaled dual,23,1381,0.02000976138280334
mis-scaled dual,23,1382,0.020018179263070243
mis-scaled dual,23,1383,0.02001926057245584
mis-scaled dual,23,1384,0.020032205583818272
mis-scaled dual,23,1385,0.020039959350995735
mis-scaled dual,23,1386,0.020055418579407052
mis-scaled dual,23,1387,0.020065344222493484
mis-scaled dual,23,1388,0.02010232843715699
mis-scaled dual,23,1389,0.02011024448729308
mis-scaled dual,23,1390,0.020120847915284353
mis-scaled dual,23,1391,0.02012663314221056
mis-scaled dual,23,1392,0.02013215269074591
mis-scaled dual,23,1393,0.020139906962700207
mis-scaled dual,23,1394,0.02014096077478679
mis-scaled dual,23,1395,0.020156302572734673
mis-scaled dual,23,1396,0.020192591014929134
mis-scaled dual,23,1397,0.020197776078961806
mis-scaled dual,23,1398,0.020202675351761297
mis-scaled dual,23,1399,0.020214140087358667
mis-scaled dual,23,1400,0.020226267667584136
mis-scaled dual,23,1401,0.020230465641446427
mis-scaled dual,23,1402,0.020242326677151038
mis-scaled dual,23,1403,0.02024990930821748
mis-scaled dual,23,1404,0.020257604117088032
mis-scaled dual,23,1405,0.02026271357076616
mis-scaled dual,23,1406,0.02027500419763477
mis-scaled dual,23,1407,0.020289586233802153
mis-scaled dual,23,1408,0.020294801902957273
mis-scaled dual,23,1409,0.020306435759283613
mis-scaled dual,23,1410,0.020314308594189597
mis-scaled dual,23,1411,0.020322246489427997
mis-scaled dual,23,1412,0.020327842808745816
mis-scaled dual,23,1413,0.020333524845130756
mis-scaled dual,23,1414,0.020368584470517946
mis-scaled dual,23,1415,0.020380682490564895
mis-scaled dual,23,1416,0.02039854877804966
mis-scaled dual,23,1417,0.02040437838435919
mis-scaled dual,23,1418,0.020410311982147405
mis-scaled dual,23,1419,0.02042145823522658
mis-scaled dual,23,1420,0.020432605557464074
mis-scaled dual,23,1421,0.020450379293836665
mis-scaled dual,23,1422,0.02046833164111526
mis-scaled dual,23,1423,0.02050382462952287
mis-scaled dual,23,1424,0.02051154662369938
mis-scaled dual,23,1425,0.020519313017748307
mis-scaled dual,23,1426,0.02052710247693212
mis-scaled dual,23,1427,0.02053305842459948
mis-scaled dual,23,1428,0.020540924015678478
mis-scaled dual,23,1429,0.02055167419589312
mis-scaled dual,23,1430,0.020565786504618835
mis-scaled dual,23,1431,0.020574108831189583
mis-scaled dual,23,1432,0.02058248012856395
mis-scaled dual,23,1433,0.02062299579549582
mis-scaled dual,23,1434,0.020663839049555374
mis-scaled dual,23,1435,0.020685064667858195
mis-scaled dual,23,1436,0.020700712669767453
mis-scaled dual,23,1437,0.020706881599731757
mis-scaled dual,23,1438,0.02072267658669503
mis-scaled dual,23,1439,0.020733751452036216
mis-scaled dual,23,1440,0.020747313002668334
mis-scaled dual,23,1441,0.02078857988556476
mis-scaled dual,23,1442,0.02079557020478697
mis-scaled dual,23,1443,0.020803670703358965
mis-scaled dual,23,1444,0.02081311304963382
mis-scaled dual,23,1445,0.02085337940151246
mis-scaled dual,23,1446,0.0208631429981962
mis-scaled dual,23,1447,0.020871198303408937
mis-scaled dual,23,1448,0.02088764643806966
mis-scaled dual,23,1449,0.020901919707275944
mis-scaled dual,23,1450,0.02091003247695418
mis-scaled dual,23,1451,0.0209502184296176
mis-scaled dual,23,1452,0.020990516785465197
mis-scaled dual,23,1453,0.020999340733550507
mis-scaled dual,23,1454,0.02101214752732964
mis-scaled dual,23,1455,0.02102599050688
mis-scaled dual,23,1456,0.02104292153229566
mis-scaled dual,23,1457,0.021052450400300342
mis-scaled dual,23,1458,0.02106471329424532
mis-scaled dual,23,1459,0.021081717942573148
mis-scaled dual,23,1460,0.021088647250853496
mis-scaled dual,23,1461,0.02109712418069692
mis-scaled dual,23,1462,0.0211145619499013
mis-scaled dual,23,1463,0.021121937490217405
mis-scaled dual,23,1464,0.02116453605263682
mis-scaled dual,23,1465,0.021174509774319845
mis-scaled dual,23,1466,0.021184041032098252
mis-scaled dual,23,1467,0.021192198453106003
mis-scaled dual,23,1468,0.021205009532831626
mis-scaled dual,23,1469,0.021220066193334775
mis-scaled dual,23,1470,0.02123730596335979
mis-scaled dual,23,1471,0.021245302602700904
mis-scaled dual,23,1472,0.021255890224285437
mis-scaled dual,23,1473,0.02127435104761274
mis-scaled dual,23,1474,0.021292188873879625
mis-scaled dual,23,1475,0.02131181973638387
mis-scaled dual,23,1476,0.02132598684226723
mis-scaled dual,23,1477,0.021339946294881416
mis-scaled dual,23,1478,0.021347894538976266
mis-scaled dual,23,1479,0.021387531570114207
mis-scaled dual,23,1480,0.021394764018304657
mis-scaled dual,23,1481,0.02140111266744883
mis-scaled dual,23,1482,0.021402812860243033
mis-scaled dual,23,1483,0.021420160037837935
mis-scaled dual,23,1484,0.021429976524330686
mis-scaled dual,23,1485,0.021446479446835826
mis-scaled dual,23,1486,0.02148537286160142
mis-scaled dual,23,1487,0.021491890216104696
mis-scaled dual,23,1488,0.02150791957784445
mis-scaled dual,23,1489,0.02151962069428713
mis-scaled dual,23,1490,0.0215327271597311
mis-scaled dual,23,1491,0.021543938799105596
mis-scaled dual,23,1492,0.02155968776010723
mis-scaled dual,23,1493,0.02157673960041256
mis-scaled dual,23,1494,0.02158431308589132
mis-scaled dual,23,1495,0.02159950598584862
mis-scaled dual,23,1496,0.02160894959685953
mis-scaled dual,23,1497,0.021617126875527217
mis-scaled dual,23,1498,0.02162992094743998
mis-scaled dual,23,1499,0.021636050821460796
mis-scaled dual,23,1500,0.02167686363617332
mis-scaled dual,42,1,0.0
mis-scaled dual,42,2,0.0
mis-scaled dual,42,3,0.0
mis-scaled dual,42,4,0.0
mis-scaled dual,42,5,0.0
mis-scaled dual,42,6,0.0
mis-scaled dual,42,7,0.0
mis-scaled dual,42,8,0.0
mis-scaled dual,42,9,0.0
mis-scaled dual,42,10,0.0
mis-scaled dual,42,11,0.0
mis-scaled dual,42,12,0.0
mis-scaled dual,42,13,0.0
mis-scaled dual,42,14,0.0
mis-scaled dual,42,15,0.0
mis-scaled dual,42,16,0.0
mis-scaled dual,42,17,0.0
mis-scaled dual,42,18,0.0
mis-scaled dual,42,19,0.0
mis-scaled dual,42,20,0.0
mis-scaled dual,42,21,0.0
mis-scaled dual,42,22,0.0
mis-scaled dual,42,23,0.0
mis-scaled dual,42,24,0.0
mis-scaled dual,42,25,0.0
mis-scaled dual,42,26,0.0
mis-scaled dual,42,27,0.0
mis-scaled dual,42,28,0.0
mis-scaled dual,42,29,0.0
mis-scaled dual,42,30,0.0
mis-scaled dual,42,31,0.0
mis-scaled dual,42,32,0.0
mis-scaled dual,42,33,0.0
mis-scaled dual,42,34,0.0
mis-scaled dual,42,35,0.0
mis-scaled dual,42,36,0.0
mis-scaled dual,42,37,0.0
mis-scaled dual,42,38,0.0
mis-scaled dual,42,39,0.0
mis-scaled dual,42,40,0.0
mis-scaled dual,42,41,0.0
mis-scaled dual,42,42,0.0
mis-scaled dual,42,43,0.0
mis-scaled dual,42,44,0.0
mis-scaled dual,42,45,0.0
mis-scaled dual,42,46,0.0
mis-scaled dual,42,47,0.0
mis-scaled dual,42,48,0.0
mis-scaled dual,42,49,0.0
mis-scaled dual,42,50,0.0
mis-scaled dual,42,51,0.0
mis-scaled dual,42,52,0.0
mis-scaled dual,42,53,0.0
mis-scaled dual,42,54,0.0
mis-scaled dual,42,55,0.0
mis-scaled dual,42,56,0.0
mis-scaled dual,42,57,0.0
mis-scaled dual,42,58,0.0
mis-scaled dual,42,59,0.0
mis-scaled dual,42,60,0.0
mis-scaled dual,42,61,0.0
mis-scaled dual,42,62,0.0
mis-scaled dual,42,63,0.0
mis-scaled dual,42,64,0.0
mis-scaled dual,42,65,0.0
mis-scaled dual,42,66,0.0
mis-scaled dual,42,67,0.0
mis-scaled dual,42,68,0.0
mis-scaled dual,42,69,0.0
mis-scaled dual,42,70,0.0
mis-scaled dual,42,71,0.0
mis-scaled dual,42,72,0.0
mis-scaled dual,42,73,0.0
mis-scaled dual,42,74,0.0
mis-scaled dual,42,75,0.0
mis-scaled dual,42,76,0.0
mis-scaled dual,42,77,0.0
mis-scaled dual,42,78,0.0
mis-scaled dual,42,79,0.0
mis-scaled dual,42,80,0.0
mis-scaled dual,42,81,0.0
mis-scaled dual,42,82,0.0
mis-scaled dual,42,83,0.0
mis-scaled dual,42,84,0.0
mis-scaled dual,42,85,0.0
mis-scaled dual,42,86,0.0
mis-scaled dual,42,87,0.0
mis-scaled dual,42,88,0.0
mis-scaled dual,42,89,0.0
mis-scaled dual,42,90,0.0
mis-scaled dual,42,91,0.0
mis-scaled dual,42,92,0.0
mis-scaled dual,42,93,0.0
mis-scaled dual,42,94,0.0
mis-scaled dual,42,95,0.0
mis-scaled dual,42,96,0.0
mis-scaled dual,42,97,0.0
mis-scaled dual,42,98,0.0
mis-scaled dual,42,99,0.0
mis-scaled dual,42,100,0.0
mis-scaled dual,42,101,0.0
mis-scaled dual,42,102,0.0
mis-scaled dual,42,103,0.0
mis-scaled dual,42,104,0.0
mis-scaled dual,42,105,0.0
mis-scaled dual,42,106,0.0
mis-scaled dual,42,107,0.0
mis-scaled dual,42,108,0.0
mis-scaled dual,42,109,0.0
mis-scaled dual,42,110,0.0
mis-scaled dual,42,111,0.0
mis-scaled dual,42,112,0.0
mis-scaled dual,42,113,0.0
mis-scaled dual,42,114,0.0
mis-scaled dual,42,115,0.0
mis-scaled dual,42,116,0.0
mis-scaled dual,42,117,0.0
mis-scaled dual,42,118,0.0
mis-scaled dual,42,119,0.0
mis-scaled dual,42,120,0.0
mis-scaled dual,42,121,0.0
mis-scaled dual,42,122,0.0
mis-scaled dual,42,123,0.0
mis-scaled dual,42,124,0.0
mis-scaled dual,42,125,0.0
mis-scaled dual,42,126,0.0
mis-scaled dual,42,127,0.0
mis-scaled dual,42,128,0.0
mis-scaled dual,42,129,0.0
mis-scaled dual,42,130,0.0
mis-scaled dual,42,131,0.0
mis-scaled dual,42,132,0.0
mis-scaled dual,42,133,0.0
mis-scaled dual,42,134,0.0
mis-scaled dual,42,135,0.0
mis-scaled dual,42,136,0.0
mis-scaled dual,42,137,0.0
mis-scaled dual,42,138,0.0
mis-scaled dual,42,139,0.0
mis-scaled dual,42,140,0.0
mis-scaled dual,42,141,0.0
mis-scaled dual,42,142,0.0
mis-scaled dual,42,143,0.0
mis-scaled dual,42,144,0.0
mis-scaled dual,42,145,0.0
mis-scaled dual,42,146,0.0
mis-scaled dual,42,147,0.0
mis-scaled dual,42,148,0.0
mis-scaled dual,42,149,0.0
mis-scaled dual,42,150,0.0
mis-scaled dual,42,151,0.0
mis-scaled dual,42,152,0.0
mis-scaled dual,42,153,0.0
mis-scaled dual,42,154,0.0
mis-scaled dual,42,155,0.0
mis-scaled dual,42,156,0.0
mis-scaled dual,42,157,0.0
mis-scaled dual,42,158,0.0
mis-scaled dual,42,159,0.0
mis-scaled dual,42,160,0.0
mis-scaled dual,42,161,0.0
mis-scaled dual,42,162,0.0
mis-scaled dual,42,163,0.0
mis-scaled dual,42,164,0.0
mis-scaled dual,42,165,0.0
mis-scaled dual,42,166,0.0
mis-scaled dual,42,167,0.0
mis-scaled dual,42,168,0.0
mis-scaled dual,42,169,0.0
mis-scaled dual,42,170,0.0
mis-scaled dual,42,171,0.0
mis-scaled dual,42,172,0.0
mis-scaled dual,42,173,0.0
mis-scaled dual,42,174,0.0
mis-scaled dual,42,175,0.0
mis-scaled dual,42,176,0.0
mis-scaled dual,42,177,0.0
mis-scaled dual,42,178,0.0
mis-scaled dual,42,179,0.0
mis-scaled dual,42,180,0.0
mis-scaled dual,42,181,0.0
mis-scaled dual,42,182,0.0
mis-scaled dual,42,183,0.0
mis-scaled dual,42,184,0.0
mis-scaled dual,42,185,0.0
mis-scaled dual,42,186,0.0
mis-scaled dual,42,187,0.0
mis-scaled dual,42,188,0.0
mis-scaled dual,42,189,0.0
mis-scaled dual,42,190,0.0
mis-scaled dual,42,191,0.0
mis-scaled dual,42,192,0.0
mis-scaled dual,42,193,0.0
mis-scaled dual,42,194,0.0
mis-scaled dual,42,195,0.0
mis-scaled dual,42,196,0.0
mis-scaled dual,42,197,0.0
mis-scaled dual,42,198,0.0
mis-scaled dual,42,199,0.0
mis-scaled dual,42,200,0.0
mis-scaled dual,42,201,0.0
mis-scaled dual,42,202,0.0
mis-scaled dual,42,203,0.0
mis-scaled dual,42,204,0.0
mis-scaled dual,42,205,0.0
mis-scaled dual,42,206,0.0
mis-scaled dual,42,207,0.0
mis-scaled dual,42,208,0.0
mis-scaled dual,42,209,0.0
mis-scaled dual,42,210,0.0
mis-scaled dual,42,211,0.0
mis-scaled dual,42,212,0.0
mis-scaled dual,42,213,0.0
mis-scaled dual,42,214,0.0
mis-scaled dual,42,215,0.0
mis-scaled dual,42,216,0.0
mis-scaled dual,42,217,0.0
mis-scaled dual,42,218,0.0
mis-scaled dual,42,219,0.0
mis-scaled dual,42,220,0.0
mis-scaled dual,42,221,0.0
mis-scaled dual,42,222,0.0
mis-scaled dual,42,223,0.0
mis-scaled dual,42,224,0.0
mis-scaled dual,42,225,0.0
mis-scaled dual,42,226,0.0
mis-scaled dual,42,227,0.0
mis-scaled dual,42,228,0.0
mis-scaled dual,42,229,0.0
mis-scaled dual,42,230,0.0
mis-scaled dual,42,231,0.0
mis-scaled dual,42,232,0.0
mis-scaled dual,42,233,0.0
mis-scaled dual,42,234,0.0
mis-scaled dual,42,235,0.0
mis-scaled dual,42,236,0.0
mis-scaled dual,42,237,0.0
mis-scaled dual,42,238,0.0
mis-scaled dual,42,239,0.0
mis-scaled dual,42,240,0.0
mis-scaled dual,42,241,0.0
mis-scaled dual,42,242,0.0
mis-scaled dual,42,243,0.0
mis-scaled dual,42,244,0.0
mis-scaled dual,42,245,0.0
mis-scaled dual,42,246,0.0
mis-scaled dual,42,247,0.0
mis-scaled dual,42,248,0.0
mis-scaled dual,42,249,0.0
mis-scaled dual,42,250,0.0
mis-scaled dual,42,251,0.0
mis-scaled dual,42,252,0.0
mis-scaled dual,42,253,0.0
mis-scaled dual,42,254,0.0
mis-scaled dual,42,255,0.0
mis-scaled dual,42,256,0.0
mis-scaled dual,42,257,0.0
mis-scaled dual,42,258,0.0
mis-scaled dual,42,259,0.0
mis-scaled dual,42,260,0.0
mis-scaled dual,42,261,0.0
mis-scaled dual,42,262,0.0
mis-scaled dual,42,263,0.0
mis-scaled dual,42,264,0.0
mis-scaled dual,42,265,0.0
mis-scaled dual,42,266,0.0
mis-scaled dual,42,267,0.0
mis-scaled dual,42,268,0.0
mis-scaled dual,42,269,0.0
mis-scaled dual,42,270,0.0
mis-scaled dual,42,271,0.0
mis-scaled dual,42,272,0.0
mis-scaled dual,42,273,0.0
mis-scaled dual,42,274,0.0
mis-scaled dual,42,275,0.0
mis-scaled dual,42,276,0.0
mis-scaled dual,42,277,0.0
mis-scaled dual,42,278,0.0
mis-scaled dual,42,279,0.0
mis-scaled dual,42,280,0.0
mis-scaled dual,42,281,0.0
mis-scaled dual,42,282,0.0
mis-scaled dual,42,283,0.0
mis-scaled dual,42,284,0.0
mis-scaled dual,42,285,0.0
mis-scaled dual,42,286,0.0
mis-scaled dual,42,287,0.0
mis-scaled dual,42,288,0.0
mis-scaled dual,42,289,0.0
mis-scaled dual,42,290,0.0
mis-scaled dual,42,291,0.0
mis-scaled dual,42,292,0.0
mis-scaled dual,42,293,0.0
mis-scaled dual,42,294,0.0
mis-scaled dual,42,295,0.0
mis-scaled dual,42,296,0.0
mis-scaled dual,42,297,0.0
mis-scaled dual,42,298,0.0
mis-scaled dual,42,299,0.0
mis-scaled dual,42,300,0.0
mis-scaled dual,42,301,0.0
mis-scaled dual,42,302,0.0
mis-scaled dual,42,303,0.0
mis-scaled dual,42,304,0.0
mis-scaled dual,42,305,0.0
mis-scaled dual,42,306,0.0
mis-scaled dual,42,307,0.0
mis-scaled dual,42,308,0.0
mis-scaled dual,42,309,0.0
mis-scaled dual,42,310,0.0
mis-scaled dual,42,311,0.0
mis-scaled dual,42,312,0.0
mis-scaled dual,42,313,0.0
mis-scaled dual,42,314,0.0
mis-scaled dual,42,315,0.0
mis-scaled dual,42,316,0.0
mis-scaled dual,42,317,0.0
mis-scaled dual,42,318,0.0
mis-scaled dual,42,319,0.0
mis-scaled dual,42,320,0.0
mis-scaled dual,42,321,0.0
mis-scaled dual,42,322,0.0
mis-scaled dual,42,323,0.0
mis-scaled dual,42,324,0.0
mis-scaled dual,42,325,0.0
mis-scaled dual,42,326,0.0
mis-scaled dual,42,327,0.0
mis-scaled dual,42,328,0.0
mis-scaled dual,42,329,0.0
mis-scaled dual,42,330,0.0
mis-scaled dual,42,331,0.0
mis-scaled dual,42,332,0.0
mis-scaled dual,42,333,0.0
mis-scaled dual,42,334,0.0
mis-scaled dual,42,335,0.0
mis-scaled dual,42,336,0.0
mis-scaled dual,42,337,0.0
mis-scaled dual,42,338,0.0
mis-scaled dual,42,339,0.0
mis-scaled dual,42,340,0.0
mis-scaled dual,42,341,0.0
mis-scaled dual,42,342,0.0
mis-scaled dual,42,343,0.0
mis-scaled dual,42,344,0.0
mis-scaled dual,42,345,0.0
mis-scaled dual,42,346,0.0
mis-scaled dual,42,347,0.0
mis-scaled dual,42,348,0.0
mis-scaled dual,42,349,0.0
mis-scaled dual,42,350,0.0
mis-scaled dual,42,351,0.0
mis-scaled dual,42,352,0.0
mis-scaled dual,42,353,0.0
mis-scaled dual,42,354,0.0
mis-scaled dual,42,355,0.0
mis-scaled dual,42,356,0.0
mis-scaled dual,42,357,0.0
mis-scaled dual,42,358,0.0
mis-scaled dual,42,359,0.0
mis-scaled dual,42,360,0.0
mis-scaled dual,42,361,0.0
mis-scaled dual,42,362,0.0
mis-scaled dual,42,363,0.0
mis-scaled dual,42,364,0.0
mis-scaled dual,42,365,0.0
mis-scaled dual,42,366,0.0
mis-scaled dual,42,367,0.0
mis-scaled dual,42,368,0.0
mis-scaled dual,42,369,0.0
mis-scaled dual,42,370,0.0
mis-scaled dual,42,371,0.0
mis-scaled dual,42,372,0.0
mis-scaled dual,42,373,0.0
mis-scaled dual,42,374,0.0
mis-scaled dual,42,375,0.0
mis-scaled dual,42,376,0.0
mis-scaled dual,42,377,0.0
mis-scaled dual,42,378,0.0
mis-scaled dual,42,379,0.0
mis-scaled dual,42,380,0.0
mis-scaled dual,42,381,0.0
mis-scaled dual,42,382,0.0
mis-scaled dual,42,383,0.0
mis-scaled dual,42,384,0.0
mis-scaled dual,42,385,0.0
mis-scaled dual,42,386,0.0
mis-scaled dual,42,387,0.0
mis-scaled dual,42,388,0.0
mis-scaled dual,42,389,0.0
mis-scaled dual,42,390,0.0
mis-scaled dual,42,391,0.0
mis-scaled dual,42,392,0.0
mis-scaled dual,42,393,0.0
mis-scaled dual,42,394,0.0
mis-scaled dual,42,395,0.0
mis-scaled dual,42,396,0.0
mis-scaled dual,42,397,0.0
mis-scaled dual,42,398,0.0
mis-scaled dual,42,399,0.0
mis-scaled dual,42,400,0.0
mis-scaled dual,42,401,0.0
mis-scaled dual,42,402,0.0
mis-scaled dual,42,403,0.0
mis-scaled dual,42,404,0.0
mis-scaled dual,42,405,0.0
mis-scaled dual,42,406,0.0
mis-scaled dual,42,407,0.0
mis-scaled dual,42,408,0.0
mis-scaled dual,42,409,0.0
mis-scaled dual,42,410,0.0
mis-scaled dual,42,411,0.0
mis-scaled dual,42,412,0.0
mis-scaled dual,42,413,0.0
mis-scaled dual,42,414,0.0
mis-scaled dual,42,415,0.0
mis-scaled dual,42,416,0.0
mis-scaled dual,42,417,0.0
mis-scaled dual,42,418,0.0
mis-scaled dual,42,419,0.0
mis-scaled dual,42,420,0.0
mis-scaled dual,42,421,0.0
mis-scaled dual,42,422,0.0
mis-scaled dual,42,423,0.0
mis-scaled dual,42,424,0.0
mis-scaled dual,42,425,0.0
mis-scaled dual,42,426,0.0
mis-scaled dual,42,427,0.0
mis-scaled dual,42,428,0.0
mis-scaled dual,42,429,0.0
mis-scaled dual,42,430,0.0
mis-scaled dual,42,431,0.0
mis-scaled dual,42,432,0.0
mis-scaled dual,42,433,0.0
mis-scaled dual,42,434,0.0
mis-scaled dual,42,435,0.0
mis-scaled dual,42,436,0.0
mis-scaled dual,42,437,0.0
mis-scaled dual,42,438,0.0
mis-scaled dual,42,439,0.0
mis-scaled dual,42,440,0.0
mis-scaled dual,42,441,0.0
mis-scaled dual,42,442,0.0
mis-scaled dual,42,443,0.0
mis-scaled dual,42,444,0.0
mis-scaled dual,42,445,0.0
mis-scaled dual,42,446,0.0
mis-scaled dual,42,447,0.0
mis-scaled dual,42,448,0.0
mis-scaled dual,42,449,0.0
mis-scaled dual,42,450,0.0
mis-scaled dual,42,451,0.0
mis-scaled dual,42,452,0.0
mis-scaled dual,42,453,0.0
mis-scaled dual,42,454,0.0
mis-scaled dual,42,455,0.0
mis-scaled dual,42,456,0.0
mis-scaled dual,42,457,0.0
mis-scaled dual,42,458,0.0
mis-scaled dual,42,459,0.0
mis-scaled dual,42,460,0.0
mis-scaled dual,42,461,0.0
mis-scaled dual,42,462,0.0
mis-scaled dual,42,463,0.0
mis-scaled dual,42,464,0.0
mis-scaled dual,42,465,0.0
mis-scaled dual,42,466,0.0
mis-scaled dual,42,467,0.0
mis-scaled dual,42,468,0.0
mis-scaled dual,42,469,0.0
mis-scaled dual,42,470,0.0
mis-scaled dual,42,471,0.0
mis-scaled dual,42,472,0.0
mis-scaled dual,42,473,0.0
mis-scaled dual,42,474,0.0
mis-scaled dual,42,475,0.0
mis-scaled dual,42,476,0.0
mis-scaled dual,42,477,0.0
mis-scaled dual,42,478,3.6070413142442677e-07
mis-scaled dual,42,479,0.0
mis-scaled dual,42,480,0.0
mis-scaled dual,42,481,0.0
mis-scaled dual,42,482,0.0
mis-scaled dual,42,483,0.0
mis-scaled dual,42,484,0.0
mis-scaled dual,42,485,0.0
mis-scaled dual,42,486,0.0
mis-scaled dual,42,487,0.0
mis-scaled dual,42,488,0.0
mis-scaled dual,42,489,0.0
mis-scaled dual,42,490,0.0
mis-scaled dual,42,491,0.0
mis-scaled dual,42,492,0.0
mis-scaled dual,42,493,0.0
mis-scaled dual,42,494,0.0
mis-scaled dual,42,495,0.0
mis-scaled dual,42,496,0.0
mis-scaled dual,42,497,0.0
mis-scaled dual,42,498,0.0
mis-scaled dual,42,499,0.0
mis-scaled dual,42,500,0.0
mis-scaled dual,42,501,0.0
mis-scaled dual,42,502,0.0
mis-scaled dual,42,503,0.0
mis-scaled dual,42,504,0.0
mis-scaled dual,42,505,0.0
mis-scaled dual,42,506,0.0
mis-scaled dual,42,507,0.0
mis-scaled dual,42,508,0.0
mis-scaled dual,42,509,0.0
mis-scaled dual,42,510,0.0
mis-scaled dual,42,511,0.0
mis-scaled dual,42,512,0.0
mis-scaled dual,42,513,0.0
mis-scaled dual,42,514,1.0252103209495295e-08
mis-scaled dual,42,515,2.1987410485744468e-06
mis-scaled dual,42,516,1.1289218753576278e-05
mis-scaled dual,42,517,1.251760260015726e-05
mis-scaled dual,42,518,4.842076037079096e-05
mis-scaled dual,42,519,5.044438007473946e-05
mis-scaled dual,42,520,5.480297355353833e-05
mis-scaled dual,42,521,6.627248311042786e-05
mis-scaled dual,42,522,8.159148600697518e-05
mis-scaled dual,42,523,0.00010165828943252564
mis-scaled dual,42,524,0.00011601107868552208
mis-scaled dual,42,525,0.00013774765780568123
mis-scaled dual,42,526,0.00016170235672593116
mis-scaled dual,42,527,0.0001646657023280859
mis-scaled dual,42,528,0.00019087189964950085
mis-scaled dual,42,529,0.0002027249483317137
mis-scaled dual,42,530,0.00020779210878908635
mis-scaled dual,42,531,0.00022090135516226293
mis-scaled dual,42,532,0.00025261235062778
mis-scaled dual,42,533,0.00028517127059400084
mis-scaled dual,42,534,0.00032525195027887824
mis-scaled dual,42,535,0.00034034694029390816
mis-scaled dual,42,536,0.00037537278847396376
mis-scaled dual,42,537,0.00039087677624821665
mis-scaled dual,42,538,0.00043619339615106587
mis-scaled dual,42,539,0.00044843463312089447
mis-scaled dual,42,540,0.0005363298272937537
mis-scaled dual,42,541,0.0005674447241574526
mis-scaled dual,42,542,0.0006555369191318751
mis-scaled dual,42,543,0.0006973255028575659
mis-scaled dual,42,544,0.000732193763807416
mis-scaled dual,42,545,0.0007630923814922571
mis-scaled dual,42,546,0.0008505958539396524
mis-scaled dual,42,547,0.0008746421577483415
mis-scaled dual,42,548,0.0008904973938316106
mis-scaled dual,42,549,0.0009015259519517421
mis-scaled dual,42,550,0.0009273439553976058
mis-scaled dual,42,551,0.0009576342480778693
mis-scaled dual,42,552,0.0009976062610447406
mis-scaled dual,42,553,0.0010277363066375255
mis-scaled dual,42,554,0.0010674290792942046
mis-scaled dual,42,555,0.001092176240593195
mis-scaled dual,42,556,0.001102949893862009
mis-scaled dual,42,557,0.0011329540730714797
mis-scaled dual,42,558,0.001157727657854557
mis-scaled dual,42,559,0.0011876669760346411
mis-scaled dual,42,560,0.0012175745174884795
mis-scaled dual,42,561,0.0012293254894912241
mis-scaled dual,42,562,0.0013144169184267519
mis-scaled dual,42,563,0.0013305790048092601
mis-scaled dual,42,564,0.0013642440379709002
mis-scaled dual,42,565,0.0013870189449042079
mis-scaled dual,42,566,0.0014314778353422878
mis-scaled dual,42,567,0.0014758507758826016
mis-scaled dual,42,568,0.001520064858868718
mis-scaled dual,42,569,0.0015351644496172665
mis-scaled dual,42,570,0.0015501552544385194
mis-scaled dual,42,571,0.0015746368323415517
mis-scaled dual,42,572,0.0016041143896132707
mis-scaled dual,42,573,0.001645178307518363
mis-scaled dual,42,574,0.001730631007656455
mis-scaled dual,42,575,0.0018160957926362752
mis-scaled dual,42,576,0.0018554311050623653
mis-scaled dual,42,577,0.0018647710971236226
mis-scaled dual,42,578,0.0018754529052227734
mis-scaled dual,42,579,0.0018982693863958118
mis-scaled dual,42,580,0.00194217007933557
mis-scaled dual,42,581,0.001996152108177542
mis-scaled dual,42,582,0.002026024747386574
mis-scaled dual,42,583,0.0020701462271064514
mis-scaled dual,42,584,0.0021551922596544024
mis-scaled dual,42,585,0.0021942080017775295
mis-scaled dual,42,586,0.0022011181676536797
mis-scaled dual,42,587,0.00223085698325932
mis-scaled dual,42,588,0.002278979692980647
mis-scaled dual,42,589,0.0023085256987363098
mis-scaled dual,42,590,0.002337979246512055
mis-scaled dual,42,591,0.002367330799564719
mis-scaled dual,42,592,0.002386855804219842
mis-scaled dual,42,593,0.0024302636785060168
mis-scaled dual,42,594,0.002454442699506879
mis-scaled dual,42,595,0.002492084465160966
mis-scaled dual,42,596,0.002521110520973802
mis-scaled dual,42,597,0.0025359231991767886
mis-scaled dual,42,598,0.002565099667310715
mis-scaled dual,42,599,0.002580107237800956
mis-scaled dual,42,600,0.0025952091233283282
mis-scaled dual,42,601,0.0026104138790220026
mis-scaled dual,42,602,0.002640183074370027
mis-scaled dual,42,603,0.002670085609033704
mis-scaled dual,42,604,0.002704903962269426
mis-scaled dual,42,605,0.002735057812467218
mis-scaled dual,42,606,0.0027470747683346276
mis-scaled dual,42,607,0.0027871185341179377
mis-scaled dual,42,608,0.002798228353857995
mis-scaled dual,42,609,0.0028237043384015566
mis-scaled dual,42,610,0.002854539216369391
mis-scaled dual,42,611,0.0028854412352442745
mis-scaled dual,42,612,0.0029012641264945273
mis-scaled dual,42,613,0.0029323210429400208
mis-scaled dual,42,614,0.002973206389054656
mis-scaled dual,42,615,0.0029995045861452817
mis-scaled dual,42,616,0.0030156239266842604
mis-scaled dual,42,617,0.003061797057881951
mis-scaled dual,42,618,0.0031074722108989953
mis-scaled dual,42,619,0.0031946989762336015
mis-scaled dual,42,620,0.003230337008818984
mis-scaled dual,42,621,0.0032536946815401313
mis-scaled dual,42,622,0.0032699305230826136
mis-scaled dual,42,623,0.0033042663916200395
mis-scaled dual,42,624,0.0033345287557989354
mis-scaled dual,42,625,0.003350388389587402
mis-scaled dual,42,626,0.0033959776448607443
mis-scaled dual,42,627,0.0034361161894798276
mis-scaled dual,42,628,0.003476201160699129
mis-scaled dual,42,629,0.003487258263856172
mis-scaled dual,42,630,0.0035273325658440585
mis-scaled dual,42,631,0.0035579592820405956
mis-scaled dual,42,632,0.003598058312505483
mis-scaled dual,42,633,0.0036212626373767847
mis-scaled dual,42,634,0.003661344080746173
mis-scaled dual,42,635,0.0037017943315804
mis-scaled dual,42,636,0.0037277238180637353
mis-scaled dual,42,637,0.0037731437849700443
mis-scaled dual,42,638,0.0038130379505455485
mis-scaled dual,42,639,0.003843422001332044
mis-scaled dual,42,640,0.0038685871551036827
mis-scaled dual,42,641,0.0038912567890584462
mis-scaled dual,42,642,0.00390695212264359
mis-scaled dual,42,643,0.003936923537924885
mis-scaled dual,42,644,0.003952576531723141
mis-scaled dual,42,645,0.003982369256004691
mis-scaled dual,42,646,0.004020828603670001
mis-scaled dual,42,647,0.004035459416925907
mis-scaled dual,42,648,0.004047095433920621
mis-scaled dual,42,649,0.004071887324780225
mis-scaled dual,42,650,0.004101834484696388
mis-scaled dual,42,651,0.004118178937077522
mis-scaled dual,42,652,0.004140904901146888
mis-scaled dual,42,653,0.004186091407835483
mis-scaled dual,42,654,0.00421654389220476
mis-scaled dual,42,655,0.004229898892253636
mis-scaled dual,42,656,0.004242044569939373
mis-scaled dual,42,657,0.00427273181837797
mis-scaled dual,42,658,0.004288667880222199
mis-scaled dual,42,659,0.004375691818401216
mis-scaled dual,42,660,0.004415868286475538
mis-scaled dual,42,661,0.0044502071836739765
mis-scaled dual,42,662,0.004480788037821649
mis-scaled dual,42,663,0.004567275422438978
mis-scaled dual,42,664,0.004612259139224886
mis-scaled dual,42,665,0.004627807199046014
mis-scaled dual,42,666,0.004657709685280917
mis-scaled dual,42,667,0.004669048930749296
mis-scaled dual,42,668,0.004698600736781953
mis-scaled dual,42,669,0.004705747592702507
mis-scaled dual,42,670,0.00474371745584905
mis-scaled dual,42,671,0.004768504257962106
mis-scaled dual,42,672,0.004783975209861993
mis-scaled dual,42,673,0.004799561660662292
mis-scaled dual,42,674,0.0048546829503327595
mis-scaled dual,42,675,0.004870426623284815
mis-scaled dual,42,676,0.00490091202431917
mis-scaled dual,42,677,0.004916609896689652
mis-scaled dual,42,678,0.00500213594034314
mis-scaled dual,42,679,0.005013184937268494
mis-scaled dual,42,680,0.005030972429275511
mis-scaled dual,42,681,0.005061528875321148
mis-scaled dual,42,682,0.005096962184578178
mis-scaled dual,42,683,0.005122353333085773
mis-scaled dual,42,684,0.005147790269136427
mis-scaled dual,42,685,0.005182242783963678
mis-scaled dual,42,686,0.005212983911275861
mis-scaled dual,42,687,0.005253306209564206
mis-scaled dual,42,688,0.005269312170892952
mis-scaled dual,42,689,0.005286161629214881
mis-scaled dual,42,690,0.005317091356799005
mis-scaled dual,42,691,0.005341801425382493
mis-scaled dual,42,692,0.005372750829949973
mis-scaled dual,42,693,0.005389821386113761
mis-scaled dual,42,694,0.005415521361187099
mis-scaled dual,42,695,0.005472260536983607
mis-scaled dual,42,696,0.005518420245960353
mis-scaled dual,42,697,0.005549433572784064
mis-scaled dual,42,698,0.005565518711432813
mis-scaled dual,42,699,0.005652982993826269
mis-scaled dual,42,700,0.00570911584882438
mis-scaled dual,42,701,0.005720186724379657
mis-scaled dual,42,702,0.0057359792638272036
mis-scaled dual,42,703,0.005770098439678548
mis-scaled dual,42,704,0.00580414992700517
mis-scaled dual,42,705,0.005847267224922775
mis-scaled dual,42,706,0.005860373634487389
mis-scaled dual,42,707,0.005946925369769334
mis-scaled dual,42,708,0.005962594482898711
mis-scaled dual,42,709,0.005978735320225357
mis-scaled dual,42,710,0.005994936054632067
mis-scaled dual,42,711,0.006019723195746541
mis-scaled dual,42,712,0.006030883418664336
mis-scaled dual,42,713,0.006061766807362437
mis-scaled dual,42,714,0.006092712818190456
mis-scaled dual,42,715,0.006100447722360492
mis-scaled dual,42,716,0.006131363729700447
mis-scaled dual,42,717,0.006142627538040281
mis-scaled dual,42,718,0.006159609497487546
mis-scaled dual,42,719,0.006205710574120284
mis-scaled dual,42,720,0.006221837689340115
mis-scaled dual,42,721,0.0062577883482873445
mis-scaled dual,42,722,0.006274856242731214
mis-scaled dual,42,723,0.006305870139524342
mis-scaled dual,42,724,0.00635179547558725
mis-scaled dual,42,725,0.006382925947889686
mis-scaled dual,42,726,0.006428883217141032
mis-scaled dual,42,727,0.006460003508225083
mis-scaled dual,42,728,0.0065417760983854534
mis-scaled dual,42,729,0.006558285128504038
mis-scaled dual,42,730,0.006581419272631407
mis-scaled dual,42,731,0.006612151049464941
mis-scaled dual,42,732,0.006642156815648079
mis-scaled dual,42,733,0.006649630375802517
mis-scaled dual,42,734,0.006680057576626539
mis-scaled dual,42,735,0.006725139968901872
mis-scaled dual,42,736,0.006749588820129632
mis-scaled dual,42,737,0.006779704378068446
mis-scaled dual,42,738,0.006818597692251204
mis-scaled dual,42,739,0.0068484852214455594
mis-scaled dual,42,740,0.006870335615634917
mis-scaled dual,42,741,0.00689987438315153
mis-scaled dual,42,742,0.0069292919744253145
mis-scaled dual,42,743,0.006944370012506841
mis-scaled dual,42,744,0.006983628535524009
mis-scaled dual,42,745,0.007012676704660057
mis-scaled dual,42,746,0.007050109630540012
mis-scaled dual,42,747,0.007061598422199487
mis-scaled dual,42,748,0.007099721506536006
mis-scaled dual,42,749,0.007138426738262175
mis-scaled dual,42,750,0.007172419261693953
mis-scaled dual,42,751,0.0071977130795419205
mis-scaled dual,42,752,0.0072333807877898205
mis-scaled dual,42,753,0.007314292567670344
mis-scaled dual,42,754,0.007332249470978974
mis-scaled dual,42,755,0.007345693149700759
mis-scaled dual,42,756,0.007369440823063253
mis-scaled dual,42,757,0.007400588483855127
mis-scaled dual,42,758,0.007441536243483422
mis-scaled dual,42,759,0.007485824165448544
mis-scaled dual,42,760,0.007516961931869385
mis-scaled dual,42,761,0.007551750009670851
mis-scaled dual,42,762,0.007565230464458463
mis-scaled dual,42,763,0.007590909063816068
mis-scaled dual,42,764,0.00760887391875684
mis-scaled dual,42,765,0.0076495248845070574
mis-scaled dual,42,766,0.007680448431834576
mis-scaled dual,42,767,0.007696467005133626
mis-scaled dual,42,768,0.007712815683856604
mis-scaled dual,42,769,0.007748501657202837
mis-scaled dual,42,770,0.007788838230803606
mis-scaled dual,42,771,0.0078119523328691685
mis-scaled dual,42,772,0.007837488663390275
mis-scaled dual,42,773,0.007924993201270696
mis-scaled dual,42,774,0.007955819846346971
mis-scaled dual,42,775,0.00798649952127039
mis-scaled dual,42,776,0.00801189260692894
mis-scaled dual,42,777,0.008039572402432558
mis-scaled dual,42,778,0.008084634897932408
mis-scaled dual,42,779,0.00812609174083173
mis-scaled dual,42,780,0.008156337225720282
mis-scaled dual,42,781,0.008179500821992751
mis-scaled dual,42,782,0.008195139600083228
mis-scaled dual,42,783,0.008239919509962198
mis-scaled dual,42,784,0.008284807516589757
mis-scaled dual,42,785,0.008300878597855565
mis-scaled dual,42,786,0.008316766478657719
mis-scaled dual,42,787,0.008404185454070564
mis-scaled dual,42,788,0.008430346690863367
mis-scaled dual,42,789,0.008442444073885676
mis-scaled dual,42,790,0.008530248818010087
mis-scaled dual,42,791,0.008586818820923563
mis-scaled dual,42,792,0.008602503265485164
mis-scaled dual,42,793,0.008633332514539358
mis-scaled dual,42,794,0.008664013187840578
mis-scaled dual,42,795,0.008687112478151914
mis-scaled dual,42,796,0.008727220277950164
mis-scaled dual,42,797,0.00875263828580081
mis-scaled dual,42,798,0.008768189227133984
mis-scaled dual,42,799,0.008808464754402633
mis-scaled dual,42,800,0.008830070098996157
mis-scaled dual,42,801,0.008917641684651369
mis-scaled dual,42,802,0.008958014892756933
mis-scaled dual,42,803,0.008969180541560047
mis-scaled dual,42,804,0.008977785977154963
mis-scaled dual,42,805,0.009008573871761554
mis-scaled dual,42,806,0.009039325362831347
mis-scaled dual,42,807,0.009051300755634897
mis-scaled dual,42,808,0.009096668240651482
mis-scaled dual,42,809,0.009136664210960262
mis-scaled dual,42,810,0.009161097106769675
mis-scaled dual,42,811,0.009248137562885873
mis-scaled dual,42,812,0.0092715273066312
mis-scaled dual,42,813,0.009297305527701966
mis-scaled dual,42,814,0.009337251422658555
mis-scaled dual,42,815,0.009367407090798013
mis-scaled dual,42,816,0.009397379675820463
mis-scaled dual,42,817,0.009483097862496966
mis-scaled dual,42,818,0.00952711682222783
mis-scaled dual,42,819,0.009549107004210347
mis-scaled dual,42,820,0.009572404364481563
mis-scaled dual,42,821,0.009656350065484638
mis-scaled dual,42,822,0.009677975895449513
mis-scaled dual,42,823,0.009711526610627765
mis-scaled dual,42,824,0.009733293200686569
mis-scaled dual,42,825,0.0097483548027873
mis-scaled dual,42,826,0.009802575905859466
mis-scaled dual,42,827,0.00982787790817022
mis-scaled dual,42,828,0.009849828199744221
mis-scaled dual,42,829,0.009879819861978289
mis-scaled dual,42,830,0.009965701603800056
mis-scaled dual,42,831,0.010010124027371404
mis-scaled dual,42,832,0.010054409360259768
mis-scaled dual,42,833,0.010069252902492878
mis-scaled dual,42,834,0.010104149382516739
mis-scaled dual,42,835,0.010134315801843997
mis-scaled dual,42,836,0.010164693933144208
mis-scaled dual,42,837,0.010195137167617675
mis-scaled dual,42,838,0.010240500767156479
mis-scaled dual,42,839,0.010327125287160274
mis-scaled dual,42,840,0.0103441566234678
mis-scaled dual,42,841,0.010383548653438684
mis-scaled dual,42,842,0.010406146564379331
mis-scaled dual,42,843,0.01042283431343734
mis-scaled dual,42,844,0.010507767767712471
mis-scaled dual,42,845,0.01059192396251857
mis-scaled dual,42,846,0.010674756107196209
mis-scaled dual,42,847,0.010706453281834718
mis-scaled dual,42,848,0.010785698903277513
mis-scaled dual,42,849,0.010810944080010054
mis-scaled dual,42,850,0.010822867354139683
mis-scaled dual,42,851,0.010843022800847885
mis-scaled dual,42,852,0.010865731505647298
mis-scaled dual,42,853,0.010885950945392247
mis-scaled dual,42,854,0.010920615023180839
mis-scaled dual,42,855,0.010949773244842883
mis-scaled dual,42,856,0.010975495594009753
mis-scaled dual,42,857,0.01101452345077693
mis-scaled dual,42,858,0.011093463076874609
mis-scaled dual,42,859,0.01111443566600978
mis-scaled dual,42,860,0.011142381395086642
mis-scaled dual,42,861,0.011166093555256721
mis-scaled dual,42,862,0.011182151702314612
mis-scaled dual,42,863,0.011223772051930425
mis-scaled dual,42,864,0.01125262246775627
mis-scaled dual,42,865,0.011281701709538697
mis-scaled dual,42,866,0.011310922933310269
mis-scaled dual,42,867,0.01134020892125368
mis-scaled dual,42,868,0.01136950974702835
mis-scaled dual,42,869,0.011384793793663382
mis-scaled dual,42,870,0.011466989397987723
mis-scaled dual,42,871,0.01148135923230648
mis-scaled dual,42,872,0.011524220192998647
mis-scaled dual,42,873,0.011566760726571082
mis-scaled dual,42,874,0.011609159661859273
mis-scaled dual,42,875,0.011638467424124478
mis-scaled dual,42,876,0.011648990546032785
mis-scaled dual,42,877,0.011660560852631926
mis-scaled dual,42,878,0.011690189679041504
mis-scaled dual,42,879,0.01170343523751199
mis-scaled dual,42,880,0.011718659424319862
mis-scaled dual,42,881,0.011794680747404692
mis-scaled dual,42,882,0.011824407403662798
mis-scaled dual,42,883,0.011839877660796043
mis-scaled dual,42,884,0.011872852393940089
mis-scaled dual,42,885,0.011902305468603967
mis-scaled dual,42,886,0.01193168583677709
mis-scaled dual,42,887,0.012013329442486165
mis-scaled dual,42,888,0.012051663694903254
mis-scaled dual,42,889,0.012131040565773844
mis-scaled dual,42,890,0.012167310672089456
mis-scaled dual,42,891,0.012205896407678721
mis-scaled dual,42,892,0.012231259221628307
mis-scaled dual,42,893,0.012239773765727876
mis-scaled dual,42,894,0.012260804536446927
mis-scaled dual,42,895,0.012284632530793546
mis-scaled dual,42,896,0.01229622778379917
mis-scaled dual,42,897,0.012304736270576714
mis-scaled dual,42,898,0.01237508874490857
mis-scaled dual,42,899,0.012445271338552236
mis-scaled dual,42,900,0.012457090732961891
mis-scaled dual,42,901,0.012524217187851665
mis-scaled dual,42,902,0.012589204320281742
mis-scaled dual,42,903,0.01261771580174565
mis-scaled dual,42,904,0.012629362892165777
mis-scaled dual,42,905,0.012635195871725676
mis-scaled dual,42,906,0.01265048856475949
mis-scaled dual,42,907,0.012659773398309943
mis-scaled dual,42,908,0.012678647700920698
mis-scaled dual,42,909,0.012696805937543508
mis-scaled dual,42,910,0.012725480109885333
mis-scaled dual,42,911,0.01274585991592705
mis-scaled dual,42,912,0.01277233254228532
mis-scaled dual,42,913,0.012795309650525447
mis-scaled dual,42,914,0.012815537416294214
mis-scaled dual,42,915,0.012825833951145407
mis-scaled dual,42,916,0.012835584470197555
mis-scaled dual,42,917,0.012845215761333701
mis-scaled dual,42,918,0.012868467635810373
mis-scaled dual,42,919,0.012900289682179687
mis-scaled dual,42,920,0.012911228544622656
mis-scaled dual,42,921,0.012934177593976255
mis-scaled dual,42,922,0.012945454463183875
mis-scaled dual,42,923,0.012956270461827513
mis-scaled dual,42,924,0.012982086919277902
mis-scaled dual,42,925,0.013016152857005593
mis-scaled dual,42,926,0.01303893424594402
mis-scaled dual,42,927,0.013049381504178045
mis-scaled dual,42,928,0.01307997985601425
mis-scaled dual,42,929,0.013102840150326488
mis-scaled dual,42,930,0.01311550323730707
mis-scaled dual,42,931,0.013126181251198053
mis-scaled dual,42,932,0.013153090939790009
mis-scaled dual,42,933,0.013191061328202485
mis-scaled dual,42,934,0.013211392731547355
mis-scaled dual,42,935,0.013228328890413045
mis-scaled dual,42,936,0.01324508818180859
mis-scaled dual,42,937,0.013273850490793585
mis-scaled dual,42,938,0.013302993561699986
mis-scaled dual,42,939,0.01331548144082725
mis-scaled dual,42,940,0.013325413919821382
mis-scaled dual,42,941,0.013352863641396165
mis-scaled dual,42,942,0.013386746056422592
mis-scaled dual,42,943,0.013401286484822632
mis-scaled dual,42,944,0.013414712645366788
mis-scaled dual,42,945,0.013452020639911294
mis-scaled dual,42,946,0.013491152592465283
mis-scaled dual,42,947,0.013515315166309477
mis-scaled dual,42,948,0.013546782091930509
mis-scaled dual,42,949,0.013571255075588822
mis-scaled dual,42,950,0.013609457791730761
mis-scaled dual,42,951,0.013658398921653627
mis-scaled dual,42,952,0.013695435957208275
mis-scaled dual,42,953,0.013710128317847847
mis-scaled dual,42,954,0.01373146791513264
mis-scaled dual,42,955,0.013760810896292327
mis-scaled dual,42,956,0.013775623578220604
mis-scaled dual,42,957,0.013813139935702084
mis-scaled dual,42,958,0.013827949028313158
mis-scaled dual,42,959,0.013852757139086722
mis-scaled dual,42,960,0.013883498750686644
mis-scaled dual,42,961,0.013916576648294925
mis-scaled dual,42,962,0.013952100836008787
mis-scaled dual,42,963,0.013981278127431869
mis-scaled dual,42,964,0.014023706429183483
mis-scaled dual,42,965,0.014048249444574118
mis-scaled dual,42,966,0.014062694246634842
mis-scaled dual,42,967,0.01407705834028125
mis-scaled dual,42,968,0.014113018524795773
mis-scaled dual,42,969,0.014119702491045
mis-scaled dual,42,970,0.014197271627545359
mis-scaled dual,42,971,0.014232264633566144
mis-scaled dual,42,972,0.01425760748741031
mis-scaled dual,42,973,0.014271006000712518
mis-scaled dual,42,974,0.014284296475008134
mis-scaled dual,42,975,0.014315159665182237
mis-scaled dual,42,976,0.01435461832942069
mis-scaled dual,42,977,0.014400158291652802
mis-scaled dual,42,978,0.014413674030527476
mis-scaled dual,42,979,0.014447126606658105
mis-scaled dual,42,980,0.014458933651730422
mis-scaled dual,42,981,0.014472345114141706
mis-scaled dual,42,982,0.014499554547041658
mis-scaled dual,42,983,0.014511463270187382
mis-scaled dual,42,984,0.014530684745639566
mis-scaled dual,42,985,0.0145443600666374
mis-scaled dual,42,986,0.014565294102743272
mis-scaled dual,42,987,0.014579155047506098
mis-scaled dual,42,988,0.014614004153013234
mis-scaled dual,42,989,0.01465445027250052
mis-scaled dual,42,990,0.014682510338187222
mis-scaled dual,42,991,0.014717429874032741
mis-scaled dual,42,992,0.01472966762785614
mis-scaled dual,42,993,0.014765843029841786
mis-scaled dual,42,994,0.014784674927473073
mis-scaled dual,42,995,0.014795448694363241
mis-scaled dual,42,996,0.014809102628469472
mis-scaled dual,42,997,0.01481992226299644
mis-scaled dual,42,998,0.014854318201839928
mis-scaled dual,42,999,0.014878222657769924
mis-scaled dual,42,1000,0.014888226889580494
mis-scaled dual,42,1001,0.014916135112434632
mis-scaled dual,42,1002,0.014944113288789994
mis-scaled dual,42,1003,0.014956326647549874
mis-scaled dual,42,1004,0.014977382988661534
mis-scaled dual,42,1005,0.015015758468866354
mis-scaled dual,42,1006,0.015022323637470608
mis-scaled dual,42,1007,0.01505079558615387
mis-scaled dual,42,1008,0.015061062883064157
mis-scaled dual,42,1009,0.01508977775420249
mis-scaled dual,42,1010,0.015100110999926931
mis-scaled dual,42,1011,0.015138445691928274
mis-scaled dual,42,1012,0.015167422000214464
mis-scaled dual,42,1013,0.015209527095779782
mis-scaled dual,42,1014,0.015246166803047067
mis-scaled dual,42,1015,0.015256516551807528
mis-scaled dual,42,1016,0.015285364091709261
mis-scaled dual,42,1017,0.0153217299938649
mis-scaled dual,42,1018,0.015336527597680694
mis-scaled dual,42,1019,0.015414152643337852
mis-scaled dual,42,1020,0.01545459192319215
mis-scaled dual,42,1021,0.015529989841297276
mis-scaled dual,42,1022,0.01560349914897979
mis-scaled dual,42,1023,0.015629392198398716
mis-scaled dual,42,1024,0.01565416035915912
mis-scaled dual,42,1025,0.01567752143307031
mis-scaled dual,42,1026,0.01574024384231866
mis-scaled dual,42,1027,0.015798690594330436
mis-scaled dual,42,1028,0.015816215522289283
mis-scaled dual,42,1029,0.015822327749609955
mis-scaled dual,42,1030,0.01583292571260036
mis-scaled dual,42,1031,0.01583768221551181
mis-scaled dual,42,1032,0.01585361427453161
mis-scaled dual,42,1033,0.015868453575521715
mis-scaled dual,42,1034,0.01588359810258449
mis-scaled dual,42,1035,0.01593486837340892
mis-scaled dual,42,1036,0.01595286830940843
mis-scaled dual,42,1037,0.015962407187268143
mis-scaled dual,42,1038,0.016012331674620513
mis-scaled dual,42,1039,0.016022532588720325
mis-scaled dual,42,1040,0.016040085618406537
mis-scaled dual,42,1041,0.01605742488348484
mis-scaled dual,42,1042,0.016074641849145293
mis-scaled dual,42,1043,0.016086284035220742
mis-scaled dual,42,1044,0.016100962344065307
mis-scaled dual,42,1045,0.016117830285415052
mis-scaled dual,42,1046,0.016133445469379424
mis-scaled dual,42,1047,0.016151099515900016
mis-scaled dual,42,1048,0.016160686556175353
mis-scaled dual,42,1049,0.01617410764846206
mis-scaled dual,42,1050,0.016194640794903042
mis-scaled dual,42,1051,0.016201419020310047
mis-scaled dual,42,1052,0.016215433292433624
mis-scaled dual,42,1053,0.016222511208131913
mis-scaled dual,42,1054,0.016241301533386116
mis-scaled dual,42,1055,0.016287864933446056
mis-scaled dual,42,1056,0.016305197127923374
mis-scaled dual,42,1057,0.016313633923351768
mis-scaled dual,42,1058,0.016332768895700577
mis-scaled dual,42,1059,0.016345673828527335
mis-scaled dual,42,1060,0.016364295673802497
mis-scaled dual,42,1061,0.016384058053955437
mis-scaled dual,42,1062,0.016400916778936982
mis-scaled dual,42,1063,0.016419977673888208
mis-scaled dual,42,1064,0.01643976939815283
mis-scaled dual,42,1065,0.016459330404013397
mis-scaled dual,42,1066,0.01647795262926817
mis-scaled dual,42,1067,0.01648498539444804
mis-scaled dual,42,1068,0.016493840363025664
mis-scaled dual,42,1069,0.016511133164420724
mis-scaled dual,42,1070,0.016557220543161034
mis-scaled dual,42,1071,0.016572696201965213
mis-scaled dual,42,1072,0.016589794299200177
mis-scaled dual,42,1073,0.016605881741940973
mis-scaled dual,42,1074,0.016613626113936304
mis-scaled dual,42,1075,0.016620342534914612
mis-scaled dual,42,1076,0.01663272998766601
mis-scaled dual,42,1077,0.016647197083726525
mis-scaled dual,42,1078,0.01665908946029842
mis-scaled dual,42,1079,0.016667181213751436
mis-scaled dual,42,1080,0.016681312525182963
mis-scaled dual,42,1081,0.016682426751233638
mis-scaled dual,42,1082,0.01669884099134058
mis-scaled dual,42,1083,0.016715522735230626
mis-scaled dual,42,1084,0.016723876290909948
mis-scaled dual,42,1085,0.016740536400176587
mis-scaled dual,42,1086,0.016756987604476515
mis-scaled dual,42,1087,0.016773780607886615
mis-scaled dual,42,1088,0.016791908211447302
mis-scaled dual,42,1089,0.01680591392285377
mis-scaled dual,42,1090,0.016822214899234477
mis-scaled dual,42,1091,0.016829480619855227
mis-scaled dual,42,1092,0.016837964998416603
mis-scaled dual,42,1093,0.016857724238149824
mis-scaled dual,42,1094,0.016878236925296487
mis-scaled dual,42,1095,0.01689973726885766
mis-scaled dual,42,1096,0.01695421800976247
mis-scaled dual,42,1097,0.016975238748274748
mis-scaled dual,42,1098,0.016996032516025012
mis-scaled dual,42,1099,0.01704873089178652
mis-scaled dual,42,1100,0.017061321916751568
mis-scaled dual,42,1101,0.017070419900916522
mis-scaled dual,42,1102,0.017079335608489815
mis-scaled dual,42,1103,0.017082057729437952
mis-scaled dual,42,1104,0.01710026175732911
mis-scaled dual,42,1105,0.017117860131248837
mis-scaled dual,42,1106,0.017136776326611643
mis-scaled dual,42,1107,0.01715908327375353
mis-scaled dual,42,1108,0.01716831933021546
mis-scaled dual,42,1109,0.01718243594910205
mis-scaled dual,42,1110,0.01723079485340417
mis-scaled dual,42,1111,0.01723926055894793
mis-scaled dual,42,1112,0.01725950423170627
mis-scaled dual,42,1113,0.01727942834533752
mis-scaled dual,42,1114,0.01729311940382422
mis-scaled dual,42,1115,0.017310914264455447
mis-scaled dual,42,1116,0.01731792234958709
mis-scaled dual,42,1117,0.017332470720306047
mis-scaled dual,42,1118,0.017340378591567285
mis-scaled dual,42,1119,0.017354787498593337
mis-scaled dual,42,1120,0.017361164426416165
mis-scaled dual,42,1121,0.017400964569389825
mis-scaled dual,42,1122,0.01743960072305799
mis-scaled dual,42,1123,0.017449824361428626
mis-scaled dual,42,1124,0.01746145878772438
mis-scaled dual,42,1125,0.017474558547645812
mis-scaled dual,42,1126,0.01748729343773425
mis-scaled dual,42,1127,0.01749969240908325
mis-scaled dual,42,1128,0.017506675862595442
mis-scaled dual,42,1129,0.017513998624861245
mis-scaled dual,42,1130,0.017524839923813946
mis-scaled dual,42,1131,0.017532246760293847
mis-scaled dual,42,1132,0.017543223937347537
mis-scaled dual,42,1133,0.017555958274230368
mis-scaled dual,42,1134,0.01756838119360805
mis-scaled dual,42,1135,0.01757843629612029
mis-scaled dual,42,1136,0.017614205127373342
mis-scaled dual,42,1137,0.017626459941163665
mis-scaled dual,42,1138,0.017630488133057957
mis-scaled dual,42,1139,0.017642190147295598
mis-scaled dual,42,1140,0.0176500226559341
mis-scaled dual,42,1141,0.017654337425097828
mis-scaled dual,42,1142,0.017656762057401243
mis-scaled dual,42,1143,0.017668113208897416
mis-scaled dual,42,1144,0.017678166068784897
mis-scaled dual,42,1145,0.01768017862903327
mis-scaled dual,42,1146,0.017685862786971037
mis-scaled dual,42,1147,0.01769334678538889
mis-scaled dual,42,1148,0.017705163931585853
mis-scaled dual,42,1149,0.01771629711448402
mis-scaled dual,42,1150,0.01772639765063674
mis-scaled dual,42,1151,0.017728450444020338
mis-scaled dual,42,1152,0.01773417688772828
mis-scaled dual,42,1153,0.017741559824608275
mis-scaled dual,42,1154,0.017744432082206017
mis-scaled dual,42,1155,0.017749695438802247
mis-scaled dual,42,1156,0.017757651152104145
mis-scaled dual,42,1157,0.017773072617247705
mis-scaled dual,42,1158,0.01778564196661115
mis-scaled dual,42,1159,0.017791658321723344
mis-scaled dual,42,1160,0.01779834459578991
mis-scaled dual,42,1161,0.01780643260532618
mis-scaled dual,42,1162,0.017812615505129102
mis-scaled dual,42,1163,0.017826957133412365
mis-scaled dual,42,1164,0.017834716391667726
mis-scaled dual,42,1165,0.017841012190118435
mis-scaled dual,42,1166,0.017862474915698173
mis-scaled dual,42,1167,0.01790471175242961
mis-scaled dual,42,1168,0.017918346696868544
mis-scaled dual,42,1169,0.017934666297838096
mis-scaled dual,42,1170,0.017936885919034487
mis-scaled dual,42,1171,0.017945572783887392
mis-scaled dual,42,1172,0.01795434449408949
mis-scaled dual,42,1173,0.01797105845987797
mis-scaled dual,42,1174,0.017989083401888612
mis-scaled dual,42,1175,0.01803716209357977
mis-scaled dual,42,1176,0.018054774333029988
mis-scaled dual,42,1177,0.018071785861968996
mis-scaled dual,42,1178,0.018092748303413394
mis-scaled dual,42,1179,0.01811217583957315
mis-scaled dual,42,1180,0.018156391267389063
mis-scaled dual,42,1181,0.018166248137891295
mis-scaled dual,42,1182,0.018172504606589677
mis-scaled dual,42,1183,0.018188109693154694
mis-scaled dual,42,1184,0.018194661704033614
mis-scaled dual,42,1185,0.018203693581059575
mis-scaled dual,42,1186,0.01821397656516731
mis-scaled dual,42,1187,0.01822704292972386
mis-scaled dual,42,1188,0.018236683934554458
mis-scaled dual,42,1189,0.018245085457071663
mis-scaled dual,42,1190,0.018287000637337566
mis-scaled dual,42,1191,0.018297181321248412
mis-scaled dual,42,1192,0.018310752678707243
mis-scaled dual,42,1193,0.01832542732745409
mis-scaled dual,42,1194,0.018341931034132838
mis-scaled dual,42,1195,0.01835008982604742
mis-scaled dual,42,1196,0.018358441010579468
mis-scaled dual,42,1197,0.01837535920609534
mis-scaled dual,42,1198,0.018393663334399464
mis-scaled dual,42,1199,0.01841104524660111
mis-scaled dual,42,1200,0.01842112702405453
mis-scaled dual,42,1201,0.018431799831852322
mis-scaled dual,42,1202,0.018440101751282818
mis-scaled dual,42,1203,0.018458996716216213
mis-scaled dual,42,1204,0.0184770300308168
mis-scaled dual,42,1205,0.01849174042744935
mis-scaled dual,42,1206,0.018501106882110242
mis-scaled dual,42,1207,0.018508534649133688
mis-scaled dual,42,1208,0.018527424720898276
mis-scaled dual,42,1209,0.01854549968051911
mis-scaled dual,42,1210,0.018564952552378184
mis-scaled dual,42,1211,0.018575191499829297
mis-scaled dual,42,1212,0.01859427784968913
mis-scaled dual,42,1213,0.01860275266170502
mis-scaled dual,42,1214,0.018621885017037397
mis-scaled dual,42,1215,0.01867037416493893
mis-scaled dual,42,1216,0.018694715571343903
mis-scaled dual,42,1217,0.018702085810571912
mis-scaled dual,42,1218,0.018720752433836464
mis-scaled dual,42,1219,0.018739452471092346
mis-scaled dual,42,1220,0.018750803238883618
mis-scaled dual,42,1221,0.018765500278487803
mis-scaled dual,42,1222,0.01877494558823109
mis-scaled dual,42,1223,0.018794293887466194
mis-scaled dual,42,1224,0.01880921119230986
mis-scaled dual,42,1225,0.01882310208281875
mis-scaled dual,42,1226,0.018842805487900974
mis-scaled dual,42,1227,0.018869019418925048
mis-scaled dual,42,1228,0.01888915341541171
mis-scaled dual,42,1229,0.018910020444720982
mis-scaled dual,42,1230,0.018931811621695754
mis-scaled dual,42,1231,0.018953334670901295
mis-scaled dual,42,1232,0.018975121668100354
mis-scaled dual,42,1233,0.0189961757107079
mis-scaled dual,42,1234,0.01901830622810125
mis-scaled dual,42,1235,0.019028339543253177
mis-scaled dual,42,1236,0.019051959375828497
mis-scaled dual,42,1237,0.01910850761559605
mis-scaled dual,42,1238,0.019136863126605744
mis-scaled dual,42,1239,0.0191587657046616
mis-scaled dual,42,1240,0.01921283320656418
mis-scaled dual,42,1241,0.019220539835780853
mis-scaled dual,42,1242,0.0192400427904427
mis-scaled dual,42,1243,0.019259345134496682
mis-scaled dual,42,1244,0.019268184088051313
mis-scaled dual,42,1245,0.019281346674993628
mis-scaled dual,42,1246,0.01930010338695347
mis-scaled dual,42,1247,0.019318269834116098
mis-scaled dual,42,1248,0.019326548820659515
mis-scaled dual,42,1249,0.019342870558083054
mis-scaled dual,42,1250,0.019361576024949548
mis-scaled dual,42,1251,0.019382426752388476
mis-scaled dual,42,1252,0.019394333668768405
mis-scaled dual,42,1253,0.019442014287114142
mis-scaled dual,42,1254,0.019460118467912076
mis-scaled dual,42,1255,0.019474131957724686
mis-scaled dual,42,1256,0.0195180490642935
mis-scaled dual,42,1257,0.019536664831757544
mis-scaled dual,42,1258,0.019545103188082575
mis-scaled dual,42,1259,0.01955276234965026
mis-scaled dual,42,1260,0.019568719360664486
mis-scaled dual,42,1261,0.019583457717463372
mis-scaled dual,42,1262,0.019584553565725683
mis-scaled dual,42,1263,0.019592506270855663
mis-scaled dual,42,1264,0.019608559208095074
mis-scaled dual,42,1265,0.019624750830441712
mis-scaled dual,42,1266,0.01966738263735175
mis-scaled dual,42,1267,0.019709803741842506
mis-scaled dual,42,1268,0.01972096539713442
mis-scaled dual,42,1269,0.01973810690890252
mis-scaled dual,42,1270,0.019778693680450314
mis-scaled dual,42,1271,0.01978735252925753
mis-scaled dual,42,1272,0.019807036559104915
mis-scaled dual,42,1273,0.019818735652714962
mis-scaled dual,42,1274,0.019831488273322578
mis-scaled dual,42,1275,0.019844762669265267
mis-scaled dual,42,1276,0.01985781405442953
mis-scaled dual,42,1277,0.01986900493648648
mis-scaled dual,42,1278,0.019881855847015975
mis-scaled dual,42,1279,0.019917696405008435
mis-scaled dual,42,1280,0.01992931255875528
mis-scaled dual,42,1281,0.01994082509727776
mis-scaled dual,42,1282,0.0199519658741802
mis-scaled dual,42,1283,0.019954777705706656
mis-scaled dual,42,1284,0.01996613342627138
mis-scaled dual,42,1285,0.019968139124535024
mis-scaled dual,42,1286,0.020000179834268987
mis-scaled dual,42,1287,0.020002388428606094
mis-scaled dual,42,1288,0.02000703627038747
mis-scaled dual,42,1289,0.02002428138806671
mis-scaled dual,42,1290,0.020035152029268442
mis-scaled dual,42,1291,0.020039400704331696
mis-scaled dual,42,1292,0.020047152614451946
mis-scaled dual,42,1293,0.02005354382131249
mis-scaled dual,42,1294,0.02008447446531803
mis-scaled dual,42,1295,0.020097646490283314
mis-scaled dual,42,1296,0.020103076132662597
mis-scaled dual,42,1297,0.02010661420208216
mis-scaled dual,42,1298,0.020116623794585467
mis-scaled dual,42,1299,0.020123953443050385
mis-scaled dual,42,1300,0.02015556245869398
mis-scaled dual,42,1301,0.02016563563631475
mis-scaled dual,42,1302,0.02017048797418177
mis-scaled dual,42,1303,0.020180827903077007
mis-scaled dual,42,1304,0.020184592439413073
mis-scaled dual,42,1305,0.02019565884461999
mis-scaled dual,42,1306,0.02020608363749087
mis-scaled dual,42,1307,0.020210540425896643
mis-scaled dual,42,1308,0.020214971841350196
mis-scaled dual,42,1309,0.0202221243224591
mis-scaled dual,42,1310,0.020231193705707785
mis-scaled dual,42,1311,0.02023869141133129
mis-scaled dual,42,1312,0.02024005155124515
mis-scaled dual,42,1313,0.020251614595390852
mis-scaled dual,42,1314,0.020261158902861173
mis-scaled dual,42,1315,0.020263909932993346
mis-scaled dual,42,1316,0.02026823593204468
mis-scaled dual,42,1317,0.020279089926786717
mis-scaled dual,42,1318,0.02028729978498071
mis-scaled dual,42,1319,0.020292973713271316
mis-scaled dual,42,1320,0.020298811630703503
mis-scaled dual,42,1321,0.020316635967694216
mis-scaled dual,42,1322,0.02032205241882055
mis-scaled dual,42,1323,0.02033008477624505
mis-scaled dual,42,1324,0.020334813717596226
mis-scaled dual,42,1325,0.02034652298124879
mis-scaled dual,42,1326,0.020355922546289856
mis-scaled dual,42,1327,0.020368330873705442
mis-scaled dual,42,1328,0.02040399033788591
mis-scaled dual,42,1329,0.02041643160245567
mis-scaled dual,42,1330,0.02042123461375385
mis-scaled dual,42,1331,0.02042702090425044
mis-scaled dual,42,1332,0.02043948374756425
mis-scaled dual,42,1333,0.02044714628424495
mis-scaled dual,42,1334,0.02046008874378353
mis-scaled dual,42,1335,0.020467570730544622
mis-scaled dual,42,1336,0.02048066207503527
mis-scaled dual,42,1337,0.020488355429179962
mis-scaled dual,42,1338,0.020496218611858782
mis-scaled dual,42,1339,0.020510171416692435
mis-scaled dual,42,1340,0.02051808604004234
mis-scaled dual,42,1341,0.02052569992070645
mis-scaled dual,42,1342,0.020537272257588803
mis-scaled dual,42,1343,0.020555833889134227
mis-scaled dual,42,1344,0.020564326211877166
mis-scaled dual,42,1345,0.02058046689646691
mis-scaled dual,42,1346,0.02059627103833109
mis-scaled dual,42,1347,0.020613213315986097
mis-scaled dual,42,1348,0.020630316621176897
mis-scaled dual,42,1349,0.020647608463309704
mis-scaled dual,42,1350,0.020657719869859516
mis-scaled dual,42,1351,0.02070217396212369
mis-scaled dual,42,1352,0.02071595485226065
mis-scaled dual,42,1353,0.020723848852403463
mis-scaled dual,42,1354,0.020729134802885355
mis-scaled dual,42,1355,0.02074693739908189
mis-scaled dual,42,1356,0.02075447269288451
mis-scaled dual,42,1357,0.020766287764094775
mis-scaled dual,42,1358,0.02078044314090163
mis-scaled dual,42,1359,0.020802256803728644
mis-scaled dual,42,1360,0.020813692495100206
mis-scaled dual,42,1361,0.02085589012687654
mis-scaled dual,42,1362,0.020897868849419063
mis-scaled dual,42,1363,0.020908108858577912
mis-scaled dual,42,1364,0.02092318242631108
mis-scaled dual,42,1365,0.02093115446569771
mis-scaled dual,42,1366,0.020970242359243337
mis-scaled dual,42,1367,0.0209784278260991
mis-scaled dual,42,1368,0.020984030374102295
mis-scaled dual,42,1369,0.020999394251845778
mis-scaled dual,42,1370,0.021006429973043503
mis-scaled dual,42,1371,0.021012187429793182
mis-scaled dual,42,1372,0.021018033513061706
mis-scaled dual,42,1373,0.02102359371569008
mis-scaled dual,42,1374,0.021031015322946017
mis-scaled dual,42,1375,0.021036969691090292
mis-scaled dual,42,1376,0.02105276552369446
mis-scaled dual,42,1377,0.021068784560792152
mis-scaled dual,42,1378,0.021082870324961846
mis-scaled dual,42,1379,0.0210889472700581
mis-scaled dual,42,1380,0.021096583850778644
mis-scaled dual,42,1381,0.021113546397738162
mis-scaled dual,42,1382,0.021125259321488444
mis-scaled dual,42,1383,0.02113561746705324
mis-scaled dual,42,1384,0.02114413283630461
mis-scaled dual,42,1385,0.021155019831530755
mis-scaled dual,42,1386,0.021170311397664253
mis-scaled dual,42,1387,0.02117903520249576
mis-scaled dual,42,1388,0.021190374067984526
mis-scaled dual,42,1389,0.021198988071747128
mis-scaled dual,42,1390,0.021204228212334218
mis-scaled dual,42,1391,0.021215076907850804
mis-scaled dual,42,1392,0.021222950627513233
mis-scaled dual,42,1393,0.021240216081552212
mis-scaled dual,42,1394,0.021255721520327037
mis-scaled dual,42,1395,0.021269696965612477
mis-scaled dual,42,1396,0.021278145724810665
mis-scaled dual,42,1397,0.021288188278682535
mis-scaled dual,42,1398,0.021300865346677605
mis-scaled dual,42,1399,0.021340880818881098
mis-scaled dual,42,1400,0.02135042569445819
mis-scaled dual,42,1401,0.02136487380085141
mis-scaled dual,42,1402,0.02137697354943306
mis-scaled dual,42,1403,0.021385480203367776
mis-scaled dual,42,1404,0.021393579824633902
mis-scaled dual,42,1405,0.021403892432250087
mis-scaled dual,42,1406,0.021413839611239736
mis-scaled dual,42,1407,0.02141921646998078
mis-scaled dual,42,1408,0.02142652168799192
mis-scaled dual,42,1409,0.021463080537833277
mis-scaled dual,42,1410,0.021469626839704815
mis-scaled dual,42,1411,0.021504311861075463
mis-scaled dual,42,1412,0.021511840587191286
mis-scaled dual,42,1413,0.02151818132568151
mis-scaled dual,42,1414,0.021529770113445822
mis-scaled dual,42,1415,0.021537417983658616
mis-scaled dual,42,1416,0.0215487407149151
mis-scaled dual,42,1417,0.02155666638747603
mis-scaled dual,42,1418,0.021563513407818976
mis-scaled dual,42,1419,0.021572695352576676
mis-scaled dual,42,1420,0.021578107363156976
mis-scaled dual,42,1421,0.0215920066877231
mis-scaled dual,42,1422,0.021603811594478786
mis-scaled dual,42,1423,0.02161170603979379
mis-scaled dual,42,1424,0.021622748927243057
mis-scaled dual,42,1425,0.021628853867895904
mis-scaled dual,42,1426,0.021640908195875587
mis-scaled dual,42,1427,0.021652378094725314
mis-scaled dual,42,1428,0.021655228845290843
mis-scaled dual,42,1429,0.021661910559602086
mis-scaled dual,42,1430,0.02167421884248406
mis-scaled dual,42,1431,0.021679998751558367
mis-scaled dual,42,1432,0.021688175143606964
mis-scaled dual,42,1433,0.021695945672728124
mis-scaled dual,42,1434,0.02170378230340034
mis-scaled dual,42,1435,0.021709589809425178
mis-scaled dual,42,1436,0.02172765160200745
mis-scaled dual,42,1437,0.021735321341536943
mis-scaled dual,42,1438,0.021746787816844883
mis-scaled dual,42,1439,0.021754093493066732
mis-scaled dual,42,1440,0.02176989241766185
mis-scaled dual,42,1441,0.021783764266349377
mis-scaled dual,42,1442,0.021789864975072445
mis-scaled dual,42,1443,0.02180194231975824
mis-scaled dual,42,1444,0.021810423619367185
mis-scaled dual,42,1445,0.021822699481047692
mis-scaled dual,42,1446,0.021863426126070323
mis-scaled dual,42,1447,0.021876299647249284
mis-scaled dual,42,1448,0.02189402935627848
mis-scaled dual,42,1449,0.021910496203072373
mis-scaled dual,42,1450,0.021933086641080683
mis-scaled dual,42,1451,0.021946445467002695
mis-scaled dual,42,1452,0.021990506842888898
mis-scaled dual,42,1453,0.022034415116794413
mis-scaled dual,42,1454,0.02205143225602061
mis-scaled dual,42,1455,0.022060238602109258
mis-scaled dual,42,1456,0.022102427919037645
mis-scaled dual,42,1457,0.02211977099322528
mis-scaled dual,42,1458,0.022126410006396476
mis-scaled dual,42,1459,0.022140386118508878
mis-scaled dual,42,1460,0.022146452312417332
mis-scaled dual,42,1461,0.022161326001562183
mis-scaled dual,42,1462,0.022171070556424564
mis-scaled dual,42,1463,0.02221096037458629
mis-scaled dual,42,1464,0.022250306337617345
mis-scaled dual,42,1465,0.02226398658158631
mis-scaled dual,42,1466,0.022283113999046394
mis-scaled dual,42,1467,0.022290099290989348
mis-scaled dual,42,1468,0.02229583619158716
mis-scaled dual,42,1469,0.022308554835684606
mis-scaled dual,42,1470,0.0223449070846513
mis-scaled dual,42,1471,0.02234958028075845
mis-scaled dual,42,1472,0.02236127420739085
mis-scaled dual,42,1473,0.022366280375532812
mis-scaled dual,42,1474,0.02237483641377837
mis-scaled dual,42,1475,0.022389053118176766
mis-scaled dual,42,1476,0.02239437775393576
mis-scaled dual,42,1477,0.02239970723443479
mis-scaled dual,42,1478,0.022403451674692338
mis-scaled dual,42,1479,0.022411850336186593
mis-scaled dual,42,1480,0.022419062535561626
mis-scaled dual,42,1481,0.02242773953212053
mis-scaled dual,42,1482,0.02246409445212037
mis-scaled dual,42,1483,0.02247048110667617
mis-scaled dual,42,1484,0.022488642332844443
mis-scaled dual,42,1485,0.02249635175975413
mis-scaled dual,42,1486,0.02250887407546491
mis-scaled dual,42,1487,0.02251861738235504
mis-scaled dual,42,1488,0.022556290615536278
mis-scaled dual,42,1489,0.02257539841934294
mis-scaled dual,42,1490,0.022581512222461405
mis-scaled dual,42,1491,0.022590964165084066
mis-scaled dual,42,1492,0.02259732675612718
mis-scaled dual,42,1493,0.02263612023252994
mis-scaled dual,42,1494,0.02264392855099589
mis-scaled dual,42,1495,0.02265031462068111
mis-scaled dual,42,1496,0.02265884566409141
mis-scaled dual,42,1497,0.022667095932371917
mis-scaled dual,42,1498,0.02268193508062512
mis-scaled dual,42,1499,0.02268866509146244
mis-scaled dual,42,1500,0.022703802555374807
mis-scaled dual,2025,1,0.0
mis-scaled dual,2025,2,0.0
mis-scaled dual,2025,3,0.0
mis-scaled dual,2025,4,0.0
mis-scaled dual,2025,5,0.0
mis-scaled dual,2025,6,0.0
mis-scaled dual,2025,7,0.0
mis-scaled dual,2025,8,0.0
mis-scaled dual,2025,9,0.0
mis-scaled dual,2025,10,0.0
mis-scaled dual,2025,11,0.0
mis-scaled dual,2025,12,0.0
mis-scaled dual,2025,13,0.0
mis-scaled dual,2025,14,0.0
mis-scaled dual,2025,15,0.0
mis-scaled dual,2025,16,0.0
mis-scaled dual,2025,17,0.0
mis-scaled dual,2025,18,0.0
mis-scaled dual,2025,19,0.0
mis-scaled dual,2025,20,0.0
mis-scaled dual,2025,21,0.0
mis-scaled dual,2025,22,0.0
mis-scaled dual,2025,23,0.0
mis-scaled dual,2025,24,0.0
mis-scaled dual,2025,25,0.0
mis-scaled dual,2025,26,0.0
mis-scaled dual,2025,27,0.0
mis-scaled dual,2025,28,0.0
mis-scaled dual,2025,29,0.0
mis-scaled dual,2025,30,0.0
mis-scaled dual,2025,31,0.0
mis-scaled dual,2025,32,0.0
mis-scaled dual,2025,33,0.0
mis-scaled dual,2025,34,0.0
mis-scaled dual,2025,35,0.0
mis-scaled dual,2025,36,0.0
mis-scaled dual,2025,37,0.0
mis-scaled dual,2025,38,0.0
mis-scaled dual,2025,39,0.0
mis-scaled dual,2025,40,0.0
mis-scaled dual,2025,41,0.0
mis-scaled dual,2025,42,0.0
mis-scaled dual,2025,43,0.0
mis-scaled dual,2025,44,0.0
mis-scaled dual,2025,45,0.0
mis-scaled dual,2025,46,0.0
mis-scaled dual,2025,47,0.0
mis-scaled dual,2025,48,0.0
mis-scaled dual,2025,49,0.0
mis-scaled dual,2025,50,0.0
mis-scaled dual,2025,51,0.0
mis-scaled dual,2025,52,0.0
mis-scaled dual,2025,53,0.0
mis-scaled dual,2025,54,0.0
mis-scaled dual,2025,55,0.0
mis-scaled dual,2025,56,0.0
mis-scaled dual,2025,57,0.0
mis-scaled dual,2025,58,0.0
mis-scaled dual,2025,59,0.0
mis-scaled dual,2025,60,0.0
mis-scaled dual,2025,61,0.0
mis-scaled dual,2025,62,0.0
mis-scaled dual,2025,63,0.0
mis-scaled dual,2025,64,0.0
mis-scaled dual,2025,65,0.0
mis-scaled dual,2025,66,0.0
mis-scaled dual,2025,67,0.0
mis-scaled dual,2025,68,0.0
mis-scaled dual,2025,69,0.0
mis-scaled dual,2025,70,0.0
mis-scaled dual,2025,71,0.0
mis-scaled dual,2025,72,0.0
mis-scaled dual,2025,73,0.0
mis-scaled dual,2025,74,0.0
mis-scaled dual,2025,75,0.0
mis-scaled dual,2025,76,0.0
mis-scaled dual,2025,77,0.0
mis-scaled dual,2025,78,0.0
mis-scaled dual,2025,79,0.0
mis-scaled dual,2025,80,0.0
mis-scaled dual,2025,81,0.0
mis-scaled dual,2025,82,0.0
mis-scaled dual,2025,83,0.0
mis-scaled dual,2025,84,0.0
mis-scaled dual,2025,85,0.0
mis-scaled dual,2025,86,0.0
mis-scaled dual,2025,87,0.0
mis-scaled dual,2025,88,0.0
mis-scaled dual,2025,89,0.0
mis-scaled dual,2025,90,0.0
mis-scaled dual,2025,91,0.0
mis-scaled dual,2025,92,0.0
mis-scaled dual,2025,93,0.0
mis-scaled dual,2025,94,0.0
mis-scaled dual,2025,95,0.0
mis-scaled dual,2025,96,0.0
mis-scaled dual,2025,97,0.0
mis-scaled dual,2025,98,0.0
mis-scaled dual,2025,99,0.0
mis-scaled dual,2025,100,0.0
mis-scaled dual,2025,101,0.0
mis-scaled dual,2025,102,0.0
mis-scaled dual,2025,103,0.0
mis-scaled dual,2025,104,0.0
mis-scaled dual,2025,105,0.0
mis-scaled dual,2025,106,0.0
mis-scaled dual,2025,107,0.0
mis-scaled dual,2025,108,0.0
mis-scaled dual,2025,109,0.0
mis-scaled dual,2025,110,0.0
mis-scaled dual,2025,111,0.0
mis-scaled dual,2025,112,0.0
mis-scaled dual,2025,113,0.0
mis-scaled dual,2025,114,0.0
mis-scaled dual,2025,115,0.0
mis-scaled dual,2025,116,0.0
mis-scaled dual,2025,117,0.0
mis-scaled dual,2025,118,0.0
mis-scaled dual,2025,119,0.0
mis-scaled dual,2025,120,0.0
mis-scaled dual,2025,121,0.0
mis-scaled dual,2025,122,0.0
mis-scaled dual,2025,123,0.0
mis-scaled dual,2025,124,0.0
mis-scaled dual,2025,125,0.0
mis-scaled dual,2025,126,0.0
mis-scaled dual,2025,127,0.0
mis-scaled dual,2025,128,0.0
mis-scaled dual,2025,129,0.0
mis-scaled dual,2025,130,0.0
mis-scaled dual,2025,131,0.0
mis-scaled dual,2025,132,0.0
mis-scaled dual,2025,133,0.0
mis-scaled dual,2025,134,0.0
mis-scaled dual,2025,135,0.0
mis-scaled dual,2025,136,0.0
mis-scaled dual,2025,137,0.0
mis-scaled dual,2025,138,0.0
mis-scaled dual,2025,139,0.0
mis-scaled dual,2025,140,0.0
mis-scaled dual,2025,141,0.0
mis-scaled dual,2025,142,0.0
mis-scaled dual,2025,143,0.0
mis-scaled dual,2025,144,0.0
mis-scaled dual,2025,145,0.0
mis-scaled dual,2025,146,0.0
mis-scaled dual,2025,147,0.0
mis-scaled dual,2025,148,0.0
mis-scaled dual,2025,149,0.0
mis-scaled dual,2025,150,0.0
mis-scaled dual,2025,151,0.0
mis-scaled dual,2025,152,0.0
mis-scaled dual,2025,153,0.0
mis-scaled dual,2025,154,0.0
mis-scaled dual,2025,155,0.0
mis-scaled dual,2025,156,0.0
mis-scaled dual,2025,157,0.0
mis-scaled dual,2025,158,0.0
mis-scaled dual,2025,159,0.0
mis-scaled dual,2025,160,0.0
mis-scaled dual,2025,161,0.0
mis-scaled dual,2025,162,0.0
mis-scaled dual,2025,163,0.0
mis-scaled dual,2025,164,0.0
mis-scaled dual,2025,165,0.0
mis-scaled dual,2025,166,0.0
mis-scaled dual,2025,167,0.0
mis-scaled dual,2025,168,0.0
mis-scaled dual,2025,169,0.0
mis-scaled dual,2025,170,0.0
mis-scaled dual,2025,171,0.0
mis-scaled dual,2025,172,0.0
mis-scaled dual,2025,173,0.0
mis-scaled dual,2025,174,0.0
mis-scaled dual,2025,175,0.0
mis-scaled dual,2025,176,0.0
mis-scaled dual,2025,177,0.0
mis-scaled dual,2025,178,0.0
mis-scaled dual,2025,179,0.0
mis-scaled dual,2025,180,0.0
mis-scaled dual,2025,181,0.0
mis-scaled dual,2025,182,0.0
mis-scaled dual,2025,183,0.0
mis-scaled dual,2025,184,0.0
mis-scaled dual,2025,185,0.0
mis-scaled dual,2025,186,0.0
mis-scaled dual,2025,187,0.0
mis-scaled dual,2025,188,0.0
mis-scaled dual,2025,189,0.0
mis-scaled dual,2025,190,0.0
mis-scaled dual,2025,191,0.0
mis-scaled dual,2025,192,0.0
mis-scaled dual,2025,193,0.0
mis-scaled dual,2025,194,0.0
mis-scaled dual,2025,195,0.0
mis-scaled dual,2025,196,0.0
mis-scaled dual,2025,197,0.0
mis-scaled dual,2025,198,0.0
mis-scaled dual,2025,199,0.0
mis-scaled dual,2025,200,0.0
mis-scaled dual,2025,201,0.0
mis-scaled dual,2025,202,0.0
mis-scaled dual,2025,203,0.0
mis-scaled dual,2025,204,0.0
mis-scaled dual,2025,205,0.0
mis-scaled dual,2025,206,0.0
mis-scaled dual,2025,207,0.0
mis-scaled dual,2025,208,0.0
mis-scaled dual,2025,209,0.0
mis-scaled dual,2025,210,0.0
mis-scaled dual,2025,211,0.0
mis-scaled dual,2025,212,0.0
mis-scaled dual,2025,213,0.0
mis-scaled dual,2025,214,0.0
mis-scaled dual,2025,215,0.0
mis-scaled dual,2025,216,0.0
mis-scaled dual,2025,217,0.0
mis-scaled dual,2025,218,0.0
mis-scaled dual,2025,219,0.0
mis-scaled dual,2025,220,0.0
mis-scaled dual,2025,221,0.0
mis-scaled dual,2025,222,0.0
mis-scaled dual,2025,223,0.0
mis-scaled dual,2025,224,0.0
mis-scaled dual,2025,225,0.0
mis-scaled dual,2025,226,0.0
mis-scaled dual,2025,227,0.0
mis-scaled dual,2025,228,0.0
mis-scaled dual,2025,229,0.0
mis-scaled dual,2025,230,0.0
mis-scaled dual,2025,231,0.0
mis-scaled dual,2025,232,0.0
mis-scaled dual,2025,233,0.0
mis-scaled dual,2025,234,0.0
mis-scaled dual,2025,235,0.0
mis-scaled dual,2025,236,0.0
mis-scaled dual,2025,237,0.0
mis-scaled dual,2025,238,0.0
mis-scaled dual,2025,239,0.0
mis-scaled dual,2025,240,0.0
mis-scaled dual,2025,241,0.0
mis-scaled dual,2025,242,0.0
mis-scaled dual,2025,243,0.0
mis-scaled dual,2025,244,0.0
mis-scaled dual,2025,245,0.0
mis-scaled dual,2025,246,0.0
mis-scaled dual,2025,247,0.0
mis-scaled dual,2025,248,0.0
mis-scaled dual,2025,249,0.0
mis-scaled dual,2025,250,0.0
mis-scaled dual,2025,251,0.0
mis-scaled dual,2025,252,0.0
mis-scaled dual,2025,253,0.0
mis-scaled dual,2025,254,0.0
mis-scaled dual,2025,255,0.0
mis-scaled dual,2025,256,0.0
mis-scaled dual,2025,257,0.0
mis-scaled dual,2025,258,0.0
mis-scaled dual,2025,259,0.0
mis-scaled dual,2025,260,0.0
mis-scaled dual,2025,261,0.0
mis-scaled dual,2025,262,0.0
mis-scaled dual,2025,263,0.0
mis-scaled dual,2025,264,0.0
mis-scaled dual,2025,265,0.0
mis-scaled dual,2025,266,0.0
mis-scaled dual,2025,267,0.0
mis-scaled dual,2025,268,0.0
mis-scaled dual,2025,269,0.0
mis-scaled dual,2025,270,0.0
mis-scaled dual,2025,271,0.0
mis-scaled dual,2025,272,0.0
mis-scaled dual,2025,273,0.0
mis-scaled dual,2025,274,0.0
mis-scaled dual,2025,275,0.0
mis-scaled dual,2025,276,0.0
mis-scaled dual,2025,277,0.0
mis-scaled dual,2025,278,0.0
mis-scaled dual,2025,279,0.0
mis-scaled dual,2025,280,0.0
mis-scaled dual,2025,281,0.0
mis-scaled dual,2025,282,0.0
mis-scaled dual,2025,283,0.0
mis-scaled dual,2025,284,0.0
mis-scaled dual,2025,285,0.0
mis-scaled dual,2025,286,0.0
mis-scaled dual,2025,287,0.0
mis-scaled dual,2025,288,0.0
mis-scaled dual,2025,289,0.0
mis-scaled dual,2025,290,0.0
mis-scaled dual,2025,291,0.0
mis-scaled dual,2025,292,0.0
mis-scaled dual,2025,293,0.0
mis-scaled dual,2025,294,0.0
mis-scaled dual,2025,295,0.0
mis-scaled dual,2025,296,0.0
mis-scaled dual,2025,297,0.0
mis-scaled dual,2025,298,0.0
mis-scaled dual,2025,299,0.0
mis-scaled dual,2025,300,0.0
mis-scaled dual,2025,301,0.0
mis-scaled dual,2025,302,0.0
mis-scaled dual,2025,303,0.0
mis-scaled dual,2025,304,0.0
mis-scaled dual,2025,305,0.0
mis-scaled dual,2025,306,0.0
mis-scaled dual,2025,307,0.0
mis-scaled dual,2025,308,0.0
mis-scaled dual,2025,309,0.0
mis-scaled dual,2025,310,0.0
mis-scaled dual,2025,311,0.0
mis-scaled dual,2025,312,0.0
mis-scaled dual,2025,313,0.0
mis-scaled dual,2025,314,0.0
mis-scaled dual,2025,315,0.0
mis-scaled dual,2025,316,0.0
mis-scaled dual,2025,317,0.0
mis-scaled dual,2025,318,0.0
mis-scaled dual,2025,319,0.0
mis-scaled dual,2025,320,0.0
mis-scaled dual,2025,321,0.0
mis-scaled dual,2025,322,0.0
mis-scaled dual,2025,323,0.0
mis-scaled dual,2025,324,0.0
mis-scaled dual,2025,325,0.0
mis-scaled dual,2025,326,0.0
mis-scaled dual,2025,327,0.0
mis-scaled dual,2025,328,0.0
mis-scaled dual,2025,329,0.0
mis-scaled dual,2025,330,0.0
mis-scaled dual,2025,331,0.0
mis-scaled dual,2025,332,0.0
mis-scaled dual,2025,333,0.0
mis-scaled dual,2025,334,0.0
mis-scaled dual,2025,335,0.0
mis-scaled dual,2025,336,0.0
mis-scaled dual,2025,337,0.0
mis-scaled dual,2025,338,0.0
mis-scaled dual,2025,339,0.0
mis-scaled dual,2025,340,0.0
mis-scaled dual,2025,341,0.0
mis-scaled dual,2025,342,0.0
mis-scaled dual,2025,343,0.0
mis-scaled dual,2025,344,0.0
mis-scaled dual,2025,345,0.0
mis-scaled dual,2025,346,0.0
mis-scaled dual,2025,347,0.0
mis-scaled dual,2025,348,0.0
mis-scaled dual,2025,349,0.0
mis-scaled dual,2025,350,0.0
mis-scaled dual,2025,351,0.0
mis-scaled dual,2025,352,0.0
mis-scaled dual,2025,353,0.0
mis-scaled dual,2025,354,0.0
mis-scaled dual,2025,355,0.0
mis-scaled dual,2025,356,0.0
mis-scaled dual,2025,357,0.0
mis-scaled dual,2025,358,0.0
mis-scaled dual,2025,359,0.0
mis-scaled dual,2025,360,0.0
mis-scaled dual,2025,361,0.0
mis-scaled dual,2025,362,0.0
mis-scaled dual,2025,363,0.0
mis-scaled dual,2025,364,0.0
mis-scaled dual,2025,365,0.0
mis-scaled dual,2025,366,0.0
mis-scaled dual,2025,367,0.0
mis-scaled dual,2025,368,0.0
mis-scaled dual,2025,369,0.0
mis-scaled dual,2025,370,0.0
mis-scaled dual,2025,371,0.0
mis-scaled dual,2025,372,0.0
mis-scaled dual,2025,373,0.0
mis-scaled dual,2025,374,0.0
mis-scaled dual,2025,375,0.0
mis-scaled dual,2025,376,0.0
mis-scaled dual,2025,377,0.0
mis-scaled dual,2025,378,0.0
mis-scaled dual,2025,379,0.0
mis-scaled dual,2025,380,8.319012001156805e-07
mis-scaled dual,2025,381,8.274402692914005e-07
mis-scaled dual,2025,382,1.8529978916048996e-06
mis-scaled dual,2025,383,1.7750863432884207e-06
mis-scaled dual,2025,384,1.125532254576683e-05
mis-scaled dual,2025,385,1.4158277466893195e-05
mis-scaled dual,2025,386,2.8621640786528584e-05
mis-scaled dual,2025,387,3.9888218879699706e-05
mis-scaled dual,2025,388,4.651763942837715e-05
mis-scaled dual,2025,389,6.358157016336918e-05
mis-scaled dual,2025,390,8.304146419465542e-05
mis-scaled dual,2025,391,9.903006567060947e-05
mis-scaled dual,2025,392,0.00012899281220138072
mis-scaled dual,2025,393,0.00015810097341239452
mis-scaled dual,2025,394,0.0001808169537037611
mis-scaled dual,2025,395,0.00019267363454401494
mis-scaled dual,2025,396,0.0002295323628038168
mis-scaled dual,2025,397,0.00030250945316255095
mis-scaled dual,2025,398,0.0003323766348212958
mis-scaled dual,2025,399,0.00034390193618834026
mis-scaled dual,2025,400,0.0004205170109421015
mis-scaled dual,2025,401,0.0004433150966316462
mis-scaled dual,2025,402,0.00046990304680168636
mis-scaled dual,2025,403,0.0005478737248927356
mis-scaled dual,2025,404,0.0005833803553134205
mis-scaled dual,2025,405,0.0006015705139487984
mis-scaled dual,2025,406,0.0006288722595423462
mis-scaled dual,2025,407,0.0006559523838907482
mis-scaled dual,2025,408,0.0007311954044252636
mis-scaled dual,2025,409,0.0007697929417341949
mis-scaled dual,2025,410,0.0007956546428352595
mis-scaled dual,2025,411,0.0008068193212002517
mis-scaled dual,2025,412,0.0008273054842799903
mis-scaled dual,2025,413,0.0008601368831545116
mis-scaled dual,2025,414,0.0008727664667367937
mis-scaled dual,2025,415,0.0008951249458193781
mis-scaled dual,2025,416,0.0009083518126457932
mis-scaled dual,2025,417,0.0009487732520848515
mis-scaled dual,2025,418,0.0009670937325507405
mis-scaled dual,2025,419,0.0009856874760985376
mis-scaled dual,2025,420,0.0010648297505378725
mis-scaled dual,2025,421,0.0010886882959902288
mis-scaled dual,2025,422,0.0011171190019845965
mis-scaled dual,2025,423,0.0011455388264060022
mis-scaled dual,2025,424,0.0011522230608761311
mis-scaled dual,2025,425,0.00117348957914114
mis-scaled dual,2025,426,0.001214665266931057
mis-scaled dual,2025,427,0.0012511392732858658
mis-scaled dual,2025,428,0.0012796371052861213
mis-scaled dual,2025,429,0.001317537748813629
mis-scaled dual,2025,430,0.0013540361036658286
mis-scaled dual,2025,431,0.0013823956081867217
mis-scaled dual,2025,432,0.0014140384829938412
mis-scaled dual,2025,433,0.0014553937484025955
mis-scaled dual,2025,434,0.0015333440715074539
mis-scaled dual,2025,435,0.0015609267412424086
mis-scaled dual,2025,436,0.0015839929472506046
mis-scaled dual,2025,437,0.0016109327138364314
mis-scaled dual,2025,438,0.001637577899366617
mis-scaled dual,2025,439,0.001670526071190834
mis-scaled dual,2025,440,0.0016966438226699828
mis-scaled dual,2025,441,0.0017285660160183906
mis-scaled dual,2025,442,0.0017410476385205983
mis-scaled dual,2025,443,0.0017740102942734955
mis-scaled dual,2025,444,0.0018066111014038322
mis-scaled dual,2025,445,0.0018439562296420334
mis-scaled dual,2025,446,0.0018565815459042785
mis-scaled dual,2025,447,0.0018830821082144974
mis-scaled dual,2025,448,0.0019137599167674778
mis-scaled dual,2025,449,0.001941206591054797
mis-scaled dual,2025,450,0.002018553424581885
mis-scaled dual,2025,451,0.002058836063429713
mis-scaled dual,2025,452,0.0020868090914338824
mis-scaled dual,2025,453,0.002118682666018605
mis-scaled dual,2025,454,0.00213287061303854
mis-scaled dual,2025,455,0.0022117493380904196
mis-scaled dual,2025,456,0.0022195387060046194
mis-scaled dual,2025,457,0.00229867568308115
mis-scaled dual,2025,458,0.0023361603010892866
mis-scaled dual,2025,459,0.0023573784427344795
mis-scaled dual,2025,460,0.0023673706437200306
mis-scaled dual,2025,461,0.002395281112924218
mis-scaled dual,2025,462,0.002417816599175334
mis-scaled dual,2025,463,0.0024414244661182167
mis-scaled dual,2025,464,0.002476252598240972
mis-scaled dual,2025,465,0.002497027117416263
mis-scaled dual,2025,466,0.0025304136627763516
mis-scaled dual,2025,467,0.002543971385672689
mis-scaled dual,2025,468,0.0025665527451485402
mis-scaled dual,2025,469,0.0026437153854221114
mis-scaled dual,2025,470,0.0026750037019997843
mis-scaled dual,2025,471,0.0027031687463670976
mis-scaled dual,2025,472,0.0027435869895070797
mis-scaled dual,2025,473,0.002771813244119287
mis-scaled dual,2025,474,0.0027915438810735944
mis-scaled dual,2025,475,0.0028196889169067145
mis-scaled dual,2025,476,0.0028477823984473945
mis-scaled dual,2025,477,0.002875772339269519
mis-scaled dual,2025,478,0.0028967681481391195
mis-scaled dual,2025,479,0.0029189267877489334
mis-scaled dual,2025,480,0.002932593117758632
mis-scaled dual,2025,481,0.0029672237163633113
mis-scaled dual,2025,482,0.002998529728069902
mis-scaled dual,2025,483,0.003026331277236343
mis-scaled dual,2025,484,0.003103161792978645
mis-scaled dual,2025,485,0.0031431534270495182
mis-scaled dual,2025,486,0.0032197519019097095
mis-scaled dual,2025,487,0.003233521100223065
mis-scaled dual,2025,488,0.0032570376379489905
mis-scaled dual,2025,489,0.003301627569198609
mis-scaled dual,2025,490,0.003376593592047692
mis-scaled dual,2025,491,0.0034114365582764154
mis-scaled dual,2025,492,0.0034492954301238066
mis-scaled dual,2025,493,0.0034780787609219556
mis-scaled dual,2025,494,0.003508692047446967
mis-scaled dual,2025,495,0.0035387426773011692
mis-scaled dual,2025,496,0.0035685345745682722
mis-scaled dual,2025,497,0.0035834603358209137
mis-scaled dual,2025,498,0.0036529384994208815
mis-scaled dual,2025,499,0.0036825125677883625
mis-scaled dual,2025,500,0.003700580363675952
mis-scaled dual,2025,501,0.0037121858779937027
mis-scaled dual,2025,502,0.003724242346152663
mis-scaled dual,2025,503,0.003754467241361737
mis-scaled dual,2025,504,0.0037705496307462454
mis-scaled dual,2025,505,0.003807207662716508
mis-scaled dual,2025,506,0.003819321409076452
mis-scaled dual,2025,507,0.0038459428421556948
mis-scaled dual,2025,508,0.003858973762437701
mis-scaled dual,2025,509,0.0038861513329297302
mis-scaled dual,2025,510,0.003913574288293719
mis-scaled dual,2025,511,0.003953329768761993
mis-scaled dual,2025,512,0.003992802164420486
mis-scaled dual,2025,513,0.004027488016530872
mis-scaled dual,2025,514,0.00405531073652208
mis-scaled dual,2025,515,0.004095336181327702
mis-scaled dual,2025,516,0.004114676802739502
mis-scaled dual,2025,517,0.004148919181391598
mis-scaled dual,2025,518,0.004188604335829617
mis-scaled dual,2025,519,0.004227262252643706
mis-scaled dual,2025,520,0.004240590542361142
mis-scaled dual,2025,521,0.0042537838312834515
mis-scaled dual,2025,522,0.004266731042429806
mis-scaled dual,2025,523,0.004301143841937186
mis-scaled dual,2025,524,0.004333441749438645
mis-scaled dual,2025,525,0.0043449952158629915
mis-scaled dual,2025,526,0.004361399263575675
mis-scaled dual,2025,527,0.004374806641206147
mis-scaled dual,2025,528,0.004394571427896621
mis-scaled dual,2025,529,0.004420650846138598
mis-scaled dual,2025,530,0.004430074517533185
mis-scaled dual,2025,531,0.0044636035366207374
mis-scaled dual,2025,532,0.004486508485987784
mis-scaled dual,2025,533,0.004557039237812163
mis-scaled dual,2025,534,0.004576646239832045
mis-scaled dual,2025,535,0.004587921089932324
mis-scaled dual,2025,536,0.004656515525266529
mis-scaled dual,2025,537,0.0046805685904771095
mis-scaled dual,2025,538,0.004705127673044801
mis-scaled dual,2025,539,0.004729210235103965
mis-scaled dual,2025,540,0.004752806423261762
mis-scaled dual,2025,541,0.004787581537052989
mis-scaled dual,2025,542,0.004797988465294242
mis-scaled dual,2025,543,0.004820312466815114
mis-scaled dual,2025,544,0.004830161724686623
mis-scaled dual,2025,545,0.00486128147187829
mis-scaled dual,2025,546,0.004871790797173977
mis-scaled dual,2025,547,0.004907233911395073
mis-scaled dual,2025,548,0.004916045765325427
mis-scaled dual,2025,549,0.004927731868848205
mis-scaled dual,2025,550,0.004943182862505317
mis-scaled dual,2025,551,0.004972052463576198
mis-scaled dual,2025,552,0.0050051125133186575
mis-scaled dual,2025,553,0.005078571231558918
mis-scaled dual,2025,554,0.005092203214392066
mis-scaled dual,2025,555,0.005105925667762756
mis-scaled dual,2025,556,0.005180457426071167
mis-scaled dual,2025,557,0.005194188760533929
mis-scaled dual,2025,558,0.005206351609945297
mis-scaled dual,2025,559,0.0052804195100069045
mis-scaled dual,2025,560,0.005311006373047829
mis-scaled dual,2025,561,0.00534650471842289
mis-scaled dual,2025,562,0.005385162251532078
mis-scaled dual,2025,563,0.005424205441594124
mis-scaled dual,2025,564,0.005462332552969455
mis-scaled dual,2025,565,0.005492301606416702
mis-scaled dual,2025,566,0.005504890867456794
mis-scaled dual,2025,567,0.005514734725520015
mis-scaled dual,2025,568,0.005541984056279064
mis-scaled dual,2025,569,0.005614979966804386
mis-scaled dual,2025,570,0.005687413567110897
mis-scaled dual,2025,571,0.0057198694939762365
mis-scaled dual,2025,572,0.005790086703017355
mis-scaled dual,2025,573,0.005801299920052291
mis-scaled dual,2025,574,0.005867359571009875
mis-scaled dual,2025,575,0.005887466663450003
mis-scaled dual,2025,576,0.00591224909952283
mis-scaled dual,2025,577,0.005936724173069001
mis-scaled dual,2025,578,0.005946673780947925
mis-scaled dual,2025,579,0.005956869528070093
mis-scaled dual,2025,580,0.0059785639071017515
mis-scaled dual,2025,581,0.006004170589730145
mis-scaled dual,2025,582,0.006024450453683735
mis-scaled dual,2025,583,0.00605468409214914
mis-scaled dual,2025,584,0.006065489604100587
mis-scaled dual,2025,585,0.0060919174152165665
mis-scaled dual,2025,586,0.006115878067150714
mis-scaled dual,2025,587,0.006134330149084331
mis-scaled dual,2025,588,0.006166798205494883
mis-scaled dual,2025,589,0.0061877696695923825
mis-scaled dual,2025,590,0.006216680353164675
mis-scaled dual,2025,591,0.0062458056879639645
mis-scaled dual,2025,592,0.006280396567523481
mis-scaled dual,2025,593,0.0063035682849288
mis-scaled dual,2025,594,0.006314663948565723
mis-scaled dual,2025,595,0.00632655499520898
mis-scaled dual,2025,596,0.0063517653516531
mis-scaled dual,2025,597,0.006362039430454374
mis-scaled dual,2025,598,0.006396723807349802
mis-scaled dual,2025,599,0.006408797670751811
mis-scaled dual,2025,600,0.0064192121743708854
mis-scaled dual,2025,601,0.006431534114167095
mis-scaled dual,2025,602,0.006464872696414591
mis-scaled dual,2025,603,0.006481398266822101
mis-scaled dual,2025,604,0.006508014532923699
mis-scaled dual,2025,605,0.006531492603302003
mis-scaled dual,2025,606,0.006563605982273818
mis-scaled dual,2025,607,0.0065858917995691305
mis-scaled dual,2025,608,0.006618036362946034
mis-scaled dual,2025,609,0.006646808555126191
mis-scaled dual,2025,610,0.006659083939969541
mis-scaled dual,2025,611,0.006691020285695792
mis-scaled dual,2025,612,0.006714315395891668
mis-scaled dual,2025,613,0.006733853811591865
mis-scaled dual,2025,614,0.0067655112336575994
mis-scaled dual,2025,615,0.006802306609630586
mis-scaled dual,2025,616,0.006828444868832827
mis-scaled dual,2025,617,0.00685911833369732
mis-scaled dual,2025,618,0.006875838135153056
mis-scaled dual,2025,619,0.006885329241752625
mis-scaled dual,2025,620,0.006906825733363629
mis-scaled dual,2025,621,0.006932414840072394
mis-scaled dual,2025,622,0.006959903207808734
mis-scaled dual,2025,623,0.006989786061763764
mis-scaled dual,2025,624,0.007015234244465828
mis-scaled dual,2025,625,0.00708188337045908
mis-scaled dual,2025,626,0.00710682637026906
mis-scaled dual,2025,627,0.007135191056668758
mis-scaled dual,2025,628,0.007171495443105697
mis-scaled dual,2025,629,0.007182899778708815
mis-scaled dual,2025,630,0.007193186204984783
mis-scaled dual,2025,631,0.007204485794737934
mis-scaled dual,2025,632,0.0072341614294201126
mis-scaled dual,2025,633,0.007256239960387348
mis-scaled dual,2025,634,0.007282677818611263
mis-scaled dual,2025,635,0.007348277440920471
mis-scaled dual,2025,636,0.007382453583911061
mis-scaled dual,2025,637,0.007407260483965277
mis-scaled dual,2025,638,0.007431946498349309
mis-scaled dual,2025,639,0.007440993170365691
mis-scaled dual,2025,640,0.007465671924158931
mis-scaled dual,2025,641,0.007477185006573796
mis-scaled dual,2025,642,0.007502091744408012
mis-scaled dual,2025,643,0.0075311087961941955
mis-scaled dual,2025,644,0.0075501859017461535
mis-scaled dual,2025,645,0.007562228677600622
mis-scaled dual,2025,646,0.007574252419084311
mis-scaled dual,2025,647,0.007609565356761217
mis-scaled dual,2025,648,0.007635373689353467
mis-scaled dual,2025,649,0.007703810738623143
mis-scaled dual,2025,650,0.007729620728969574
mis-scaled dual,2025,651,0.007752390532255173
mis-scaled dual,2025,652,0.00781918750756979
mis-scaled dual,2025,653,0.007835168740421533
mis-scaled dual,2025,654,0.007857327450811863
mis-scaled dual,2025,655,0.007868812682956456
mis-scaled dual,2025,656,0.007899292253911495
mis-scaled dual,2025,657,0.007925130236089229
mis-scaled dual,2025,658,0.007942415592491626
mis-scaled dual,2025,659,0.007973132613450288
mis-scaled dual,2025,660,0.008000804071754216
mis-scaled dual,2025,661,0.008009762554973363
mis-scaled dual,2025,662,0.008018793716743588
mis-scaled dual,2025,663,0.0080279436891973
mis-scaled dual,2025,664,0.008057540101855993
mis-scaled dual,2025,665,0.008066987257480621
mis-scaled dual,2025,666,0.008103506209462881
mis-scaled dual,2025,667,0.008116464914992452
mis-scaled dual,2025,668,0.008140187267556788
mis-scaled dual,2025,669,0.008167783955559135
mis-scaled dual,2025,670,0.008207077876284719
mis-scaled dual,2025,671,0.008220392144009471
mis-scaled dual,2025,672,0.008251362819984556
mis-scaled dual,2025,673,0.008282590947046876
mis-scaled dual,2025,674,0.008296891258135437
mis-scaled dual,2025,675,0.008334122429743409
mis-scaled dual,2025,676,0.0083760616530329
mis-scaled dual,2025,677,0.008405107519939541
mis-scaled dual,2025,678,0.008447192126408218
mis-scaled dual,2025,679,0.008495988007262348
mis-scaled dual,2025,680,0.008537932110682128
mis-scaled dual,2025,681,0.008552400054246186
mis-scaled dual,2025,682,0.008572965357393025
mis-scaled dual,2025,683,0.008604509161829947
mis-scaled dual,2025,684,0.00863663738235831
mis-scaled dual,2025,685,0.00867757208111882
mis-scaled dual,2025,686,0.008713577308118342
mis-scaled dual,2025,687,0.008726034483402966
mis-scaled dual,2025,688,0.008744479820698498
mis-scaled dual,2025,689,0.008779263498932122
mis-scaled dual,2025,690,0.008793459511205554
mis-scaled dual,2025,691,0.008824887921050191
mis-scaled dual,2025,692,0.008839206897705794
mis-scaled dual,2025,693,0.008876951291382313
mis-scaled dual,2025,694,0.008913050671368838
mis-scaled dual,2025,695,0.008941682781457901
mis-scaled dual,2025,696,0.008966075540989637
mis-scaled dual,2025,697,0.00904296610841155
mis-scaled dual,2025,698,0.009071148061871528
mis-scaled dual,2025,699,0.009099263321459293
mis-scaled dual,2025,700,0.00911292108516395
mis-scaled dual,2025,701,0.009155513463601469
mis-scaled dual,2025,702,0.009178372804239391
mis-scaled dual,2025,703,0.00919120411415398
mis-scaled dual,2025,704,0.009217739299312232
mis-scaled dual,2025,705,0.009243964771285652
mis-scaled dual,2025,706,0.009270106066599487
mis-scaled dual,2025,707,0.009340469016447661
mis-scaled dual,2025,708,0.009362873137786982
mis-scaled dual,2025,709,0.009387798073664305
mis-scaled dual,2025,710,0.009399616983786222
mis-scaled dual,2025,711,0.009421339850112793
mis-scaled dual,2025,712,0.009445500803455707
mis-scaled dual,2025,713,0.009469556029334662
mis-scaled dual,2025,714,0.00950264326252043
mis-scaled dual,2025,715,0.009515861594706772
mis-scaled dual,2025,716,0.009543112065404652
mis-scaled dual,2025,717,0.009570523707062004
mis-scaled dual,2025,718,0.009594501640617845
mis-scaled dual,2025,719,0.009611753042861817
mis-scaled dual,2025,720,0.009645029982730743
mis-scaled dual,2025,721,0.009669193856701251
mis-scaled dual,2025,722,0.009696965875491495
mis-scaled dual,2025,723,0.009760133926317091
mis-scaled dual,2025,724,0.009786190735772247
mis-scaled dual,2025,725,0.009805493821159
mis-scaled dual,2025,726,0.009837663880422707
mis-scaled dual,2025,727,0.009860877991631623
mis-scaled dual,2025,728,0.00989518466879427
mis-scaled dual,2025,729,0.009920392011478539
mis-scaled dual,2025,730,0.009939942530646916
mis-scaled dual,2025,731,0.01000111162795126
mis-scaled dual,2025,732,0.010018204360768196
mis-scaled dual,2025,733,0.01004881404493749
mis-scaled dual,2025,734,0.010069516587778923
mis-scaled dual,2025,735,0.010092032903686163
mis-scaled dual,2025,736,0.010117127440854905
mis-scaled dual,2025,737,0.0101485559438318
mis-scaled dual,2025,738,0.010158215845197436
mis-scaled dual,2025,739,0.010169457892253993
mis-scaled dual,2025,740,0.010193751357898113
mis-scaled dual,2025,741,0.010224975908681747
mis-scaled dual,2025,742,0.010259441890433428
mis-scaled dual,2025,743,0.01029331413169205
mis-scaled dual,2025,744,0.010318359416797755
mis-scaled dual,2025,745,0.01033005577790737
mis-scaled dual,2025,746,0.010341688248425721
mis-scaled dual,2025,747,0.010406965335100889
mis-scaled dual,2025,748,0.010418328545361757
mis-scaled dual,2025,749,0.010442286131381987
mis-scaled dual,2025,750,0.010473884447991846
mis-scaled dual,2025,751,0.010532372886002062
mis-scaled dual,2025,752,0.010550404313743112
mis-scaled dual,2025,753,0.01056061427284777
mis-scaled dual,2025,754,0.01058157450146973
mis-scaled dual,2025,755,0.010597281232580542
mis-scaled dual,2025,756,0.010600601498246192
mis-scaled dual,2025,757,0.010615554081588983
mis-scaled dual,2025,758,0.010636582602232695
mis-scaled dual,2025,759,0.010650434021428228
mis-scaled dual,2025,760,0.010677325240030885
mis-scaled dual,2025,761,0.0106995703920573
mis-scaled dual,2025,762,0.01071192560055852
mis-scaled dual,2025,763,0.010735028020113708
mis-scaled dual,2025,764,0.010756183517277243
mis-scaled dual,2025,765,0.010779219149827959
mis-scaled dual,2025,766,0.0107930762296021
mis-scaled dual,2025,767,0.010819791197270156
mis-scaled dual,2025,768,0.010841803157299757
mis-scaled dual,2025,769,0.010865930936932564
mis-scaled dual,2025,770,0.0108985367359519
mis-scaled dual,2025,771,0.01093021429693699
mis-scaled dual,2025,772,0.010961870184183122
mis-scaled dual,2025,773,0.010985251061737538
mis-scaled dual,2025,774,0.010996134270206095
mis-scaled dual,2025,775,0.011006858375251295
mis-scaled dual,2025,776,0.01106256178623438
mis-scaled dual,2025,777,0.011085440010368826
mis-scaled dual,2025,778,0.011139721813321115
mis-scaled dual,2025,779,0.011164552562683823
mis-scaled dual,2025,780,0.011183459383353593
mis-scaled dual,2025,781,0.011207453127041462
mis-scaled dual,2025,782,0.011228077837392691
mis-scaled dual,2025,783,0.011272939554646614
mis-scaled dual,2025,784,0.011286101828664545
mis-scaled dual,2025,785,0.011302853511154655
mis-scaled dual,2025,786,0.011308628392949703
mis-scaled dual,2025,787,0.011321334251850846
mis-scaled dual,2025,788,0.011335037512525918
mis-scaled dual,2025,789,0.011348452599644664
mis-scaled dual,2025,790,0.011361984761461618
mis-scaled dual,2025,791,0.011374463772535327
mis-scaled dual,2025,792,0.01138475742401183
mis-scaled dual,2025,793,0.011393545361578468
mis-scaled dual,2025,794,0.011399212062805895
mis-scaled dual,2025,795,0.011413427854508166
mis-scaled dual,2025,796,0.01142623663386703
mis-scaled dual,2025,797,0.011434508713722234
mis-scaled dual,2025,798,0.011448823290809993
mis-scaled dual,2025,799,0.01147056583784521
mis-scaled dual,2025,800,0.011478871672555808
mis-scaled dual,2025,801,0.011487149683073166
mis-scaled dual,2025,802,0.01150345943064988
mis-scaled dual,2025,803,0.011511021486938002
mis-scaled dual,2025,804,0.011530553990602495
mis-scaled dual,2025,805,0.01155041204366088
mis-scaled dual,2025,806,0.011571037361234427
mis-scaled dual,2025,807,0.01158881083869934
mis-scaled dual,2025,808,0.01160313833323121
mis-scaled dual,2025,809,0.011625239085555076
mis-scaled dual,2025,810,0.011640255645170808
mis-scaled dual,2025,811,0.011657179266571999
mis-scaled dual,2025,812,0.011667973470404745
mis-scaled dual,2025,813,0.011692379234924912
mis-scaled dual,2025,814,0.011721656524315477
mis-scaled dual,2025,815,0.011741484477028252
mis-scaled dual,2025,816,0.011751036594569685
mis-scaled dual,2025,817,0.011774515011399986
mis-scaled dual,2025,818,0.011791708477929236
mis-scaled dual,2025,819,0.01180214151673019
mis-scaled dual,2025,820,0.01185693832616508
mis-scaled dual,2025,821,0.011872885552704335
mis-scaled dual,2025,822,0.011899136252343656
mis-scaled dual,2025,823,0.011945712769150735
mis-scaled dual,2025,824,0.011959365144222975
mis-scaled dual,2025,825,0.011982312986582517
mis-scaled dual,2025,826,0.012001868423134087
mis-scaled dual,2025,827,0.012026516327798366
mis-scaled dual,2025,828,0.012044682521641254
mis-scaled dual,2025,829,0.012062275750935077
mis-scaled dual,2025,830,0.012080811881005763
mis-scaled dual,2025,831,0.012088523928657174
mis-scaled dual,2025,832,0.012101136066704989
mis-scaled dual,2025,833,0.012109554952800274
mis-scaled dual,2025,834,0.012118610122203827
mis-scaled dual,2025,835,0.012134784155592323
mis-scaled dual,2025,836,0.012142308500766755
mis-scaled dual,2025,837,0.012155620224118233
mis-scaled dual,2025,838,0.012172462757125498
mis-scaled dual,2025,839,0.012180676610693336
mis-scaled dual,2025,840,0.012198041101574898
mis-scaled dual,2025,841,0.012214227717131376
mis-scaled dual,2025,842,0.012232296982645989
mis-scaled dual,2025,843,0.01224098130312562
mis-scaled dual,2025,844,0.01226275110065937
mis-scaled dual,2025,845,0.012281954260721803
mis-scaled dual,2025,846,0.012302229881569744
mis-scaled dual,2025,847,0.012323367478713394
mis-scaled dual,2025,848,0.01234130648945272
mis-scaled dual,2025,849,0.012362483164891601
mis-scaled dual,2025,850,0.012377021115973592
mis-scaled dual,2025,851,0.012398895556911826
mis-scaled dual,2025,852,0.012418179535284637
mis-scaled dual,2025,853,0.012438655453816056
mis-scaled dual,2025,854,0.012490959313884376
mis-scaled dual,2025,855,0.012516911032900212
mis-scaled dual,2025,856,0.012536690780356524
mis-scaled dual,2025,857,0.012544461663380262
mis-scaled dual,2025,858,0.01259490422685444
mis-scaled dual,2025,859,0.012613117154464122
mis-scaled dual,2025,860,0.01262506030860543
mis-scaled dual,2025,861,0.012633617822065946
mis-scaled dual,2025,862,0.012651508534416553
mis-scaled dual,2025,863,0.012658051692143079
mis-scaled dual,2025,864,0.012665768772661682
mis-scaled dual,2025,865,0.012684242735087867
mis-scaled dual,2025,866,0.012702087358146902
mis-scaled dual,2025,867,0.012710097917035219
mis-scaled dual,2025,868,0.01272733513896167
mis-scaled dual,2025,869,0.012744939553439614
mis-scaled dual,2025,870,0.012767560803323981
mis-scaled dual,2025,871,0.012816256503671405
mis-scaled dual,2025,872,0.012835309907063839
mis-scaled dual,2025,873,0.012857140687599775
mis-scaled dual,2025,874,0.012873981041312215
mis-scaled dual,2025,875,0.012891309279531239
mis-scaled dual,2025,876,0.012899349743187426
mis-scaled dual,2025,877,0.012919345922559498
mis-scaled dual,2025,878,0.012930675586581229
mis-scaled dual,2025,879,0.012937869345769284
mis-scaled dual,2025,880,0.012954001760214565
mis-scaled dual,2025,881,0.012974415969312189
mis-scaled dual,2025,882,0.012993303442686795
mis-scaled dual,2025,883,0.013004849764004348
mis-scaled dual,2025,884,0.013014921049177645
mis-scaled dual,2025,885,0.013025967673093079
mis-scaled dual,2025,886,0.013073723423093556
mis-scaled dual,2025,887,0.013091527529895303
mis-scaled dual,2025,888,0.013105352723047135
mis-scaled dual,2025,889,0.013127647246345875
mis-scaled dual,2025,890,0.013146470968827604
mis-scaled dual,2025,891,0.013165888711199163
mis-scaled dual,2025,892,0.01318326255442202
mis-scaled dual,2025,893,0.013204835999354719
mis-scaled dual,2025,894,0.013217937964648006
mis-scaled dual,2025,895,0.013262991757869718
mis-scaled dual,2025,896,0.013279205411583183
mis-scaled dual,2025,897,0.013295658145114778
mis-scaled dual,2025,898,0.013304742714509366
mis-scaled dual,2025,899,0.013322298402190206
mis-scaled dual,2025,900,0.013339074422001837
mis-scaled dual,2025,901,0.013352590494289994
mis-scaled dual,2025,902,0.013360612011119722
mis-scaled dual,2025,903,0.01337616941769421
mis-scaled dual,2025,904,0.0133913298740983
mis-scaled dual,2025,905,0.013406148957937954
mis-scaled dual,2025,906,0.013414437926396726
mis-scaled dual,2025,907,0.013419052704364061
mis-scaled dual,2025,908,0.013430430035337806
mis-scaled dual,2025,909,0.013439254598096013
mis-scaled dual,2025,910,0.01345467831145227
mis-scaled dual,2025,911,0.013460455098733306
mis-scaled dual,2025,912,0.013467788606598974
mis-scaled dual,2025,913,0.013505338268175722
mis-scaled dual,2025,914,0.01352094285927713
mis-scaled dual,2025,915,0.013534050382703543
mis-scaled dual,2025,916,0.01354745220220089
mis-scaled dual,2025,917,0.013566523198276758
mis-scaled dual,2025,918,0.013572859881788493
mis-scaled dual,2025,919,0.01358649580411613
mis-scaled dual,2025,920,0.013592499942138792
mis-scaled dual,2025,921,0.0136052923656106
mis-scaled dual,2025,922,0.013623675183221698
mis-scaled dual,2025,923,0.013633107229068875
mis-scaled dual,2025,924,0.01366921886153519
mis-scaled dual,2025,925,0.013681676156029105
mis-scaled dual,2025,926,0.013694303683251143
mis-scaled dual,2025,927,0.01370612388791144
mis-scaled dual,2025,928,0.01370730021455139
mis-scaled dual,2025,929,0.013718689611740411
mis-scaled dual,2025,930,0.013725737859226764
mis-scaled dual,2025,931,0.013728366275154055
mis-scaled dual,2025,932,0.013734949034579098
mis-scaled dual,2025,933,0.013745919284455479
mis-scaled dual,2025,934,0.013752367700599134
mis-scaled dual,2025,935,0.013758448175407946
mis-scaled dual,2025,936,0.013763000627405942
mis-scaled dual,2025,937,0.013767108093477786
mis-scaled dual,2025,938,0.013769352540008724
mis-scaled dual,2025,939,0.013778645243234933
mis-scaled dual,2025,940,0.01378669694236666
mis-scaled dual,2025,941,0.013793634155713021
mis-scaled dual,2025,942,0.013794646120682359
mis-scaled dual,2025,943,0.013799366471514106
mis-scaled dual,2025,944,0.013809833712205292
mis-scaled dual,2025,945,0.013818308591276408
mis-scaled dual,2025,946,0.01382270624628663
mis-scaled dual,2025,947,0.013827898859620094
mis-scaled dual,2025,948,0.013838207883507012
mis-scaled dual,2025,949,0.013856342416107654
mis-scaled dual,2025,950,0.013867451654702425
mis-scaled dual,2025,951,0.013873116873264313
mis-scaled dual,2025,952,0.013884244160890579
mis-scaled dual,2025,953,0.013895380376175047
mis-scaled dual,2025,954,0.013903723378106952
mis-scaled dual,2025,955,0.013914912263408304
mis-scaled dual,2025,956,0.013926102489814162
mis-scaled dual,2025,957,0.013958239889457822
mis-scaled dual,2025,958,0.013968274348273874
mis-scaled dual,2025,959,0.013976414305120708
mis-scaled dual,2025,960,0.013978875824317337
mis-scaled dual,2025,961,0.013990907632917167
mis-scaled dual,2025,962,0.013995425938904286
mis-scaled dual,2025,963,0.014001283844381571
mis-scaled dual,2025,964,0.014013131405711175
mis-scaled dual,2025,965,0.014028479676350953
mis-scaled dual,2025,966,0.014041676502436401
mis-scaled dual,2025,967,0.014055246764659883
mis-scaled dual,2025,968,0.014071338061213495
mis-scaled dual,2025,969,0.014078951226621868
mis-scaled dual,2025,970,0.01409362549725175
mis-scaled dual,2025,971,0.014106285745561125
mis-scaled dual,2025,972,0.014114766648426653
mis-scaled dual,2025,973,0.0141253843703568
mis-scaled dual,2025,974,0.014134115690961482
mis-scaled dual,2025,975,0.01414425907354057
mis-scaled dual,2025,976,0.01415169925695658
mis-scaled dual,2025,977,0.01416532022969425
mis-scaled dual,2025,978,0.014182658857747915
mis-scaled dual,2025,979,0.01420033566206694
mis-scaled dual,2025,980,0.014219038467213514
mis-scaled dual,2025,981,0.014264385973498227
mis-scaled dual,2025,982,0.014271159236818555
mis-scaled dual,2025,983,0.014289900323048237
mis-scaled dual,2025,984,0.014308972973152999
mis-scaled dual,2025,985,0.014331784536942843
mis-scaled dual,2025,986,0.014349765200152997
mis-scaled dual,2025,987,0.014361932644709948
mis-scaled dual,2025,988,0.01437790730056167
mis-scaled dual,2025,989,0.014386299444660548
mis-scaled dual,2025,990,0.014387651205465202
mis-scaled dual,2025,991,0.014395240566268567
mis-scaled dual,2025,992,0.014410550956293944
mis-scaled dual,2025,993,0.01442487928156555
mis-scaled dual,2025,994,0.014435250189974907
mis-scaled dual,2025,995,0.014452202520325783
mis-scaled dual,2025,996,0.014461891484543684
mis-scaled dual,2025,997,0.014468709026664498
mis-scaled dual,2025,998,0.014483918506026271
mis-scaled dual,2025,999,0.014490774420499805
mis-scaled dual,2025,1000,0.014502357732087377
mis-scaled dual,2025,1001,0.0145433889605701
mis-scaled dual,2025,1002,0.01455648347528279
mis-scaled dual,2025,1003,0.014564771059796217
mis-scaled dual,2025,1004,0.014579850943759087
mis-scaled dual,2025,1005,0.01458966089423001
mis-scaled dual,2025,1006,0.014606502598360183
mis-scaled dual,2025,1007,0.014619334841459991
mis-scaled dual,2025,1008,0.014627792554393412
mis-scaled dual,2025,1009,0.014635832900702955
mis-scaled dual,2025,1010,0.01465221863488853
mis-scaled dual,2025,1011,0.014695158165678382
mis-scaled dual,2025,1012,0.01470287986369431
mis-scaled dual,2025,1013,0.0147166613945812
mis-scaled dual,2025,1014,0.014726952490508557
mis-scaled dual,2025,1015,0.0147421293232888
mis-scaled dual,2025,1016,0.014759702192008497
mis-scaled dual,2025,1017,0.014778311322867872
mis-scaled dual,2025,1018,0.014787344412475825
mis-scaled dual,2025,1019,0.014799602243751288
mis-scaled dual,2025,1020,0.014816514232933523
mis-scaled dual,2025,1021,0.014833074353545906
mis-scaled dual,2025,1022,0.014850775109618904
mis-scaled dual,2025,1023,0.014860615624234082
mis-scaled dual,2025,1024,0.01487327418126166
mis-scaled dual,2025,1025,0.014886063972815873
mis-scaled dual,2025,1026,0.014892841743737461
mis-scaled dual,2025,1027,0.014936167084217073
mis-scaled dual,2025,1028,0.014951201927557589
mis-scaled dual,2025,1029,0.014969287038594485
mis-scaled dual,2025,1030,0.014978224583819508
mis-scaled dual,2025,1031,0.014985713881462812
mis-scaled dual,2025,1032,0.014992642047941684
mis-scaled dual,2025,1033,0.015007712311342358
mis-scaled dual,2025,1034,0.015052717262282966
mis-scaled dual,2025,1035,0.015070407090216873
mis-scaled dual,2025,1036,0.015077490415036676
mis-scaled dual,2025,1037,0.015084596136301753
mis-scaled dual,2025,1038,0.015130213234394787
mis-scaled dual,2025,1039,0.015149026362150906
mis-scaled dual,2025,1040,0.015157411765336989
mis-scaled dual,2025,1041,0.015177574908494949
mis-scaled dual,2025,1042,0.015191925991564988
mis-scaled dual,2025,1043,0.015211760627448558
mis-scaled dual,2025,1044,0.015220176356360315
mis-scaled dual,2025,1045,0.015228247918739913
mis-scaled dual,2025,1046,0.015244143980279562
mis-scaled dual,2025,1047,0.015251939159646628
mis-scaled dual,2025,1048,0.015267172696933149
mis-scaled dual,2025,1049,0.015284245566502212
mis-scaled dual,2025,1050,0.01530045875827968
mis-scaled dual,2025,1051,0.015312200813800095
mis-scaled dual,2025,1052,0.015336274986505506
mis-scaled dual,2025,1053,0.01535776698169112
mis-scaled dual,2025,1054,0.015375967070087787
mis-scaled dual,2025,1055,0.015397955855086442
mis-scaled dual,2025,1056,0.0154170309638828
mis-scaled dual,2025,1057,0.015436064738720652
mis-scaled dual,2025,1058,0.015455449005633589
mis-scaled dual,2025,1059,0.015503227297365661
mis-scaled dual,2025,1060,0.015510548448443408
mis-scaled dual,2025,1061,0.015530950829744334
mis-scaled dual,2025,1062,0.015577767419159408
mis-scaled dual,2025,1063,0.015596822094738479
mis-scaled dual,2025,1064,0.01561551436848938
mis-scaled dual,2025,1065,0.01563188959549367
mis-scaled dual,2025,1066,0.015641592170059677
mis-scaled dual,2025,1067,0.015647703231364486
mis-scaled dual,2025,1068,0.015688320758908983
mis-scaled dual,2025,1069,0.01569709928452968
mis-scaled dual,2025,1070,0.015704921304613345
mis-scaled dual,2025,1071,0.015718901767864817
mis-scaled dual,2025,1072,0.01575785143078863
mis-scaled dual,2025,1073,0.015764911818996065
mis-scaled dual,2025,1074,0.01576853160824626
mis-scaled dual,2025,1075,0.01577608524537831
mis-scaled dual,2025,1076,0.015785568163789804
mis-scaled dual,2025,1077,0.015799337453372773
mis-scaled dual,2025,1078,0.015807199920795854
mis-scaled dual,2025,1079,0.015819608460552987
mis-scaled dual,2025,1080,0.0158321468918696
mis-scaled dual,2025,1081,0.01584197763318568
mis-scaled dual,2025,1082,0.015850132466979323
mis-scaled dual,2025,1083,0.0158580036720708
mis-scaled dual,2025,1084,0.015870605424009265
mis-scaled dual,2025,1085,0.015877516845308245
mis-scaled dual,2025,1086,0.015893216319553555
mis-scaled dual,2025,1087,0.015900502506919205
mis-scaled dual,2025,1088,0.01591832705811411
mis-scaled dual,2025,1089,0.015940714955814183
mis-scaled dual,2025,1090,0.01595383836387843
mis-scaled dual,2025,1091,0.015967464579962194
mis-scaled dual,2025,1092,0.01597542495919019
mis-scaled dual,2025,1093,0.015984632757462564
mis-scaled dual,2025,1094,0.015995134669430557
mis-scaled dual,2025,1095,0.01600935670844466
mis-scaled dual,2025,1096,0.01601862751627714
mis-scaled dual,2025,1097,0.016026913429997867
mis-scaled dual,2025,1098,0.01604452807784826
mis-scaled dual,2025,1099,0.0160889140643552
mis-scaled dual,2025,1100,0.016102395491443582
mis-scaled dual,2025,1101,0.016145474552981563
mis-scaled dual,2025,1102,0.016153757303930826
mis-scaled dual,2025,1103,0.016169617017813033
mis-scaled dual,2025,1104,0.016179243434406822
mis-scaled dual,2025,1105,0.016216341620601718
mis-scaled dual,2025,1106,0.016230580354504292
mis-scaled dual,2025,1107,0.016244382827110593
mis-scaled dual,2025,1108,0.016257407747812574
mis-scaled dual,2025,1109,0.016262889536805457
mis-scaled dual,2025,1110,0.016268398198179906
mis-scaled dual,2025,1111,0.016303953324429698
mis-scaled dual,2025,1112,0.016310460246257492
mis-scaled dual,2025,1113,0.016344840177528568
mis-scaled dual,2025,1114,0.016356389208994813
mis-scaled dual,2025,1115,0.016363065879262992
mis-scaled dual,2025,1116,0.01637033125529439
mis-scaled dual,2025,1117,0.016376716637663553
mis-scaled dual,2025,1118,0.016380615144751975
mis-scaled dual,2025,1119,0.01638284944359214
mis-scaled dual,2025,1120,0.016390211375422785
mis-scaled dual,2025,1121,0.016423002537436792
mis-scaled dual,2025,1122,0.016430539595164367
mis-scaled dual,2025,1123,0.016463399462707348
mis-scaled dual,2025,1124,0.016465622342601426
mis-scaled dual,2025,1125,0.016477215528070934
mis-scaled dual,2025,1126,0.016509825011402374
mis-scaled dual,2025,1127,0.016515936836391694
mis-scaled dual,2025,1128,0.016529900995910174
mis-scaled dual,2025,1129,0.016532442906871444
mis-scaled dual,2025,1130,0.01653652928034962
mis-scaled dual,2025,1131,0.01654209665788711
mis-scaled dual,2025,1132,0.01654710893550516
mis-scaled dual,2025,1133,0.01655784704577924
mis-scaled dual,2025,1134,0.016590736644864094
mis-scaled dual,2025,1135,0.016605200874313723
mis-scaled dual,2025,1136,0.01661629573328794
mis-scaled dual,2025,1137,0.016622023860827097
mis-scaled dual,2025,1138,0.0166368184285313
mis-scaled dual,2025,1139,0.016649374219700704
mis-scaled dual,2025,1140,0.016657321864023814
mis-scaled dual,2025,1141,0.016665073671698578
mis-scaled dual,2025,1142,0.016671659493312247
mis-scaled dual,2025,1143,0.016690255462720998
mis-scaled dual,2025,1144,0.01672705654211343
mis-scaled dual,2025,1145,0.01673506916108728
mis-scaled dual,2025,1146,0.01674298445871473
mis-scaled dual,2025,1147,0.01678084356525541
mis-scaled dual,2025,1148,0.016818686466783292
mis-scaled dual,2025,1149,0.016825003573894506
mis-scaled dual,2025,1150,0.016840710420489315
mis-scaled dual,2025,1151,0.01685237414619327
mis-scaled dual,2025,1152,0.016857839398622516
mis-scaled dual,2025,1153,0.01686562856164575
mis-scaled dual,2025,1154,0.016902346019446856
mis-scaled dual,2025,1155,0.016917840699583298
mis-scaled dual,2025,1156,0.016923787838801746
mis-scaled dual,2025,1157,0.016933930446520452
mis-scaled dual,2025,1158,0.01697152079571784
mis-scaled dual,2025,1159,0.01698323759004474
mis-scaled dual,2025,1160,0.01699421083132923
mis-scaled dual,2025,1161,0.016997777197122577
mis-scaled dual,2025,1162,0.01700948781678081
mis-scaled dual,2025,1163,0.01701729034428299
mis-scaled dual,2025,1164,0.01705451766394079
mis-scaled dual,2025,1165,0.017062209393858913
mis-scaled dual,2025,1166,0.017072925983130934
mis-scaled dual,2025,1167,0.01707871340239048
mis-scaled dual,2025,1168,0.01708922937360406
mis-scaled dual,2025,1169,0.017094871975928544
mis-scaled dual,2025,1170,0.01710768236647546
mis-scaled dual,2025,1171,0.01712301484560966
mis-scaled dual,2025,1172,0.017128835613667962
mis-scaled dual,2025,1173,0.017136220402017233
mis-scaled dual,2025,1174,0.017173867994025347
mis-scaled dual,2025,1175,0.017177855736717578
mis-scaled dual,2025,1176,0.01721569341166317
mis-scaled dual,2025,1177,0.017226524346858257
mis-scaled dual,2025,1178,0.017239796593308442
mis-scaled dual,2025,1179,0.017247488841041915
mis-scaled dual,2025,1180,0.01725453193831443
mis-scaled dual,2025,1181,0.017267536867246025
mis-scaled dual,2025,1182,0.017277557955995195
mis-scaled dual,2025,1183,0.017314363472208372
mis-scaled dual,2025,1184,0.017319714216664426
mis-scaled dual,2025,1185,0.01732642965602874
mis-scaled dual,2025,1186,0.017331204023569812
mis-scaled dual,2025,1187,0.017343447985589493
mis-scaled dual,2025,1188,0.017355948478549706
mis-scaled dual,2025,1189,0.017367663665413844
mis-scaled dual,2025,1190,0.017374849052011955
mis-scaled dual,2025,1191,0.017380398853629814
mis-scaled dual,2025,1192,0.017382963556848454
mis-scaled dual,2025,1193,0.01738864423163979
mis-scaled dual,2025,1194,0.017390758233405638
mis-scaled dual,2025,1195,0.017401412142805744
mis-scaled dual,2025,1196,0.01743388527306168
mis-scaled dual,2025,1197,0.017441153038866807
mis-scaled dual,2025,1198,0.017446742216803122
mis-scaled dual,2025,1199,0.017448134054280806
mis-scaled dual,2025,1200,0.017453762165226032
mis-scaled dual,2025,1201,0.01748617448011785
mis-scaled dual,2025,1202,0.017518604657776646
mis-scaled dual,2025,1203,0.017520039818517855
mis-scaled dual,2025,1204,0.017525978119485072
mis-scaled dual,2025,1205,0.017537367604218417
mis-scaled dual,2025,1206,0.017548601390443737
mis-scaled dual,2025,1207,0.017549325199551876
mis-scaled dual,2025,1208,0.017559408526726064
mis-scaled dual,2025,1209,0.017569226050712164
mis-scaled dual,2025,1210,0.017579366721279913
mis-scaled dual,2025,1211,0.01758612237887829
mis-scaled dual,2025,1212,0.017594481457300477
mis-scaled dual,2025,1213,0.01760454476103931
mis-scaled dual,2025,1214,0.017611997567601498
mis-scaled dual,2025,1215,0.017615508715279397
mis-scaled dual,2025,1216,0.017625715098105368
mis-scaled dual,2025,1217,0.017625688572280106
mis-scaled dual,2025,1218,0.01763133948758989
mis-scaled dual,2025,1219,0.017641747190691528
mis-scaled dual,2025,1220,0.01765998021996766
mis-scaled dual,2025,1221,0.017665656737335025
mis-scaled dual,2025,1222,0.017677370629660783
mis-scaled dual,2025,1223,0.017689308257333933
mis-scaled dual,2025,1224,0.01770173614438623
mis-scaled dual,2025,1225,0.017712813110791144
mis-scaled dual,2025,1226,0.017714134592436252
mis-scaled dual,2025,1227,0.017749339511595665
mis-scaled dual,2025,1228,0.017755278859369453
mis-scaled dual,2025,1229,0.017766883539222178
mis-scaled dual,2025,1230,0.017774583541147408
mis-scaled dual,2025,1231,0.017781906279198824
mis-scaled dual,2025,1232,0.017795699969433247
mis-scaled dual,2025,1233,0.0178018289661482
mis-scaled dual,2025,1234,0.017814507006444037
mis-scaled dual,2025,1235,0.017822214932061733
mis-scaled dual,2025,1236,0.017833329838685692
mis-scaled dual,2025,1237,0.01785419393246621
mis-scaled dual,2025,1238,0.017868864174194633
mis-scaled dual,2025,1239,0.01787586860667914
mis-scaled dual,2025,1240,0.017889333573572336
mis-scaled dual,2025,1241,0.017903076238505542
mis-scaled dual,2025,1242,0.017911868270166217
mis-scaled dual,2025,1243,0.017924372885160147
mis-scaled dual,2025,1244,0.017934733586274086
mis-scaled dual,2025,1245,0.017950493589036165
mis-scaled dual,2025,1246,0.01796549852015823
mis-scaled dual,2025,1247,0.017974247889794407
mis-scaled dual,2025,1248,0.017991046743772922
mis-scaled dual,2025,1249,0.018008504229076204
mis-scaled dual,2025,1250,0.018056763787336644
mis-scaled dual,2025,1251,0.01807188085155934
mis-scaled dual,2025,1252,0.01811981638034433
mis-scaled dual,2025,1253,0.01813922639646381
mis-scaled dual,2025,1254,0.018147993124090135
mis-scaled dual,2025,1255,0.01816764588012546
mis-scaled dual,2025,1256,0.01818193046117574
mis-scaled dual,2025,1257,0.01820102603112906
mis-scaled dual,2025,1258,0.018209280110381542
mis-scaled dual,2025,1259,0.018226239146254954
mis-scaled dual,2025,1260,0.018268292989276347
mis-scaled dual,2025,1261,0.018289324691317974
mis-scaled dual,2025,1262,0.018298703774712977
mis-scaled dual,2025,1263,0.018303651489324866
mis-scaled dual,2025,1264,0.018310529938079415
mis-scaled dual,2025,1265,0.018318482045300302
mis-scaled dual,2025,1266,0.0183273517120108
mis-scaled dual,2025,1267,0.018339537328533828
mis-scaled dual,2025,1268,0.01834584102459997
mis-scaled dual,2025,1269,0.018361057578288018
mis-scaled dual,2025,1270,0.01837623417264968
mis-scaled dual,2025,1271,0.01838329086536914
mis-scaled dual,2025,1272,0.018389096301995218
mis-scaled dual,2025,1273,0.018399393203787504
mis-scaled dual,2025,1274,0.01841253090020269
mis-scaled dual,2025,1275,0.018418199048705397
mis-scaled dual,2025,1276,0.01842398097129911
mis-scaled dual,2025,1277,0.01843721947406977
mis-scaled dual,2025,1278,0.01844988379784673
mis-scaled dual,2025,1279,0.01845960952136665
mis-scaled dual,2025,1280,0.018469702567823224
mis-scaled dual,2025,1281,0.01848218911702185
mis-scaled dual,2025,1282,0.01851829669637232
mis-scaled dual,2025,1283,0.018522961449109008
mis-scaled dual,2025,1284,0.01852715004455297
mis-scaled dual,2025,1285,0.018530942712418726
mis-scaled dual,2025,1286,0.018543286506630473
mis-scaled dual,2025,1287,0.018549782282389692
mis-scaled dual,2025,1288,0.018557737606398752
mis-scaled dual,2025,1289,0.01856455466609447
mis-scaled dual,2025,1290,0.018570281404100348
mis-scaled dual,2025,1291,0.018572439185477782
mis-scaled dual,2025,1292,0.01857408607868104
mis-scaled dual,2025,1293,0.01857871393055468
mis-scaled dual,2025,1294,0.018584460228197267
mis-scaled dual,2025,1295,0.018589871300004415
mis-scaled dual,2025,1296,0.01860012731114774
mis-scaled dual,2025,1297,0.018633399985559275
mis-scaled dual,2025,1298,0.018651250731132916
mis-scaled dual,2025,1299,0.018657848253883412
mis-scaled dual,2025,1300,0.01866878426089137
mis-scaled dual,2025,1301,0.01867076592078804
mis-scaled dual,2025,1302,0.018677167055547225
mis-scaled dual,2025,1303,0.0186818990292847
mis-scaled dual,2025,1304,0.018683269520848974
mis-scaled dual,2025,1305,0.018687639198929056
mis-scaled dual,2025,1306,0.018697228196844443
mis-scaled dual,2025,1307,0.018708539564102872
mis-scaled dual,2025,1308,0.018709244709506613
mis-scaled dual,2025,1309,0.018719623042419534
mis-scaled dual,2025,1310,0.01875138720895348
mis-scaled dual,2025,1311,0.018755152605831604
mis-scaled dual,2025,1312,0.018758702945426087
mis-scaled dual,2025,1313,0.018757443641878646
mis-scaled dual,2025,1314,0.018767306113354844
mis-scaled dual,2025,1315,0.018769854510046525
mis-scaled dual,2025,1316,0.018775601126201434
mis-scaled dual,2025,1317,0.018779016183741375
mis-scaled dual,2025,1318,0.018782439086742684
mis-scaled dual,2025,1319,0.018791179096586987
mis-scaled dual,2025,1320,0.018804280624158665
mis-scaled dual,2025,1321,0.018814163208477185
mis-scaled dual,2025,1322,0.018824124226920293
mis-scaled dual,2025,1323,0.01882758031946419
mis-scaled dual,2025,1324,0.018831050919219838
mis-scaled dual,2025,1325,0.018841110113963472
mis-scaled dual,2025,1326,0.0188521315884441
mis-scaled dual,2025,1327,0.018855635697185978
mis-scaled dual,2025,1328,0.01886669677895306
mis-scaled dual,2025,1329,0.01887684687636791
mis-scaled dual,2025,1330,0.018880360495775923
mis-scaled dual,2025,1331,0.018911862867534147
mis-scaled dual,2025,1332,0.01892379378968476
mis-scaled dual,2025,1333,0.018933523704156265
mis-scaled dual,2025,1334,0.018942537599205958
mis-scaled dual,2025,1335,0.018946612655252205
mis-scaled dual,2025,1336,0.018954946835696682
mis-scaled dual,2025,1337,0.018955562029309557
mis-scaled dual,2025,1338,0.018963038586460042
mis-scaled dual,2025,1339,0.01896611603397875
mis-scaled dual,2025,1340,0.01897549622378497
mis-scaled dual,2025,1341,0.018981219875387836
mis-scaled dual,2025,1342,0.018991845971770574
mis-scaled dual,2025,1343,0.01902453392089157
mis-scaled dual,2025,1344,0.019034302941597987
mis-scaled dual,2025,1345,0.019041770666085173
mis-scaled dual,2025,1346,0.019053483707182097
mis-scaled dual,2025,1347,0.01908636367266624
mis-scaled dual,2025,1348,0.019097389783270646
mis-scaled dual,2025,1349,0.019130221632905293
mis-scaled dual,2025,1350,0.019141075510300684
mis-scaled dual,2025,1351,0.019145590606950213
mis-scaled dual,2025,1352,0.019146929182089854
mis-scaled dual,2025,1353,0.019158094478853034
mis-scaled dual,2025,1354,0.0191682869048789
mis-scaled dual,2025,1355,0.019199977418698357
mis-scaled dual,2025,1356,0.019204141825832414
mis-scaled dual,2025,1357,0.019208937936030315
mis-scaled dual,2025,1358,0.019217116796083733
mis-scaled dual,2025,1359,0.01922532603401689
mis-scaled dual,2025,1360,0.01922925876720993
mis-scaled dual,2025,1361,0.019247739349476975
mis-scaled dual,2025,1362,0.01924667869051544
mis-scaled dual,2025,1363,0.019253320115812104
mis-scaled dual,2025,1364,0.019263063553087396
mis-scaled dual,2025,1365,0.01927042076124994
mis-scaled dual,2025,1366,0.019281252555124445
mis-scaled dual,2025,1367,0.019291217399440688
mis-scaled dual,2025,1368,0.019301234153814597
mis-scaled dual,2025,1369,0.01930815715145318
mis-scaled dual,2025,1370,0.019310735774219018
mis-scaled dual,2025,1371,0.01931627013450859
mis-scaled dual,2025,1372,0.01932462133021651
mis-scaled dual,2025,1373,0.019329895851507767
mis-scaled dual,2025,1374,0.01934815198875962
mis-scaled dual,2025,1375,0.019357947520494443
mis-scaled dual,2025,1376,0.019372575141176563
mis-scaled dual,2025,1377,0.019387285830244405
mis-scaled dual,2025,1378,0.019394225571200234
mis-scaled dual,2025,1379,0.019398040000349264
mis-scaled dual,2025,1380,0.019410339664772135
mis-scaled dual,2025,1381,0.01942238015329836
mis-scaled dual,2025,1382,0.019438350487813335
mis-scaled dual,2025,1383,0.01944777247723935
mis-scaled dual,2025,1384,0.019455602301806194
mis-scaled dual,2025,1385,0.01946940391573308
mis-scaled dual,2025,1386,0.019475511713683585
mis-scaled dual,2025,1387,0.01948888293737171
mis-scaled dual,2025,1388,0.01952801990044115
mis-scaled dual,2025,1389,0.01954839550435541
mis-scaled dual,2025,1390,0.019557783765003067
mis-scaled dual,2025,1391,0.019564342012017948
mis-scaled dual,2025,1392,0.01957094003954528
mis-scaled dual,2025,1393,0.019577626984164098
mis-scaled dual,2025,1394,0.01958601577736435
mis-scaled dual,2025,1395,0.019601415516614894
mis-scaled dual,2025,1396,0.019611376333892327
mis-scaled dual,2025,1397,0.019652703667074424
mis-scaled dual,2025,1398,0.01969380669680236
mis-scaled dual,2025,1399,0.01970060065597294
mis-scaled dual,2025,1400,0.01971169362436233
mis-scaled dual,2025,1401,0.019722812829971296
mis-scaled dual,2025,1402,0.01973726568797229
mis-scaled dual,2025,1403,0.019746980412572605
mis-scaled dual,2025,1404,0.019766845256835204
mis-scaled dual,2025,1405,0.019775237127125245
mis-scaled dual,2025,1406,0.019786239405184966
mis-scaled dual,2025,1407,0.019799607309639436
mis-scaled dual,2025,1408,0.019805359601274115
mis-scaled dual,2025,1409,0.01984344918034969
mis-scaled dual,2025,1410,0.01984977271731196
mis-scaled dual,2025,1411,0.019863069941833598
mis-scaled dual,2025,1412,0.019874699875429256
mis-scaled dual,2025,1413,0.01989187753182648
mis-scaled dual,2025,1414,0.01989923682056366
mis-scaled dual,2025,1415,0.019910707620933638
mis-scaled dual,2025,1416,0.01992286366051434
mis-scaled dual,2025,1417,0.0199310129957795
mis-scaled dual,2025,1418,0.019945316834717973
mis-scaled dual,2025,1419,0.019953701662346706
mis-scaled dual,2025,1420,0.0199948308957666
mis-scaled dual,2025,1421,0.020036036229416715
mis-scaled dual,2025,1422,0.02004751047568022
mis-scaled dual,2025,1423,0.020060738048449146
mis-scaled dual,2025,1424,0.020070588742420063
mis-scaled dual,2025,1425,0.02007864187392591
mis-scaled dual,2025,1426,0.0200892679311931
mis-scaled dual,2025,1427,0.0201046529983878
mis-scaled dual,2025,1428,0.02011090728220342
mis-scaled dual,2025,1429,0.020120441225916132
mis-scaled dual,2025,1430,0.020126675292581307
mis-scaled dual,2025,1431,0.020138005779892193
mis-scaled dual,2025,1432,0.020153316801354276
mis-scaled dual,2025,1433,0.020159152634486543
mis-scaled dual,2025,1434,0.020168062163665876
mis-scaled dual,2025,1435,0.020183057617649422
mis-scaled dual,2025,1436,0.020193026723697768
mis-scaled dual,2025,1437,0.020207237454593168
mis-scaled dual,2025,1438,0.020223059030815945
mis-scaled dual,2025,1439,0.020264861483797417
mis-scaled dual,2025,1440,0.020271346959128963
mis-scaled dual,2025,1441,0.020288904926687466
mis-scaled dual,2025,1442,0.02030044033849238
mis-scaled dual,2025,1443,0.020314963207736597
mis-scaled dual,2025,1444,0.020322296900004134
mis-scaled dual,2025,1445,0.02033686293418704
mis-scaled dual,2025,1446,0.02035311493603884
mis-scaled dual,2025,1447,0.02036939269454776
mis-scaled dual,2025,1448,0.02038797789414226
mis-scaled dual,2025,1449,0.020401039551794516
mis-scaled dual,2025,1450,0.02044361352729796
mis-scaled dual,2025,1451,0.020459954004794348
mis-scaled dual,2025,1452,0.02046861467899381
mis-scaled dual,2025,1453,0.020483861910447466
mis-scaled dual,2025,1454,0.02049971509017049
mis-scaled dual,2025,1455,0.020512636172130692
mis-scaled dual,2025,1456,0.020521541849359858
mis-scaled dual,2025,1457,0.020527760854676353
mis-scaled dual,2025,1458,0.020569051184549915
mis-scaled dual,2025,1459,0.020577413049489245
mis-scaled dual,2025,1460,0.020585792888954266
mis-scaled dual,2025,1461,0.020601229154676184
mis-scaled dual,2025,1462,0.020642525590300546
mis-scaled dual,2025,1463,0.02065791251827775
mis-scaled dual,2025,1464,0.020678863526806222
mis-scaled dual,2025,1465,0.020688871467143283
mis-scaled dual,2025,1466,0.02070950814685224
mis-scaled dual,2025,1467,0.02072428558939694
mis-scaled dual,2025,1468,0.02076435456049441
mis-scaled dual,2025,1469,0.02077872168280183
mis-scaled dual,2025,1470,0.020817860597923385
mis-scaled dual,2025,1471,0.020824047522902477
mis-scaled dual,2025,1472,0.020837118378296483
mis-scaled dual,2025,1473,0.020843900632604946
mis-scaled dual,2025,1474,0.020853657164275636
mis-scaled dual,2025,1475,0.020863128212049595
mis-scaled dual,2025,1476,0.02087503082571923
mis-scaled dual,2025,1477,0.020892875687196843
mis-scaled dual,2025,1478,0.02090280409444868
mis-scaled dual,2025,1479,0.020907411725446575
mis-scaled dual,2025,1480,0.02091418375755846
mis-scaled dual,2025,1481,0.02092525956539809
mis-scaled dual,2025,1482,0.020932616071343415
mis-scaled dual,2025,1483,0.020969610355466597
mis-scaled dual,2025,1484,0.020979838857203715
mis-scaled dual,2025,1485,0.020987568898007267
mis-scaled dual,2025,1486,0.020995417017474764
mis-scaled dual,2025,1487,0.021034180397257202
mis-scaled dual,2025,1488,0.0210411867724806
mis-scaled dual,2025,1489,0.021051261091902845
mis-scaled dual,2025,1490,0.021067981936439863
mis-scaled dual,2025,1491,0.021082949808374038
mis-scaled dual,2025,1492,0.02108437255551665
mis-scaled dual,2025,1493,0.021091086385555555
mis-scaled dual,2025,1494,0.021106455011181524
mis-scaled dual,2025,1495,0.02112115256115048
mis-scaled dual,2025,1496,0.021136712526999404
mis-scaled dual,2025,1497,0.02114686567170172
mis-scaled dual,2025,1498,0.021162434373356392
mis-scaled dual,2025,1499,0.021170977024771262
mis-scaled dual,2025,1500,0.02118599431454389
scaled dual,7,1,0.0
scaled dual,7,2,0.0
scaled dual,7,3,0.0
scaled dual,7,4,0.0
scaled dual,7,5,0.0
scaled dual,7,6,0.0
scaled dual,7,7,0.0
scaled dual,7,8,0.0
scaled dual,7,9,0.0
scaled dual,7,10,0.0
scaled dual,7,11,0.0
scaled dual,7,12,0.0
scaled dual,7,13,0.0
scaled dual,7,14,0.0
scaled dual,7,15,0.0
scaled dual,7,16,0.0
scaled dual,7,17,0.0
scaled dual,7,18,0.0
scaled dual,7,19,0.0
scaled dual,7,20,0.0
scaled dual,7,21,0.0
scaled dual,7,22,0.0
scaled dual,7,23,0.0
scaled dual,7,24,0.0
scaled dual,7,25,0.0
scaled dual,7,26,0.0
scaled dual,7,27,0.0
scaled dual,7,28,0.0
scaled dual,7,29,0.0
scaled dual,7,30,0.0
scaled dual,7,31,0.0
scaled dual,7,32,0.0
scaled dual,7,33,0.0
scaled dual,7,34,0.0
scaled dual,7,35,0.0
scaled dual,7,36,0.0
scaled dual,7,37,0.0
scaled dual,7,38,0.0
scaled dual,7,39,0.0
scaled dual,7,40,0.0
scaled dual,7,41,0.0
scaled dual,7,42,0.0
scaled dual,7,43,0.0
scaled dual,7,44,0.0
scaled dual,7,45,0.0
scaled dual,7,46,0.0
scaled dual,7,47,0.0
scaled dual,7,48,0.0
scaled dual,7,49,0.0
scaled dual,7,50,0.0
scaled dual,7,51,0.0
scaled dual,7,52,0.0
scaled dual,7,53,0.0
scaled dual,7,54,0.0
scaled dual,7,55,0.0
scaled dual,7,56,0.0
scaled dual,7,57,0.0
scaled dual,7,58,0.0
scaled dual,7,59,0.0
scaled dual,7,60,0.0
scaled dual,7,61,0.0
scaled dual,7,62,0.0
scaled dual,7,63,0.0
scaled dual,7,64,0.0
scaled dual,7,65,0.0
scaled dual,7,66,0.0
scaled dual,7,67,0.0
scaled dual,7,68,0.0
scaled dual,7,69,0.0
scaled dual,7,70,0.0
scaled dual,7,71,0.0
scaled dual,7,72,0.0
scaled dual,7,73,0.0
scaled dual,7,74,0.0
scaled dual,7,75,0.0
scaled dual,7,76,0.0
scaled dual,7,77,0.0
scaled dual,7,78,0.0
scaled dual,7,79,0.0
scaled dual,7,80,0.0
scaled dual,7,81,0.0
scaled dual,7,82,0.0
scaled dual,7,83,0.0
scaled dual,7,84,0.0
scaled dual,7,85,0.0
scaled dual,7,86,0.0
scaled dual,7,87,0.0
scaled dual,7,88,0.0
scaled dual,7,89,0.0
scaled dual,7,90,0.0
scaled dual,7,91,0.0
scaled dual,7,92,0.0
scaled dual,7,93,0.0
scaled dual,7,94,0.0
scaled dual,7,95,0.0
scaled dual,7,96,0.0
scaled dual,7,97,0.0
scaled dual,7,98,0.0
scaled dual,7,99,0.0
scaled dual,7,100,0.0
scaled dual,7,101,0.0
scaled dual,7,102,0.0
scaled dual,7,103,0.0
scaled dual,7,104,0.0
scaled dual,7,105,0.0
scaled dual,7,106,0.0
scaled dual,7,107,0.0
scaled dual,7,108,0.0
scaled dual,7,109,0.0
scaled dual,7,110,0.0
scaled dual,7,111,0.0
scaled dual,7,112,0.0
scaled dual,7,113,0.0
scaled dual,7,114,0.0
scaled dual,7,115,0.0
scaled dual,7,116,0.0
scaled dual,7,117,0.0
scaled dual,7,118,0.0
scaled dual,7,119,0.0
scaled dual,7,120,0.0
scaled dual,7,121,0.0
scaled dual,7,122,0.0
scaled dual,7,123,0.0
scaled dual,7,124,0.0
scaled dual,7,125,0.0
scaled dual,7,126,0.0
scaled dual,7,127,0.0
scaled dual,7,128,0.0
scaled dual,7,129,0.0
scaled dual,7,130,0.0
scaled dual,7,131,0.0
scaled dual,7,132,0.0
scaled dual,7,133,0.0
scaled dual,7,134,0.0
scaled dual,7,135,0.0
scaled dual,7,136,0.0
scaled dual,7,137,0.0
scaled dual,7,138,0.0
scaled dual,7,139,0.0
scaled dual,7,140,0.0
scaled dual,7,141,0.0
scaled dual,7,142,0.0
scaled dual,7,143,0.0
scaled dual,7,144,0.0
scaled dual,7,145,0.0
scaled dual,7,146,0.0
scaled dual,7,147,0.0
scaled dual,7,148,0.0
scaled dual,7,149,0.0
scaled dual,7,150,0.0
scaled dual,7,151,0.0
scaled dual,7,152,0.0
scaled dual,7,153,0.0
scaled dual,7,154,0.0
scaled dual,7,155,0.0
scaled dual,7,156,0.0
scaled dual,7,157,0.0
scaled dual,7,158,0.0
scaled dual,7,159,0.0
scaled dual,7,160,0.0
scaled dual,7,161,0.0
scaled dual,7,162,0.0
scaled dual,7,163,0.0
scaled dual,7,164,0.0
scaled dual,7,165,0.0
scaled dual,7,166,0.0
scaled dual,7,167,0.0
scaled dual,7,168,0.0
scaled dual,7,169,0.0
scaled dual,7,170,0.0
scaled dual,7,171,0.0
scaled dual,7,172,0.0
scaled dual,7,173,0.0
scaled dual,7,174,0.0
scaled dual,7,175,0.0
scaled dual,7,176,0.0
scaled dual,7,177,0.0
scaled dual,7,178,0.0
scaled dual,7,179,0.0
scaled dual,7,180,0.0
scaled dual,7,181,0.0
scaled dual,7,182,0.0
scaled dual,7,183,0.0
scaled dual,7,184,0.0
scaled dual,7,185,0.0
scaled dual,7,186,0.0
scaled dual,7,187,0.0
scaled dual,7,188,0.0
scaled dual,7,189,0.0
scaled dual,7,190,0.0
scaled dual,7,191,0.0
scaled dual,7,192,0.0
scaled dual,7,193,0.0
scaled dual,7,194,0.0
scaled dual,7,195,0.0
scaled dual,7,196,0.0
scaled dual,7,197,0.0
scaled dual,7,198,0.0
scaled dual,7,199,0.0
scaled dual,7,200,0.0
scaled dual,7,201,0.0
scaled dual,7,202,0.0
scaled dual,7,203,0.0
scaled dual,7,204,0.0
scaled dual,7,205,0.0
scaled dual,7,206,0.0
scaled dual,7,207,0.0
scaled dual,7,208,0.0
scaled dual,7,209,0.0
scaled dual,7,210,0.0
scaled dual,7,211,0.0
scaled dual,7,212,0.0
scaled dual,7,213,0.0
scaled dual,7,214,0.0
scaled dual,7,215,0.0
scaled dual,7,216,0.0
scaled dual,7,217,0.0
scaled dual,7,218,0.0
scaled dual,7,219,0.0
scaled dual,7,220,0.0
scaled dual,7,221,0.0
scaled dual,7,222,0.0
scaled dual,7,223,0.0
scaled dual,7,224,0.0
scaled dual,7,225,0.0
scaled dual,7,226,0.0
scaled dual,7,227,0.0
scaled dual,7,228,0.0
scaled dual,7,229,0.0
scaled dual,7,230,0.0
scaled dual,7,231,0.0
scaled dual,7,232,0.0
scaled dual,7,233,0.0
scaled dual,7,234,0.0
scaled dual,7,235,0.0
scaled dual,7,236,0.0
scaled dual,7,237,0.0
scaled dual,7,238,0.0
scaled dual,7,239,0.0
scaled dual,7,240,0.0
scaled dual,7,241,0.0
scaled dual,7,242,0.0
scaled dual,7,243,0.0
scaled dual,7,244,0.0
scaled dual,7,245,0.0
scaled dual,7,246,0.0
scaled dual,7,247,0.0
scaled dual,7,248,0.0
scaled dual,7,249,0.0
scaled dual,7,250,0.0
scaled dual,7,251,0.0
scaled dual,7,252,0.0
scaled dual,7,253,0.0
scaled dual,7,254,0.0
scaled dual,7,255,0.0
scaled dual,7,256,0.0
scaled dual,7,257,0.0
scaled dual,7,258,0.0
scaled dual,7,259,0.0
scaled dual,7,260,0.0
scaled dual,7,261,0.0
scaled dual,7,262,0.0
scaled dual,7,263,0.0
scaled dual,7,264,0.0
scaled dual,7,265,0.0
scaled dual,7,266,0.0
scaled dual,7,267,0.0
scaled dual,7,268,0.0
scaled dual,7,269,0.0
scaled dual,7,270,0.0
scaled dual,7,271,0.0
scaled dual,7,272,0.0
scaled dual,7,273,0.0
scaled dual,7,274,0.0
scaled dual,7,275,0.0
scaled dual,7,276,0.0
scaled dual,7,277,0.0
scaled dual,7,278,0.0
scaled dual,7,279,0.0
scaled dual,7,280,0.0
scaled dual,7,281,0.0
scaled dual,7,282,0.0
scaled dual,7,283,0.0
scaled dual,7,284,0.0
scaled dual,7,285,0.0
scaled dual,7,286,0.0
scaled dual,7,287,0.0
scaled dual,7,288,0.0
scaled dual,7,289,0.0
scaled dual,7,290,0.0
scaled dual,7,291,0.0
scaled dual,7,292,0.0
scaled dual,7,293,0.0
scaled dual,7,294,0.0
scaled dual,7,295,0.0
scaled dual,7,296,0.0
scaled dual,7,297,0.0
scaled dual,7,298,0.0
scaled dual,7,299,0.0
scaled dual,7,300,0.0
scaled dual,7,301,0.0
scaled dual,7,302,0.0
scaled dual,7,303,0.0
scaled dual,7,304,0.0
scaled dual,7,305,0.0
scaled dual,7,306,0.0
scaled dual,7,307,0.0
scaled dual,7,308,0.0
scaled dual,7,309,0.0
scaled dual,7,310,0.0
scaled dual,7,311,0.0
scaled dual,7,312,0.0
scaled dual,7,313,0.0
scaled dual,7,314,0.0
scaled dual,7,315,0.0
scaled dual,7,316,0.0
scaled dual,7,317,0.0
scaled dual,7,318,0.0
scaled dual,7,319,0.0
scaled dual,7,320,0.07119613751769066
scaled dual,7,321,0.04544404905289412
scaled dual,7,322,0.039951840117573745
scaled dual,7,323,0.023017644174396997
scaled dual,7,324,0.0014023089781403583
scaled dual,7,325,0.0015592746064066916
scaled dual,7,326,0.00710621375590563
scaled dual,7,327,0.014236289523541928
scaled dual,7,328,0.06099506285041571
scaled dual,7,329,0.08507153075188399
scaled dual,7,330,0.10485806610435248
scaled dual,7,331,0.10704315427690746
scaled dual,7,332,0.12686127077788115
scaled dual,7,333,0.18561898063868285
scaled dual,7,334,0.2137853702530265
scaled dual,7,335,0.2368842102214694
scaled dual,7,336,0.27205180797725914
scaled dual,7,337,0.3154029185697436
scaled dual,7,338,0.3506148286536336
scaled dual,7,339,0.401255158893764
scaled dual,7,340,0.4344542294368148
scaled dual,7,341,0.4446962311118841
scaled dual,7,342,0.4408871176466346
scaled dual,7,343,0.43562649603933096
scaled dual,7,344,0.423157824203372
scaled dual,7,345,0.4040716491267085
scaled dual,7,346,0.38693335849791766
scaled dual,7,347,0.3934475599601865
scaled dual,7,348,0.3714604640752077
scaled dual,7,349,0.35163388289511205
scaled dual,7,350,0.4048574970662594
scaled dual,7,351,0.38107276467606427
scaled dual,7,352,0.35042887412011625
scaled dual,7,353,0.39757731281220915
scaled dual,7,354,0.36748026227578523
scaled dual,7,355,0.33685419024899604
scaled dual,7,356,0.30643581945449117
scaled dual,7,357,0.2748919336870313
scaled dual,7,358,0.24126714732497934
scaled dual,7,359,0.20987794958055023
scaled dual,7,360,0.19447797719389204
scaled dual,7,361,0.16169599818065766
scaled dual,7,362,0.12894634071737532
scaled dual,7,363,0.09391486611217265
scaled dual,7,364,0.06088324841111903
scaled dual,7,365,0.026029286216944503
scaled dual,7,366,0.0
scaled dual,7,367,0.0
scaled dual,7,368,0.0
scaled dual,7,369,0.0
scaled dual,7,370,0.0
scaled dual,7,371,0.0
scaled dual,7,372,0.02796175941824913
scaled dual,7,373,0.0
scaled dual,7,374,0.029775342494249343
scaled dual,7,375,0.0
scaled dual,7,376,0.031579779982566836
scaled dual,7,377,0.0
scaled dual,7,378,0.0
scaled dual,7,379,0.0
scaled dual,7,380,0.0
scaled dual,7,381,0.0
scaled dual,7,382,0.0
scaled dual,7,383,0.0
scaled dual,7,384,0.0
scaled dual,7,385,0.0
scaled dual,7,386,0.044073360562324526
scaled dual,7,387,0.014138683788478375
scaled dual,7,388,0.00125530332326889
scaled dual,7,389,0.009624820426106451
scaled dual,7,390,0.0
scaled dual,7,391,0.011496157906949519
scaled dual,7,392,0.002861810959875581
scaled dual,7,393,0.016530963294208046
scaled dual,7,394,0.0718055360391736
scaled dual,7,395,0.06497557070106268
scaled dual,7,396,0.044401072300970554
scaled dual,7,397,0.04085543930530548
scaled dual,7,398,0.05364331834018231
scaled dual,7,399,0.05327466413378716
scaled dual,7,400,0.053168046846985825
scaled dual,7,401,0.05674699429422618
scaled dual,7,402,0.06587714582681657
scaled dual,7,403,0.06763433784246446
scaled dual,7,404,0.07232246253639461
scaled dual,7,405,0.057988277077674885
scaled dual,7,406,0.07219290263950827
scaled dual,7,407,0.05468158006668093
scaled dual,7,408,0.04102033570408824
scaled dual,7,409,0.04874295614659789
scaled dual,7,410,0.053971513360738785
scaled dual,7,411,0.02979405853897336
scaled dual,7,412,0.10514070961624387
scaled dual,7,413,0.09052706684917215
scaled dual,7,414,0.10450111091136936
scaled dual,7,415,0.11167489830404524
scaled dual,7,416,0.13380998704582456
scaled dual,7,417,0.13586044322699312
scaled dual,7,418,0.13731946300715211
scaled dual,7,419,0.217403882406652
scaled dual,7,420,0.296994104795158
scaled dual,7,421,0.302944469600916
scaled dual,7,422,0.27787047710269697
scaled dual,7,423,0.27844602100551136
scaled dual,7,424,0.25892645496875055
scaled dual,7,425,0.2548197280615569
scaled dual,7,426,0.2750757524371148
scaled dual,7,427,0.256036073639989
scaled dual,7,428,0.25221760503947743
scaled dual,7,429,0.2582906064018608
scaled dual,7,430,0.25761644579470167
scaled dual,7,431,0.23605014007538566
scaled dual,7,432,0.214140893444419
scaled dual,7,433,0.20878292068839083
scaled dual,7,434,0.20203158225864182
scaled dual,7,435,0.19516377728432427
scaled dual,7,436,0.19317391399294148
scaled dual,7,437,0.17131269799545418
scaled dual,7,438,0.1774557767249645
scaled dual,7,439,0.17509478138759743
scaled dual,7,440,0.17451141076162469
scaled dual,7,441,0.17155664140358579
scaled dual,7,442,0.16339032130315911
scaled dual,7,443,0.15736794302240026
scaled dual,7,444,0.1529158444516362
scaled dual,7,445,0.15301730791106832
scaled dual,7,446,0.15354663493111742
scaled dual,7,447,0.13538847157731665
scaled dual,7,448,0.1325784809701146
scaled dual,7,449,0.12733724949881448
scaled dual,7,450,0.131532485689968
scaled dual,7,451,0.13756318172439946
scaled dual,7,452,0.15708636699244394
scaled dual,7,453,0.15457444617524757
scaled dual,7,454,0.157186205815524
scaled dual,7,455,0.2342636453919114
scaled dual,7,456,0.23182755285874024
scaled dual,7,457,0.22181706504896298
scaled dual,7,458,0.22712484056130067
scaled dual,7,459,0.22985626118257657
scaled dual,7,460,0.23538908148184434
scaled dual,7,461,0.21131434222683326
scaled dual,7,462,0.1871276952512564
scaled dual,7,463,0.2605888558365406
scaled dual,7,464,0.259941936414689
scaled dual,7,465,0.2393674845807256
scaled dual,7,466,0.23638762539252656
scaled dual,7,467,0.2303468628041448
scaled dual,7,468,0.22241457475349324
scaled dual,7,469,0.22138142189010995
scaled dual,7,470,0.2128101254813375
scaled dual,7,471,0.18714114125818032
scaled dual,7,472,0.2555247963592412
scaled dual,7,473,0.24988114971667547
scaled dual,7,474,0.24873236384242792
scaled dual,7,475,0.24775337669998426
scaled dual,7,476,0.24179543197155018
scaled dual,7,477,0.23606061816215534
scaled dual,7,478,0.2366534986346962
scaled dual,7,479,0.2337909721210601
scaled dual,7,480,0.24839102793484946
scaled dual,7,481,0.2426944961398842
scaled dual,7,482,0.22289992451667806
scaled dual,7,483,0.21721222165972015
scaled dual,7,484,0.20976369049400112
scaled dual,7,485,0.2046954894438388
scaled dual,7,486,0.20368869300931713
scaled dual,7,487,0.22112574364990017
scaled dual,7,488,0.22409897286444924
scaled dual,7,489,0.23074773181229852
scaled dual,7,490,0.2510500429198148
scaled dual,7,491,0.25327623501420043
scaled dual,7,492,0.23470587294548773
scaled dual,7,493,0.23831893939524912
scaled dual,7,494,0.2399627056345346
scaled dual,7,495,0.23590533882379555
scaled dual,7,496,0.2348283672332766
scaled dual,7,497,0.23397624485194707
scaled dual,7,498,0.2354391482472422
scaled dual,7,499,0.2327072443813088
scaled dual,7,500,0.20612368974834705
scaled dual,7,501,0.18474951820448066
scaled dual,7,502,0.15803649110719586
scaled dual,7,503,0.15538380553945924
scaled dual,7,504,0.15273177655413772
scaled dual,7,505,0.1318573270924392
scaled dual,7,506,0.12672299282625343
scaled dual,7,507,0.12696544455364372
scaled dual,7,508,0.11921231037005808
scaled dual,7,509,0.11509354146197465
scaled dual,7,510,0.09101904900744584
scaled dual,7,511,0.09364452237263349
scaled dual,7,512,0.09178966360166696
scaled dual,7,513,0.09819063952192691
scaled dual,7,514,0.17815354926511673
scaled dual,7,515,0.15562316635623602
scaled dual,7,516,0.16202892461791663
scaled dual,7,517,0.17210543492808966
scaled dual,7,518,0.17763052524998812
scaled dual,7,519,0.17670974576845794
scaled dual,7,520,0.16209527878090768
scaled dual,7,521,0.15901981001719862
scaled dual,7,522,0.2403632285259667
scaled dual,7,523,0.23715765399858385
scaled dual,7,524,0.24461684985086352
scaled dual,7,525,0.23975462475791604
scaled dual,7,526,0.2542756904475394
scaled dual,7,527,0.2557075156085196
scaled dual,7,528,0.26035214288160236
scaled dual,7,529,0.2653507239557806
scaled dual,7,530,0.2784183583222333
scaled dual,7,531,0.27935923678800495
scaled dual,7,532,0.3529927479289475
scaled dual,7,533,0.3535119607858363
scaled dual,7,534,0.345006588045508
scaled dual,7,535,0.34178283410146865
scaled dual,7,536,0.32896850654855403
scaled dual,7,537,0.32418186759576234
scaled dual,7,538,0.30084731791168484
scaled dual,7,539,0.29382186796516213
scaled dual,7,540,0.2881084466353062
scaled dual,7,541,0.2775452980399135
scaled dual,7,542,0.27486902672797475
scaled dual,7,543,0.26559733849018846
scaled dual,7,544,0.2538809378072623
scaled dual,7,545,0.31413479875773226
scaled dual,7,546,0.3056199032440785
scaled dual,7,547,0.2937050190940503
scaled dual,7,548,0.28342731621116435
scaled dual,7,549,0.2739009298756722
scaled dual,7,550,0.24539136290550267
scaled dual,7,551,0.2224153887107972
scaled dual,7,552,0.21634528946131504
scaled dual,7,553,0.21083871021866835
scaled dual,7,554,0.22542366463691033
scaled dual,7,555,0.2212378684431318
scaled dual,7,556,0.21754755448550023
scaled dual,7,557,0.2815800146386031
scaled dual,7,558,0.2822921276837591
scaled dual,7,559,0.2807600653171543
scaled dual,7,560,0.27876810654997863
scaled dual,7,561,0.27219636902213135
scaled dual,7,562,0.269100988581777
scaled dual,7,563,0.24363176140934267
scaled dual,7,564,0.21725249471142927
scaled dual,7,565,0.21490194415673652
scaled dual,7,566,0.2789186649583284
scaled dual,7,567,0.269044187497348
scaled dual,7,568,0.265068157743663
scaled dual,7,569,0.278278792034835
scaled dual,7,570,0.27829414075240533
scaled dual,7,571,0.2806532977707688
scaled dual,7,572,0.26990488117560785
scaled dual,7,573,0.2555314544402067
scaled dual,7,574,0.24326321253553074
scaled dual,7,575,0.24005711181089323
scaled dual,7,576,0.2373266654647891
scaled dual,7,577,0.2270832026563589
scaled dual,7,578,0.22403528241440696
scaled dual,7,579,0.2206940886937086
scaled dual,7,580,0.21392989335581702
scaled dual,7,581,0.21235851055011196
scaled dual,7,582,0.22119035480544014
scaled dual,7,583,0.21493794450536413
scaled dual,7,584,0.20669443173334046
scaled dual,7,585,0.27214082581922455
scaled dual,7,586,0.27483549645170613
scaled dual,7,587,0.27228137275204106
scaled dual,7,588,0.26923558989539786
scaled dual,7,589,0.2783887590654199
scaled dual,7,590,0.27668144041672393
scaled dual,7,591,0.2705352521128957
scaled dual,7,592,0.27866151241585657
scaled dual,7,593,0.2743796130456035
scaled dual,7,594,0.28617604332044766
scaled dual,7,595,0.2865683029405777
scaled dual,7,596,0.2850093626044695
scaled dual,7,597,0.29808032644912646
scaled dual,7,598,0.2958843381889169
scaled dual,7,599,0.2913064319081609
scaled dual,7,600,0.2671178338117902
scaled dual,7,601,0.24317996172234463
scaled dual,7,602,0.23376562280580448
scaled dual,7,603,0.22511978799477267
scaled dual,7,604,0.21669934256002354
scaled dual,7,605,0.2070683314464991
scaled dual,7,606,0.20222922177985359
scaled dual,7,607,0.19618449175730396
scaled dual,7,608,0.19236708486452747
scaled dual,7,609,0.17051363376900602
scaled dual,7,610,0.1679902716539805
scaled dual,7,611,0.1626292255334561
scaled dual,7,612,0.15688317066058566
scaled dual,7,613,0.15809921769425322
scaled dual,7,614,0.13788858702406337
scaled dual,7,615,0.11473328666761567
scaled dual,7,616,0.1122575337626045
scaled dual,7,617,0.10897463152185133
scaled dual,7,618,0.18313696624711207
scaled dual,7,619,0.16161429066211036
scaled dual,7,620,0.1693246176466351
scaled dual,7,621,0.17041901532560638
scaled dual,7,622,0.17385519567877106
scaled dual,7,623,0.19543196585029415
scaled dual,7,624,0.1776525713875895
scaled dual,7,625,0.1976856650784617
scaled dual,7,626,0.20098413076251798
scaled dual,7,627,0.278215676285327
scaled dual,7,628,0.2834447177872067
scaled dual,7,629,0.29094862643629366
scaled dual,7,630,0.27092229519039446
scaled dual,7,631,0.3417789097502833
scaled dual,7,632,0.34593294423073584
scaled dual,7,633,0.3367377687990671
scaled dual,7,634,0.3251425983756786
scaled dual,7,635,0.2968990916386252
scaled dual,7,636,0.27254443174228127
scaled dual,7,637,0.27097670437768157
scaled dual,7,638,0.26835547888651545
scaled dual,7,639,0.32755085447803195
scaled dual,7,640,0.3217740287072962
scaled dual,7,641,0.32146118866279777
scaled dual,7,642,0.32768986990675386
scaled dual,7,643,0.33092016743496117
scaled dual,7,644,0.32674111867323574
scaled dual,7,645,0.29753311565145907
scaled dual,7,646,0.2887651797942823
scaled dual,7,647,0.2747324774228042
scaled dual,7,648,0.2683529881574219
scaled dual,7,649,0.2377209370397037
scaled dual,7,650,0.22381220767274557
scaled dual,7,651,0.20985257687047182
scaled dual,7,652,0.21270770041272102
scaled dual,7,653,0.201127189006657
scaled dual,7,654,0.2105669587291783
scaled dual,7,655,0.20280873952433526
scaled dual,7,656,0.2085284855775541
scaled dual,7,657,0.21841784661635816
scaled dual,7,658,0.22200371844694078
scaled dual,7,659,0.21255489265546262
scaled dual,7,660,0.20326241729781092
scaled dual,7,661,0.19552914356812895
scaled dual,7,662,0.1884483358077711
scaled dual,7,663,0.19437336863949956
scaled dual,7,664,0.1843666666559881
scaled dual,7,665,0.18366215424612226
scaled dual,7,666,0.17692257376387777
scaled dual,7,667,0.17072066443041028
scaled dual,7,668,0.16431560104712906
scaled dual,7,669,0.15554242650047007
scaled dual,7,670,0.14315250264480772
scaled dual,7,671,0.13900710722431603
scaled dual,7,672,0.13515500856563512
scaled dual,7,673,0.1344075249321765
scaled dual,7,674,0.1344156652130193
scaled dual,7,675,0.1357209888286895
scaled dual,7,676,0.20776226432994072
scaled dual,7,677,0.20364432895556156
scaled dual,7,678,0.19920274967327778
scaled dual,7,679,0.20136338131502335
scaled dual,7,680,0.27179679358378117
scaled dual,7,681,0.2885312405042357
scaled dual,7,682,0.27324235161766475
scaled dual,7,683,0.2575645889900631
scaled dual,7,684,0.24225988624617523
scaled dual,7,685,0.23928595026955074
scaled dual,7,686,0.2384872066415853
scaled dual,7,687,0.2341802267543978
scaled dual,7,688,0.23249881749972767
scaled dual,7,689,0.23278474336490101
scaled dual,7,690,0.30308310454711385
scaled dual,7,691,0.31718399940058656
scaled dual,7,692,0.326817186195404
scaled dual,7,693,0.31151969188824363
scaled dual,7,694,0.3055244802869863
scaled dual,7,695,0.2986401303671307
scaled dual,7,696,0.2907239262573428
scaled dual,7,697,0.28877404464408823
scaled dual,7,698,0.28147155417129466
scaled dual,7,699,0.3498700918070979
scaled dual,7,700,0.33393603852018783
scaled dual,7,701,0.3322111225314445
scaled dual,7,702,0.3269244332052774
scaled dual,7,703,0.3240481929667301
scaled dual,7,704,0.3336872191540904
scaled dual,7,705,0.3331688548438258
scaled dual,7,706,0.39766454553231667
scaled dual,7,707,0.410182708892972
scaled dual,7,708,0.40662331560626697
scaled dual,7,709,0.40449198907241296
scaled dual,7,710,0.41216436000540924
scaled dual,7,711,0.4037208270840354
scaled dual,7,712,0.3950405379943557
scaled dual,7,713,0.3920774984918542
scaled dual,7,714,0.3849355587176986
scaled dual,7,715,0.3836877546273179
scaled dual,7,716,0.37601741967722846
scaled dual,7,717,0.3839841583929963
scaled dual,7,718,0.37517453653737975
scaled dual,7,719,0.36635421378538086
scaled dual,7,720,0.3600677357055254
scaled dual,7,721,0.3527690776251264
scaled dual,7,722,0.34137816486880257
scaled dual,7,723,0.3301688367314644
scaled dual,7,724,0.32540421424433663
scaled dual,7,725,0.3222691035829492
scaled dual,7,726,0.3084881190769382
scaled dual,7,727,0.3056653041578837
scaled dual,7,728,0.2986790209822364
scaled dual,7,729,0.2950443023256965
scaled dual,7,730,0.2886631553061314
scaled dual,7,731,0.2828617798723288
scaled dual,7,732,0.28189493717625813
scaled dual,7,733,0.28980517720803695
scaled dual,7,734,0.27265001101419406
scaled dual,7,735,0.28495588405057865
scaled dual,7,736,0.2868022315762945
scaled dual,7,737,0.2829519396834083
scaled dual,7,738,0.27671342937275845
scaled dual,7,739,0.2581437145732351
scaled dual,7,740,0.25449014594778496
scaled dual,7,741,0.24796990590170104
scaled dual,7,742,0.24939540738239963
scaled dual,7,743,0.2276855801977225
scaled dual,7,744,0.24401459446176965
scaled dual,7,745,0.2446673915721484
scaled dual,7,746,0.25758885951712807
scaled dual,7,747,0.27011207530275066
scaled dual,7,748,0.2820301735587426
scaled dual,7,749,0.2757076300121852
scaled dual,7,750,0.2723469669930645
scaled dual,7,751,0.27057092605158767
scaled dual,7,752,0.2807733372040101
scaled dual,7,753,0.2810498473979541
scaled dual,7,754,0.2765350149385639
scaled dual,7,755,0.27274731723591766
scaled dual,7,756,0.2639398001693197
scaled dual,7,757,0.25642553159967146
scaled dual,7,758,0.2471667747758337
scaled dual,7,759,0.24182951463386498
scaled dual,7,760,0.22786121787503444
scaled dual,7,761,0.22628279892727815
scaled dual,7,762,0.29227651266381227
scaled dual,7,763,0.2876547876559206
scaled dual,7,764,0.26681499270722353
scaled dual,7,765,0.24168389616534197
scaled dual,7,766,0.23773201560601676
scaled dual,7,767,0.2459300948493191
scaled dual,7,768,0.31422590760514224
scaled dual,7,769,0.3047679082863041
scaled dual,7,770,0.29451162582263435
scaled dual,7,771,0.2809680726937958
scaled dual,7,772,0.27140644511208023
scaled dual,7,773,0.2670181840471932
scaled dual,7,774,0.25716464271769013
scaled dual,7,775,0.26841621203348126
scaled dual,7,776,0.264138647969813
scaled dual,7,777,0.26279914120212283
scaled dual,7,778,0.2615948112495252
scaled dual,7,779,0.27039561918005434
scaled dual,7,780,0.2664881068281838
scaled dual,7,781,0.2653987905569383
scaled dual,7,782,0.2615545336343357
scaled dual,7,783,0.23971623515710322
scaled dual,7,784,0.23616620631888596
scaled dual,7,785,0.2329982525669047
scaled dual,7,786,0.23015401722863404
scaled dual,7,787,0.24028977362439125
scaled dual,7,788,0.23796704167500227
scaled dual,7,789,0.21215929504484027
scaled dual,7,790,0.19156407006085008
scaled dual,7,791,0.1659512422606358
scaled dual,7,792,0.15946061361581176
scaled dual,7,793,0.2299695747718224
scaled dual,7,794,0.2302581176534304
scaled dual,7,795,0.2336790243163714
scaled dual,7,796,0.22688015583902688
scaled dual,7,797,0.20564857443794698
scaled dual,7,798,0.19709686374291868
scaled dual,7,799,0.19983951611444445
scaled dual,7,800,0.20146463727578612
scaled dual,7,801,0.21404840299859734
scaled dual,7,802,0.188991849515588
scaled dual,7,803,0.18966722188517543
scaled dual,7,804,0.2013829809986064
scaled dual,7,805,0.20121981380507442
scaled dual,7,806,0.19962803503498527
scaled dual,7,807,0.1792319035343835
scaled dual,7,808,0.17240076472982857
scaled dual,7,809,0.15893437167629693
scaled dual,7,810,0.17285280181095097
scaled dual,7,811,0.16590099619701598
scaled dual,7,812,0.17739868147298787
scaled dual,7,813,0.1562973478622744
scaled dual,7,814,0.15519987786188816
scaled dual,7,815,0.15183477243408655
scaled dual,7,816,0.15388646261766648
scaled dual,7,817,0.1697218619473288
scaled dual,7,818,0.15838000660762286
scaled dual,7,819,0.158350051138551
scaled dual,7,820,0.16118719549849725
scaled dual,7,821,0.15763898739591337
scaled dual,7,822,0.15793040340766407
scaled dual,7,823,0.16102843916043735
scaled dual,7,824,0.1575932377390573
scaled dual,7,825,0.1604314996860931
scaled dual,7,826,0.17294408908113934
scaled dual,7,827,0.16936968287453152
scaled dual,7,828,0.16587355433032014
scaled dual,7,829,0.1620797657780359
scaled dual,7,830,0.15846064211800792
scaled dual,7,831,0.23561500893905857
scaled dual,7,832,0.23453297561034658
scaled dual,7,833,0.22717216571793059
scaled dual,7,834,0.22842974042520026
scaled dual,7,835,0.2269752246327708
scaled dual,7,836,0.2028806342370818
scaled dual,7,837,0.19773025328293542
scaled dual,7,838,0.19594223087653617
scaled dual,7,839,0.19248830987140636
scaled dual,7,840,0.18748735031113128
scaled dual,7,841,0.2576914150826643
scaled dual,7,842,0.2576043741963814
scaled dual,7,843,0.2576591411419223
scaled dual,7,844,0.2605492032505582
scaled dual,7,845,0.2693170097656558
scaled dual,7,846,0.33984348909929496
scaled dual,7,847,0.3378688622452329
scaled dual,7,848,0.33514431117102605
scaled dual,7,849,0.3350110068358491
scaled dual,7,850,0.39989437917247517
scaled dual,7,851,0.3950291785039018
scaled dual,7,852,0.40294719042256577
scaled dual,7,853,0.3961978031136106
scaled dual,7,854,0.3861283765546988
scaled dual,7,855,0.3753062644042085
scaled dual,7,856,0.36054244587198003
scaled dual,7,857,0.41520030612126096
scaled dual,7,858,0.40489752272144064
scaled dual,7,859,0.39320139693096384
scaled dual,7,860,0.3773242427967499
scaled dual,7,861,0.37932208856567845
scaled dual,7,862,0.36670124793425307
scaled dual,7,863,0.3673519914783548
scaled dual,7,864,0.41598031105473743
scaled dual,7,865,0.41444547334686027
scaled dual,7,866,0.3966298411227773
scaled dual,7,867,0.37415083928033815
scaled dual,7,868,0.3546978348679851
scaled dual,7,869,0.3963887232728313
scaled dual,7,870,0.39076557969674575
scaled dual,7,871,0.3683747019246231
scaled dual,7,872,0.40680774014443266
scaled dual,7,873,0.3852241816744219
scaled dual,7,874,0.35951786305755484
scaled dual,7,875,0.3499053806066524
scaled dual,7,876,0.3240680807828914
scaled dual,7,877,0.3582394614070665
scaled dual,7,878,0.33178251076489795
scaled dual,7,879,0.3072476329654466
scaled dual,7,880,0.338769130781294
scaled dual,7,881,0.31602898608893265
scaled dual,7,882,0.2887725555524241
scaled dual,7,883,0.250727237276734
scaled dual,7,884,0.22057296860963216
scaled dual,7,885,0.24918438140303006
scaled dual,7,886,0.21868544422090164
scaled dual,7,887,0.1860474267229449
scaled dual,7,888,0.1612727100774657
scaled dual,7,889,0.13095581153407804
scaled dual,7,890,0.10035426123067848
scaled dual,7,891,0.07581595150753967
scaled dual,7,892,0.046747823823244494
scaled dual,7,893,0.02613719476387016
scaled dual,7,894,0.003375021964312712
scaled dual,7,895,0.0
scaled dual,7,896,0.0
scaled dual,7,897,0.0
scaled dual,7,898,0.0
scaled dual,7,899,0.0
scaled dual,7,900,0.0
scaled dual,7,901,0.0
scaled dual,7,902,0.0
scaled dual,7,903,0.0
scaled dual,7,904,0.0
scaled dual,7,905,0.033337064608931544
scaled dual,7,906,0.019429308474063874
scaled dual,7,907,0.0
scaled dual,7,908,0.0
scaled dual,7,909,0.0
scaled dual,7,910,0.0
scaled dual,7,911,0.0
scaled dual,7,912,0.0
scaled dual,7,913,0.002356665730476378
scaled dual,7,914,0.0
scaled dual,7,915,0.0
scaled dual,7,916,0.0
scaled dual,7,917,0.0
scaled dual,7,918,0.0
scaled dual,7,919,0.0
scaled dual,7,920,0.0
scaled dual,7,921,0.0
scaled dual,7,922,0.0
scaled dual,7,923,0.04507338680326939
scaled dual,7,924,0.04280250623822213
scaled dual,7,925,0.034192708954215056
scaled dual,7,926,0.02254245080053807
scaled dual,7,927,0.07092934362590314
scaled dual,7,928,0.04925698820501567
scaled dual,7,929,0.045203165076673046
scaled dual,7,930,0.048480559587478655
scaled dual,7,931,0.053783287331461926
scaled dual,7,932,0.032991604506969474
scaled dual,7,933,0.011212221495807192
scaled dual,7,934,0.011255593709647675
scaled dual,7,935,0.029535817243158836
scaled dual,7,936,0.03718871887773277
scaled dual,7,937,0.05087949186563494
scaled dual,7,938,0.04884060375392439
scaled dual,7,939,0.05396543491631749
scaled dual,7,940,0.05931949250400069
scaled dual,7,941,0.056092148311436205
scaled dual,7,942,0.11901060696691278
scaled dual,7,943,0.12493976555764678
scaled dual,7,944,0.10497377004474405
scaled dual,7,945,0.10449815344065431
scaled dual,7,946,0.10418716672807936
scaled dual,7,947,0.09036605153232817
scaled dual,7,948,0.09087437257170682
scaled dual,7,949,0.0882637501880527
scaled dual,7,950,0.08946105435490613
scaled dual,7,951,0.09847500011324888
scaled dual,7,952,0.10588451456278568
scaled dual,7,953,0.11307197377085691
scaled dual,7,954,0.11993607778102165
scaled dual,7,955,0.10739168476313359
scaled dual,7,956,0.11066521894186741
scaled dual,7,957,0.08824634328484542
scaled dual,7,958,0.08704965483397252
scaled dual,7,959,0.11023920562118299
scaled dual,7,960,0.10017419818788774
scaled dual,7,961,0.07605030139908202
scaled dual,7,962,0.06018001111224301
scaled dual,7,963,0.06270403085276492
scaled dual,7,964,0.0468931216932834
scaled dual,7,965,0.037101564537733875
scaled dual,7,966,0.03639133380725988
scaled dual,7,967,0.03917057318612942
scaled dual,7,968,0.05618924578651795
scaled dual,7,969,0.05579840747639546
scaled dual,7,970,0.03299062548205266
scaled dual,7,971,0.01727486489340672
scaled dual,7,972,0.018586637917906136
scaled dual,7,973,0.02989963261410603
scaled dual,7,974,0.010352518055588095
scaled dual,7,975,0.008203459139913407
scaled dual,7,976,0.017549020927399482
scaled dual,7,977,0.0396651013754309
scaled dual,7,978,0.07512357911095031
scaled dual,7,979,0.07729063222184786
scaled dual,7,980,0.08008525704965004
scaled dual,7,981,0.10243304124102005
scaled dual,7,982,0.09301893515512356
scaled dual,7,983,0.08404643895104537
scaled dual,7,984,0.08950778955593715
scaled dual,7,985,0.08876590782776485
scaled dual,7,986,0.09359990091994415
scaled dual,7,987,0.09311976274475466
scaled dual,7,988,0.1059104916267098
scaled dual,7,989,0.14237911907956013
scaled dual,7,990,0.17144024891778836
scaled dual,7,991,0.19987441239878545
scaled dual,7,992,0.31762961922213445
scaled dual,7,993,0.32702426636591564
scaled dual,7,994,0.34963961021974693
scaled dual,7,995,0.35450364777818333
scaled dual,7,996,0.3517493782006205
scaled dual,7,997,0.37134097842499625
scaled dual,7,998,0.382323158029467
scaled dual,7,999,0.4821599047817291
scaled dual,7,1000,0.47865453286096465
scaled dual,7,1001,0.5004009620659055
scaled dual,7,1002,0.5084959904663265
scaled dual,7,1003,0.5004075196199119
scaled dual,7,1004,0.5096424589119851
scaled dual,7,1005,0.509560852292925
scaled dual,7,1006,0.5128895673342048
scaled dual,7,1007,0.4976815405301748
scaled dual,7,1008,0.48804655732586966
scaled dual,7,1009,0.48316216209903345
scaled dual,7,1010,0.47548277469351874
scaled dual,7,1011,0.4621539053879677
scaled dual,7,1012,0.44401023341342793
scaled dual,7,1013,0.4307687081955372
scaled dual,7,1014,0.39246287804096924
scaled dual,7,1015,0.37489068422466504
scaled dual,7,1016,0.35716394674032914
scaled dual,7,1017,0.3254211560823022
scaled dual,7,1018,0.3031389706395565
scaled dual,7,1019,0.285834615882486
scaled dual,7,1020,0.25528381567448366
scaled dual,7,1021,0.23558001540601242
scaled dual,7,1022,0.22108108829706896
scaled dual,7,1023,0.21092889975756396
scaled dual,7,1024,0.20176071405410756
scaled dual,7,1025,0.18505123693495978
scaled dual,7,1026,0.24311070632189502
scaled dual,7,1027,0.22452728245407333
scaled dual,7,1028,0.21499260734766712
scaled dual,7,1029,0.2071463641896843
scaled dual,7,1030,0.2027522311359643
scaled dual,7,1031,0.1892495584115385
scaled dual,7,1032,0.17794015966355792
scaled dual,7,1033,0.1600619984418153
scaled dual,7,1034,0.22355010055005542
scaled dual,7,1035,0.21943860527127973
scaled dual,7,1036,0.21563589930534355
scaled dual,7,1037,0.20998916532844297
scaled dual,7,1038,0.1939147198200225
scaled dual,7,1039,0.16383005587384097
scaled dual,7,1040,0.158852169830352
scaled dual,7,1041,0.13288090856745832
scaled dual,7,1042,0.1045485210604965
scaled dual,7,1043,0.09193672357127064
scaled dual,7,1044,0.0937882026843726
scaled dual,7,1045,0.08942845871672028
scaled dual,7,1046,0.07885829260572785
scaled dual,7,1047,0.06428648484870786
scaled dual,7,1048,0.06600109679624433
scaled dual,7,1049,0.05747073667123909
scaled dual,7,1050,0.06241174804046745
scaled dual,7,1051,0.06142974341288204
scaled dual,7,1052,0.07111945683136578
scaled dual,7,1053,0.06478872695937749
scaled dual,7,1054,0.059044581297785004
scaled dual,7,1055,0.14495751539245244
scaled dual,7,1056,0.17093670325353738
scaled dual,7,1057,0.15019571697339412
scaled dual,7,1058,0.14095140496268865
scaled dual,7,1059,0.14905409814789888
scaled dual,7,1060,0.14059563146904108
scaled dual,7,1061,0.1374109558202326
scaled dual,7,1062,0.13305088588967917
scaled dual,7,1063,0.11818964635953305
scaled dual,7,1064,0.2101395903341472
scaled dual,7,1065,0.22820001708343624
scaled dual,7,1066,0.24025161577388643
scaled dual,7,1067,0.2698839164339006
scaled dual,7,1068,0.29218099942430853
scaled dual,7,1069,0.2761458603851497
scaled dual,7,1070,0.29239064583554863
scaled dual,7,1071,0.312907105255872
scaled dual,7,1072,0.309649842325598
scaled dual,7,1073,0.30547370394691825
scaled dual,7,1074,0.31278208607807756
scaled dual,7,1075,0.3986474202759564
scaled dual,7,1076,0.38440918432548643
scaled dual,7,1077,0.3984183439053595
scaled dual,7,1078,0.41076469687744976
scaled dual,7,1079,0.39136318063363434
scaled dual,7,1080,0.3900533318333328
scaled dual,7,1081,0.3972706306166947
scaled dual,7,1082,0.3904464068822563
scaled dual,7,1083,0.3772750661335886
scaled dual,7,1084,0.3760668246261776
scaled dual,7,1085,0.376718899961561
scaled dual,7,1086,0.38076697321608666
scaled dual,7,1087,0.37929498115554455
scaled dual,7,1088,0.3762261992879212
scaled dual,7,1089,0.35001151358708743
scaled dual,7,1090,0.34165067745372657
scaled dual,7,1091,0.39887895075604324
scaled dual,7,1092,0.36742589222267275
scaled dual,7,1093,0.3536770197190345
scaled dual,7,1094,0.33638278378173714
scaled dual,7,1095,0.3208420280180872
scaled dual,7,1096,0.305693042408675
scaled dual,7,1097,0.3610495436005295
scaled dual,7,1098,0.344630667064339
scaled dual,7,1099,0.3985038694180549
scaled dual,7,1100,0.39048341771587736
scaled dual,7,1101,0.3595580931194127
scaled dual,7,1102,0.34247216144576675
scaled dual,7,1103,0.32498804280534394
scaled dual,7,1104,0.30910230653360493
scaled dual,7,1105,0.290782498177141
scaled dual,7,1106,0.28226596353575595
scaled dual,7,1107,0.2715640059672297
scaled dual,7,1108,0.26346650129184135
scaled dual,7,1109,0.22930540118366488
scaled dual,7,1110,0.21231627583503732
scaled dual,7,1111,0.21435841530561456
scaled dual,7,1112,0.19364199731498966
scaled dual,7,1113,0.1817292458936573
scaled dual,7,1114,0.1849323208630086
scaled dual,7,1115,0.1696767360717059
scaled dual,7,1116,0.22209943145513544
scaled dual,7,1117,0.27531048208475123
scaled dual,7,1118,0.2604392820596696
scaled dual,7,1119,0.24612968351691972
scaled dual,7,1120,0.23131413467228423
scaled dual,7,1121,0.23544673010706912
scaled dual,7,1122,0.22391250543296348
scaled dual,7,1123,0.21549101226031792
scaled dual,7,1124,0.267941423803568
scaled dual,7,1125,0.2630099315941335
scaled dual,7,1126,0.2515935518220068
scaled dual,7,1127,0.23722953610122216
scaled dual,7,1128,0.2230683344975115
scaled dual,7,1129,0.2750288983061911
scaled dual,7,1130,0.25987831547856344
scaled dual,7,1131,0.2508642683178188
scaled dual,7,1132,0.2445992618799211
scaled dual,7,1133,0.23347466547042145
scaled dual,7,1134,0.22037025887519135
scaled dual,7,1135,0.21093656241893782
scaled dual,7,1136,0.2085205398872496
scaled dual,7,1137,0.20530244838446393
scaled dual,7,1138,0.19664044115692392
scaled dual,7,1139,0.19204637642949834
scaled dual,7,1140,0.1847244725376369
scaled dual,7,1141,0.17783576402813212
scaled dual,7,1142,0.1750959718599917
scaled dual,7,1143,0.17025928828865305
scaled dual,7,1144,0.1597242749482395
scaled dual,7,1145,0.16101193137466924
scaled dual,7,1146,0.1531554343551399
scaled dual,7,1147,0.1446077516302468
scaled dual,7,1148,0.13737767148762958
scaled dual,7,1149,0.13616420060396212
scaled dual,7,1150,0.13320710293948668
scaled dual,7,1151,0.10933698456734436
scaled dual,7,1152,0.17122490685433167
scaled dual,7,1153,0.23355777781456727
scaled dual,7,1154,0.23214304346591252
scaled dual,7,1155,0.245028012879193
scaled dual,7,1156,0.24801653441041727
scaled dual,7,1157,0.2238329910673203
scaled dual,7,1158,0.22489589607343097
scaled dual,7,1159,0.23689584827050586
scaled dual,7,1160,0.22974752428010126
scaled dual,7,1161,0.2447177249379458
scaled dual,7,1162,0.2554481261409821
scaled dual,7,1163,0.3150501916743817
scaled dual,7,1164,0.30693819561973235
scaled dual,7,1165,0.3058579923398795
scaled dual,7,1166,0.31819861302152297
scaled dual,7,1167,0.3027764798142018
scaled dual,7,1168,0.2799359525181355
scaled dual,7,1169,0.2534377815388145
scaled dual,7,1170,0.3089358530752363
scaled dual,7,1171,0.301287194658071
scaled dual,7,1172,0.29663653345778607
scaled dual,7,1173,0.289215960595757
scaled dual,7,1174,0.27733198704198025
scaled dual,7,1175,0.2826184306107464
scaled dual,7,1176,0.2876934127323332
scaled dual,7,1177,0.26079054251313233
scaled dual,7,1178,0.25406521126627946
scaled dual,7,1179,0.24563053056597733
scaled dual,7,1180,0.23665358263999248
scaled dual,7,1181,0.23066323719918752
scaled dual,7,1182,0.22230812869966055
scaled dual,7,1183,0.1987963087484243
scaled dual,7,1184,0.18929583646357084
scaled dual,7,1185,0.17951767638325716
scaled dual,7,1186,0.18431957144290234
scaled dual,7,1187,0.17359942514449384
scaled dual,7,1188,0.16471046857535865
scaled dual,7,1189,0.16079163599759366
scaled dual,7,1190,0.13420088922604945
scaled dual,7,1191,0.11095454277470734
scaled dual,7,1192,0.09958441713824895
scaled dual,7,1193,0.08890457382425693
scaled dual,7,1194,0.14659441990777877
scaled dual,7,1195,0.12390231516212252
scaled dual,7,1196,0.12039054971188334
scaled dual,7,1197,0.11058819852769403
scaled dual,7,1198,0.1078793868049982
scaled dual,7,1199,0.10390703577548294
scaled dual,7,1200,0.0971314363926652
scaled dual,7,1201,0.09573227375745802
scaled dual,7,1202,0.09343960024416476
scaled dual,7,1203,0.10511375252157479
scaled dual,7,1204,0.1049967137351635
scaled dual,7,1205,0.12032518487423688
scaled dual,7,1206,0.09611320592463046
scaled dual,7,1207,0.09363654032349616
scaled dual,7,1208,0.16027292251586944
scaled dual,7,1209,0.15661364488303692
scaled dual,7,1210,0.15897226639092
scaled dual,7,1211,0.15804839491844208
scaled dual,7,1212,0.15261646118015082
scaled dual,7,1213,0.14550540871918233
scaled dual,7,1214,0.12806831721216472
scaled dual,7,1215,0.14470235824584993
scaled dual,7,1216,0.1438040003553036
scaled dual,7,1217,0.14590984228998455
scaled dual,7,1218,0.16373162694275412
scaled dual,7,1219,0.2372716332972053
scaled dual,7,1220,0.2288618887588385
scaled dual,7,1221,0.2291228831186894
scaled dual,7,1222,0.2259610760957006
scaled dual,7,1223,0.23164735507220063
scaled dual,7,1224,0.23716866422444616
scaled dual,7,1225,0.21846989139914547
scaled dual,7,1226,0.22306382678449188
scaled dual,7,1227,0.2197681793943051
scaled dual,7,1228,0.21457790989428793
scaled dual,7,1229,0.1899197505973283
scaled dual,7,1230,0.26629348283633625
scaled dual,7,1231,0.2849263423494998
scaled dual,7,1232,0.2913113274611536
scaled dual,7,1233,0.3063033816032115
scaled dual,7,1234,0.296460019629449
scaled dual,7,1235,0.36386147400364316
scaled dual,7,1236,0.3641180864907805
scaled dual,7,1237,0.4282226496376101
scaled dual,7,1238,0.42832542160525955
scaled dual,7,1239,0.48597500661388077
scaled dual,7,1240,0.47916219623759426
scaled dual,7,1241,0.47347359465435185
scaled dual,7,1242,0.45786961140111127
scaled dual,7,1243,0.44131254056468644
scaled dual,7,1244,0.42361068801954427
scaled dual,7,1245,0.4122858246602122
scaled dual,7,1246,0.4127730512432758
scaled dual,7,1247,0.4009865312837068
scaled dual,7,1248,0.3816246195323769
scaled dual,7,1249,0.3688747767545287
scaled dual,7,1250,0.3561176556907598
scaled dual,7,1251,0.3405650861002509
scaled dual,7,1252,0.34005570439621846
scaled dual,7,1253,0.31281390959397
scaled dual,7,1254,0.3027901038713757
scaled dual,7,1255,0.2866197926737372
scaled dual,7,1256,0.2865420556999747
scaled dual,7,1257,0.27440011044964235
scaled dual,7,1258,0.2589250129275028
scaled dual,7,1259,0.22740975834429306
scaled dual,7,1260,0.27015834979713005
scaled dual,7,1261,0.2567173120006923
scaled dual,7,1262,0.24343327656388325
scaled dual,7,1263,0.2372502497956161
scaled dual,7,1264,0.2282523098587994
scaled dual,7,1265,0.21440633766353173
scaled dual,7,1266,0.2580360627174382
scaled dual,7,1267,0.23923612497746988
scaled dual,7,1268,0.21967306151986166
scaled dual,7,1269,0.21242975194007202
scaled dual,7,1270,0.20572640921920582
scaled dual,7,1271,0.20053363446146294
scaled dual,7,1272,0.1944683222100143
scaled dual,7,1273,0.18664569739252374
scaled dual,7,1274,0.16381494432687804
scaled dual,7,1275,0.15523616008460567
scaled dual,7,1276,0.14946671038866088
scaled dual,7,1277,0.1227509754709904
scaled dual,7,1278,0.11700767731294082
scaled dual,7,1279,0.11464044211432384
scaled dual,7,1280,0.11017474623397039
scaled dual,7,1281,0.10610940730199264
scaled dual,7,1282,0.08651767307892488
scaled dual,7,1283,0.0862657741270964
scaled dual,7,1284,0.08810999823734211
scaled dual,7,1285,0.09729356577619958
scaled dual,7,1286,0.09741037277504849
scaled dual,7,1287,0.08222035774961162
scaled dual,7,1288,0.08336142400279689
scaled dual,7,1289,0.06855176577344585
scaled dual,7,1290,0.05082416215911556
scaled dual,7,1291,0.04656930373981644
scaled dual,7,1292,0.04828664446249653
scaled dual,7,1293,0.03426346020773102
scaled dual,7,1294,0.03624709399417092
scaled dual,7,1295,0.036690166573972005
scaled dual,7,1296,0.01927643729373862
scaled dual,7,1297,0.028600448276848094
scaled dual,7,1298,0.08522503828629902
scaled dual,7,1299,0.06789129564538648
scaled dual,7,1300,0.08099547045305422
scaled dual,7,1301,0.08016004202887467
scaled dual,7,1302,0.08323623826727322
scaled dual,7,1303,0.07241255683824471
scaled dual,7,1304,0.061854148674756804
scaled dual,7,1305,0.059649820420891564
scaled dual,7,1306,0.06311642708256893
scaled dual,7,1307,0.06217561485245876
scaled dual,7,1308,0.05186698274686985
scaled dual,7,1309,0.050525939296931555
scaled dual,7,1310,0.05282805746421271
scaled dual,7,1311,0.11620238920673781
scaled dual,7,1312,0.1148820164613431
scaled dual,7,1313,0.11780465623363906
scaled dual,7,1314,0.12073768490925485
scaled dual,7,1315,0.10380138417705947
scaled dual,7,1316,0.08827413724735433
scaled dual,7,1317,0.09683966981247122
scaled dual,7,1318,0.08142346912995035
scaled dual,7,1319,0.0816128121875232
scaled dual,7,1320,0.15069913154467995
scaled dual,7,1321,0.15714834066107924
scaled dual,7,1322,0.15106386179104503
scaled dual,7,1323,0.15920146094635185
scaled dual,7,1324,0.15211172180250343
scaled dual,7,1325,0.1465032931230968
scaled dual,7,1326,0.14114608870819267
scaled dual,7,1327,0.1464444299228495
scaled dual,7,1328,0.2186634483374661
scaled dual,7,1329,0.2275233254022902
scaled dual,7,1330,0.22947223482653556
scaled dual,7,1331,0.23087817387655435
scaled dual,7,1332,0.22574216322973428
scaled dual,7,1333,0.20190143972635327
scaled dual,7,1334,0.2050774551182991
scaled dual,7,1335,0.20096098657697498
scaled dual,7,1336,0.19475400153547584
scaled dual,7,1337,0.2034817937761551
scaled dual,7,1338,0.19268960036337435
scaled dual,7,1339,0.26301979415118754
scaled dual,7,1340,0.26286990761756956
scaled dual,7,1341,0.26243455674499333
scaled dual,7,1342,0.2575733421370393
scaled dual,7,1343,0.2567964566499001
scaled dual,7,1344,0.3267848923057324
scaled dual,7,1345,0.30607733119279207
scaled dual,7,1346,0.3150887204706675
scaled dual,7,1347,0.3143437746912247
scaled dual,7,1348,0.3081147173047072
scaled dual,7,1349,0.3107992085814482
scaled dual,7,1350,0.30549032118171515
scaled dual,7,1351,0.30762835893780055
scaled dual,7,1352,0.30896671656519237
scaled dual,7,1353,0.28278148859739366
scaled dual,7,1354,0.3483412339538342
scaled dual,7,1355,0.3458847501128918
scaled dual,7,1356,0.34035651296377245
scaled dual,7,1357,0.3297065418213612
scaled dual,7,1358,0.32181367665529315
scaled dual,7,1359,0.3280722393840558
scaled dual,7,1360,0.31910830669105117
scaled dual,7,1361,0.37655679121613567
scaled dual,7,1362,0.43257061988115375
scaled dual,7,1363,0.4164058360829956
scaled dual,7,1364,0.39900050733238523
scaled dual,7,1365,0.38341529022902315
scaled dual,7,1366,0.3482307574152953
scaled dual,7,1367,0.33208035789430207
scaled dual,7,1368,0.3162025238946087
scaled dual,7,1369,0.3001657317578799
scaled dual,7,1370,0.3488397792726762
scaled dual,7,1371,0.3168351984955377
scaled dual,7,1372,0.2961339517496533
scaled dual,7,1373,0.2653434128127999
scaled dual,7,1374,0.25184422789141603
scaled dual,7,1375,0.23290539270266958
scaled dual,7,1376,0.2143294380418963
scaled dual,7,1377,0.21318857306614586
scaled dual,7,1378,0.1952687351591892
scaled dual,7,1379,0.1803536279313273
scaled dual,7,1380,0.18014425316825577
scaled dual,7,1381,0.1803213726170368
scaled dual,7,1382,0.1511353720910854
scaled dual,7,1383,0.1329996815510101
scaled dual,7,1384,0.18115046547725866
scaled dual,7,1385,0.1684419967047877
scaled dual,7,1386,0.13996405512094567
scaled dual,7,1387,0.18961241506040166
scaled dual,7,1388,0.18100017305463623
scaled dual,7,1389,0.16435064516961645
scaled dual,7,1390,0.21522061161696981
scaled dual,7,1391,0.2660812834650285
scaled dual,7,1392,0.2537862753495581
scaled dual,7,1393,0.23722135346382928
scaled dual,7,1394,0.24069066096097302
scaled dual,7,1395,0.22877026338130307
scaled dual,7,1396,0.21691550541669202
scaled dual,7,1397,0.20328228920698238
scaled dual,7,1398,0.19439150724560095
scaled dual,7,1399,0.18891840904951168
scaled dual,7,1400,0.16379876079037858
scaled dual,7,1401,0.159806609842927
scaled dual,7,1402,0.14932131515815927
scaled dual,7,1403,0.1426988298632212
scaled dual,7,1404,0.13670507112518027
scaled dual,7,1405,0.13135694710537865
scaled dual,7,1406,0.12500852676108554
scaled dual,7,1407,0.1774312873370953
scaled dual,7,1408,0.1773024859465666
scaled dual,7,1409,0.18599896246567443
scaled dual,7,1410,0.17802498375997022
scaled dual,7,1411,0.17060477411374525
scaled dual,7,1412,0.15426883650943712
scaled dual,7,1413,0.14710043786093668
scaled dual,7,1414,0.1396666169352837
scaled dual,7,1415,0.14191746579483228
scaled dual,7,1416,0.132419885266573
scaled dual,7,1417,0.11686791172251182
scaled dual,7,1418,0.10152101540938097
scaled dual,7,1419,0.0951432164944716
scaled dual,7,1420,0.09708894545212465
scaled dual,7,1421,0.0907351001538344
scaled dual,7,1422,0.0938008236698814
scaled dual,7,1423,0.08831620967015702
scaled dual,7,1424,0.08789508474990804
scaled dual,7,1425,0.09130569564178664
scaled dual,7,1426,0.08646874198690135
scaled dual,7,1427,0.08734408328309734
scaled dual,7,1428,0.0874357864819475
scaled dual,7,1429,0.06822925193235357
scaled dual,7,1430,0.05750102641061028
scaled dual,7,1431,0.04693456696346482
scaled dual,7,1432,0.03575331354513844
scaled dual,7,1433,0.04119214942678889
scaled dual,7,1434,0.014338285401464309
scaled dual,7,1435,0.01686220735311588
scaled dual,7,1436,0.014955026879907452
scaled dual,7,1437,0.006287152320147357
scaled dual,7,1438,0.010540698617697557
scaled dual,7,1439,0.002321064956487019
scaled dual,7,1440,0.002348036579788524
scaled dual,7,1441,0.005543199963868456
scaled dual,7,1442,0.028246004320681885
scaled dual,7,1443,0.03929875023663123
scaled dual,7,1444,0.0509290139377125
scaled dual,7,1445,0.05940099515020926
scaled dual,7,1446,0.05241069797426541
scaled dual,7,1447,0.05854535289108832
scaled dual,7,1448,0.08435014128685077
scaled dual,7,1449,0.06683612253516992
scaled dual,7,1450,0.06432974308729252
scaled dual,7,1451,0.07606633123010477
scaled dual,7,1452,0.07775115016847929
scaled dual,7,1453,0.08717005826532921
scaled dual,7,1454,0.10128640841692767
scaled dual,7,1455,0.10469060249626717
scaled dual,7,1456,0.09794684037566266
scaled dual,7,1457,0.11250458620488725
scaled dual,7,1458,0.20107238568365654
scaled dual,7,1459,0.20894836701452812
scaled dual,7,1460,0.19147731948644003
scaled dual,7,1461,0.2053160982579001
scaled dual,7,1462,0.20769939981401048
scaled dual,7,1463,0.21042627092450938
scaled dual,7,1464,0.21270796053111635
scaled dual,7,1465,0.21447473585605703
scaled dual,7,1466,0.20778679721057497
scaled dual,7,1467,0.23263037689030253
scaled dual,7,1468,0.31414128445088946
scaled dual,7,1469,0.32588051289320075
scaled dual,7,1470,0.32186398923397147
scaled dual,7,1471,0.32460030861198985
scaled dual,7,1472,0.32098976708948695
scaled dual,7,1473,0.33866205584257925
scaled dual,7,1474,0.333169255517424
scaled dual,7,1475,0.3306850322335967
scaled dual,7,1476,0.33056967914104546
scaled dual,7,1477,0.32343714572489346
scaled dual,7,1478,0.3158475191891202
scaled dual,7,1479,0.31421632219106044
scaled dual,7,1480,0.313057589791716
scaled dual,7,1481,0.3045532834157356
scaled dual,7,1482,0.2753781467676171
scaled dual,7,1483,0.2709002039954075
scaled dual,7,1484,0.28430865120142784
scaled dual,7,1485,0.28328497454524126
scaled dual,7,1486,0.28233455106616107
scaled dual,7,1487,0.28486427981406537
scaled dual,7,1488,0.2931181639060387
scaled dual,7,1489,0.28484951008111326
scaled dual,7,1490,0.2859163592383274
scaled dual,7,1491,0.27313460934907285
scaled dual,7,1492,0.24911497645080177
scaled dual,7,1493,0.23909999966621487
scaled dual,7,1494,0.23802598502487032
scaled dual,7,1495,0.22514687467366545
scaled dual,7,1496,0.29075362388044684
scaled dual,7,1497,0.28026095312088817
scaled dual,7,1498,0.27580456115305513
scaled dual,7,1499,0.2686764561757454
scaled dual,7,1500,0.2595572533831009
scaled dual,13,1,0.0
scaled dual,13,2,0.0
scaled dual,13,3,0.0
scaled dual,13,4,0.0
scaled dual,13,5,0.0
scaled dual,13,6,0.0
scaled dual,13,7,0.0
scaled dual,13,8,0.0
scaled dual,13,9,0.0
scaled dual,13,10,0.0
scaled dual,13,11,0.0
scaled dual,13,12,0.0
scaled dual,13,13,0.0
scaled dual,13,14,0.0
scaled dual,13,15,0.0
scaled dual,13,16,0.0
scaled dual,13,17,0.0
scaled dual,13,18,0.0
scaled dual,13,19,0.0
scaled dual,13,20,0.0
scaled dual,13,21,0.0
scaled dual,13,22,0.0
scaled dual,13,23,0.0
scaled dual,13,24,0.0
scaled dual,13,25,0.0
scaled dual,13,26,0.0
scaled dual,13,27,0.0
scaled dual,13,28,0.0
scaled dual,13,29,0.0
scaled dual,13,30,0.0
scaled dual,13,31,0.0
scaled dual,13,32,0.0
scaled dual,13,33,0.0
scaled dual,13,34,0.0
scaled dual,13,35,0.0
scaled dual,13,36,0.0
scaled dual,13,37,0.0
scaled dual,13,38,0.0
scaled dual,13,39,0.0
scaled dual,13,40,0.0
scaled dual,13,41,0.0
scaled dual,13,42,0.0
scaled dual,13,43,0.0
scaled dual,13,44,0.0
scaled dual,13,45,0.0
scaled dual,13,46,0.0
scaled dual,13,47,0.0
scaled dual,13,48,0.0
scaled dual,13,49,0.0
scaled dual,13,50,0.0
scaled dual,13,51,0.0
scaled dual,13,52,0.0
scaled dual,13,53,0.0
scaled dual,13,54,0.0
scaled dual,13,55,0.0
scaled dual,13,56,0.0
scaled dual,13,57,0.0
scaled dual,13,58,0.0
scaled dual,13,59,0.0
scaled dual,13,60,0.0
scaled dual,13,61,0.0
scaled dual,13,62,0.0
scaled dual,13,63,0.0
scaled dual,13,64,0.0
scaled dual,13,65,0.0
scaled dual,13,66,0.0
scaled dual,13,67,0.0
scaled dual,13,68,0.0
scaled dual,13,69,0.0
scaled dual,13,70,0.0
scaled dual,13,71,0.0
scaled dual,13,72,0.0
scaled dual,13,73,0.0
scaled dual,13,74,0.0
scaled dual,13,75,0.0
scaled dual,13,76,0.0
scaled dual,13,77,0.0
scaled dual,13,78,0.0
scaled dual,13,79,0.0
scaled dual,13,80,0.0
scaled dual,13,81,0.0
scaled dual,13,82,0.0
scaled dual,13,83,0.0
scaled dual,13,84,0.0
scaled dual,13,85,0.0
scaled dual,13,86,0.0
scaled dual,13,87,0.0
scaled dual,13,88,0.0
scaled dual,13,89,0.0
scaled dual,13,90,0.0
scaled dual,13,91,0.0
scaled dual,13,92,0.0
scaled dual,13,93,0.0
scaled dual,13,94,0.0
scaled dual,13,95,0.0
scaled dual,13,96,0.0
scaled dual,13,97,0.0
scaled dual,13,98,0.0
scaled dual,13,99,0.0
scaled dual,13,100,0.0
scaled dual,13,101,0.0
scaled dual,13,102,0.0
scaled dual,13,103,0.0
scaled dual,13,104,0.0
scaled dual,13,105,0.0
scaled dual,13,106,0.0
scaled dual,13,107,0.0
scaled dual,13,108,0.0
scaled dual,13,109,0.0
scaled dual,13,110,0.0
scaled dual,13,111,0.0
scaled dual,13,112,0.0
scaled dual,13,113,0.0
scaled dual,13,114,0.0
scaled dual,13,115,0.0
scaled dual,13,116,0.0
scaled dual,13,117,0.0
scaled dual,13,118,0.0
scaled dual,13,119,0.0
scaled dual,13,120,0.0
scaled dual,13,121,0.0
scaled dual,13,122,0.0
scaled dual,13,123,0.0
scaled dual,13,124,0.0
scaled dual,13,125,0.0
scaled dual,13,126,0.0
scaled dual,13,127,0.0
scaled dual,13,128,0.0
scaled dual,13,129,0.0
scaled dual,13,130,0.0
scaled dual,13,131,0.0
scaled dual,13,132,0.0
scaled dual,13,133,0.0
scaled dual,13,134,0.0
scaled dual,13,135,0.0
scaled dual,13,136,0.0
scaled dual,13,137,0.0
scaled dual,13,138,0.0
scaled dual,13,139,0.0
scaled dual,13,140,0.0
scaled dual,13,141,0.0
scaled dual,13,142,0.0
scaled dual,13,143,0.0
scaled dual,13,144,0.0
scaled dual,13,145,0.0
scaled dual,13,146,0.0
scaled dual,13,147,0.0
scaled dual,13,148,0.0
scaled dual,13,149,0.0
scaled dual,13,150,0.0
scaled dual,13,151,0.0
scaled dual,13,152,0.0
scaled dual,13,153,0.0
scaled dual,13,154,0.0
scaled dual,13,155,0.0
scaled dual,13,156,0.0
scaled dual,13,157,0.0
scaled dual,13,158,0.0
scaled dual,13,159,0.0
scaled dual,13,160,0.0
scaled dual,13,161,0.0
scaled dual,13,162,0.0
scaled dual,13,163,0.0
scaled dual,13,164,0.0
scaled dual,13,165,0.0
scaled dual,13,166,0.0
scaled dual,13,167,0.0
scaled dual,13,168,0.0
scaled dual,13,169,0.0
scaled dual,13,170,0.0
scaled dual,13,171,0.0
scaled dual,13,172,0.0
scaled dual,13,173,0.0
scaled dual,13,174,0.0
scaled dual,13,175,0.0
scaled dual,13,176,0.0
scaled dual,13,177,0.0
scaled dual,13,178,0.0
scaled dual,13,179,0.0
scaled dual,13,180,0.0
scaled dual,13,181,0.0
scaled dual,13,182,0.0
scaled dual,13,183,0.0
scaled dual,13,184,0.0
scaled dual,13,185,0.0
scaled dual,13,186,0.0
scaled dual,13,187,0.0
scaled dual,13,188,0.0
scaled dual,13,189,0.0
scaled dual,13,190,0.0
scaled dual,13,191,0.0
scaled dual,13,192,0.0
scaled dual,13,193,0.0
scaled dual,13,194,0.0
scaled dual,13,195,0.0
scaled dual,13,196,0.0
scaled dual,13,197,0.0
scaled dual,13,198,0.0
scaled dual,13,199,0.0
scaled dual,13,200,0.0
scaled dual,13,201,0.0
scaled dual,13,202,0.0
scaled dual,13,203,0.0
scaled dual,13,204,0.0
scaled dual,13,205,0.0
scaled dual,13,206,0.0
scaled dual,13,207,0.0
scaled dual,13,208,0.0
scaled dual,13,209,0.0
scaled dual,13,210,0.0
scaled dual,13,211,0.0
scaled dual,13,212,0.0
scaled dual,13,213,0.0
scaled dual,13,214,0.0
scaled dual,13,215,0.0
scaled dual,13,216,0.0
scaled dual,13,217,0.0
scaled dual,13,218,0.0
scaled dual,13,219,0.0
scaled dual,13,220,0.0
scaled dual,13,221,0.0
scaled dual,13,222,0.0
scaled dual,13,223,0.0
scaled dual,13,224,0.0
scaled dual,13,225,0.0
scaled dual,13,226,0.0
scaled dual,13,227,0.0
scaled dual,13,228,0.0
scaled dual,13,229,0.0
scaled dual,13,230,0.0
scaled dual,13,231,0.0
scaled dual,13,232,0.0
scaled dual,13,233,0.0
scaled dual,13,234,0.0
scaled dual,13,235,0.0
scaled dual,13,236,0.0
scaled dual,13,237,0.0
scaled dual,13,238,0.0
scaled dual,13,239,0.0
scaled dual,13,240,0.0
scaled dual,13,241,0.0
scaled dual,13,242,0.0
scaled dual,13,243,0.0
scaled dual,13,244,0.0
scaled dual,13,245,0.0
scaled dual,13,246,0.0
scaled dual,13,247,0.0
scaled dual,13,248,0.0
scaled dual,13,249,0.0
scaled dual,13,250,0.0
scaled dual,13,251,0.0
scaled dual,13,252,0.0
scaled dual,13,253,0.0
scaled dual,13,254,0.0
scaled dual,13,255,0.0
scaled dual,13,256,0.0
scaled dual,13,257,0.0
scaled dual,13,258,0.0
scaled dual,13,259,0.0
scaled dual,13,260,0.0
scaled dual,13,261,0.0
scaled dual,13,262,0.0
scaled dual,13,263,0.0
scaled dual,13,264,0.0
scaled dual,13,265,0.0
scaled dual,13,266,0.0
scaled dual,13,267,0.0
scaled dual,13,268,0.0
scaled dual,13,269,0.0
scaled dual,13,270,0.0
scaled dual,13,271,0.0
scaled dual,13,272,0.0
scaled dual,13,273,0.0
scaled dual,13,274,0.0
scaled dual,13,275,0.0
scaled dual,13,276,0.0
scaled dual,13,277,0.0
scaled dual,13,278,0.0
scaled dual,13,279,0.0
scaled dual,13,280,0.0
scaled dual,13,281,0.0
scaled dual,13,282,0.0
scaled dual,13,283,0.0
scaled dual,13,284,0.0
scaled dual,13,285,0.0
scaled dual,13,286,0.0
scaled dual,13,287,0.0
scaled dual,13,288,0.0
scaled dual,13,289,0.0
scaled dual,13,290,0.0
scaled dual,13,291,0.0
scaled dual,13,292,0.0
scaled dual,13,293,0.0
scaled dual,13,294,0.0
scaled dual,13,295,0.0
scaled dual,13,296,0.0
scaled dual,13,297,0.0
scaled dual,13,298,0.0
scaled dual,13,299,0.0
scaled dual,13,300,0.0
scaled dual,13,301,0.0
scaled dual,13,302,0.0
scaled dual,13,303,0.0
scaled dual,13,304,0.0
scaled dual,13,305,0.0
scaled dual,13,306,0.0
scaled dual,13,307,0.0
scaled dual,13,308,0.0
scaled dual,13,309,0.0
scaled dual,13,310,0.0
scaled dual,13,311,0.0
scaled dual,13,312,0.0
scaled dual,13,313,0.0
scaled dual,13,314,0.0
scaled dual,13,315,0.0
scaled dual,13,316,0.0
scaled dual,13,317,0.0
scaled dual,13,318,0.0
scaled dual,13,319,0.0
scaled dual,13,320,0.0
scaled dual,13,321,0.0
scaled dual,13,322,0.0
scaled dual,13,323,0.0
scaled dual,13,324,0.0
scaled dual,13,325,0.0
scaled dual,13,326,0.0
scaled dual,13,327,0.0
scaled dual,13,328,0.0
scaled dual,13,329,0.0
scaled dual,13,330,0.0
scaled dual,13,331,0.0
scaled dual,13,332,0.0
scaled dual,13,333,0.0
scaled dual,13,334,0.0
scaled dual,13,335,0.0
scaled dual,13,336,0.0
scaled dual,13,337,0.0
scaled dual,13,338,0.0
scaled dual,13,339,0.0
scaled dual,13,340,0.0
scaled dual,13,341,0.0
scaled dual,13,342,0.0
scaled dual,13,343,0.0
scaled dual,13,344,0.0
scaled dual,13,345,0.0
scaled dual,13,346,0.0
scaled dual,13,347,0.0
scaled dual,13,348,0.0
scaled dual,13,349,0.0
scaled dual,13,350,0.0
scaled dual,13,351,0.0
scaled dual,13,352,0.0
scaled dual,13,353,0.0
scaled dual,13,354,0.0
scaled dual,13,355,0.0
scaled dual,13,356,0.0
scaled dual,13,357,0.0
scaled dual,13,358,0.0
scaled dual,13,359,0.0
scaled dual,13,360,0.0
scaled dual,13,361,0.0
scaled dual,13,362,0.0
scaled dual,13,363,0.0
scaled dual,13,364,0.0
scaled dual,13,365,0.0
scaled dual,13,366,0.0
scaled dual,13,367,0.0
scaled dual,13,368,0.0
scaled dual,13,369,0.0
scaled dual,13,370,0.0
scaled dual,13,371,0.0
scaled dual,13,372,0.0
scaled dual,13,373,0.0
scaled dual,13,374,0.0
scaled dual,13,375,0.0
scaled dual,13,376,0.0
scaled dual,13,377,0.0
scaled dual,13,378,0.0
scaled dual,13,379,0.0
scaled dual,13,380,0.0
scaled dual,13,381,0.0
scaled dual,13,382,0.0
scaled dual,13,383,0.0
scaled dual,13,384,0.0
scaled dual,13,385,0.0
scaled dual,13,386,0.0
scaled dual,13,387,0.0
scaled dual,13,388,0.0
scaled dual,13,389,0.0
scaled dual,13,390,0.0
scaled dual,13,391,0.0
scaled dual,13,392,0.0
scaled dual,13,393,0.0
scaled dual,13,394,0.0
scaled dual,13,395,0.0
scaled dual,13,396,0.0
scaled dual,13,397,0.0
scaled dual,13,398,0.0
scaled dual,13,399,0.0
scaled dual,13,400,0.0
scaled dual,13,401,0.0
scaled dual,13,402,0.0
scaled dual,13,403,0.0
scaled dual,13,404,0.0
scaled dual,13,405,0.0
scaled dual,13,406,0.0
scaled dual,13,407,0.0
scaled dual,13,408,0.0
scaled dual,13,409,0.0
scaled dual,13,410,0.0
scaled dual,13,411,0.0
scaled dual,13,412,0.0
scaled dual,13,413,0.0
scaled dual,13,414,0.0
scaled dual,13,415,0.0
scaled dual,13,416,0.0
scaled dual,13,417,0.0
scaled dual,13,418,0.0
scaled dual,13,419,0.0
scaled dual,13,420,0.0
scaled dual,13,421,0.0
scaled dual,13,422,0.0
scaled dual,13,423,0.0
scaled dual,13,424,0.0
scaled dual,13,425,0.0
scaled dual,13,426,0.0
scaled dual,13,427,0.0
scaled dual,13,428,0.0
scaled dual,13,429,0.0
scaled dual,13,430,0.0
scaled dual,13,431,0.0
scaled dual,13,432,0.0
scaled dual,13,433,0.0
scaled dual,13,434,0.0
scaled dual,13,435,0.0
scaled dual,13,436,0.0
scaled dual,13,437,0.0
scaled dual,13,438,0.0
scaled dual,13,439,0.0
scaled dual,13,440,0.0
scaled dual,13,441,0.0
scaled dual,13,442,0.0
scaled dual,13,443,0.0
scaled dual,13,444,0.0
scaled dual,13,445,0.0
scaled dual,13,446,0.0
scaled dual,13,447,0.0030291830748319613
scaled dual,13,448,0.0
scaled dual,13,449,0.0
scaled dual,13,450,0.0
scaled dual,13,451,0.0
scaled dual,13,452,0.0
scaled dual,13,453,0.0
scaled dual,13,454,0.0
scaled dual,13,455,0.0
scaled dual,13,456,0.0
scaled dual,13,457,0.0
scaled dual,13,458,0.0
scaled dual,13,459,0.0
scaled dual,13,460,0.0
scaled dual,13,461,0.0
scaled dual,13,462,0.0
scaled dual,13,463,0.014561336077749728
scaled dual,13,464,0.0
scaled dual,13,465,0.0
scaled dual,13,466,0.0
scaled dual,13,467,0.0
scaled dual,13,468,0.0
scaled dual,13,469,0.0
scaled dual,13,470,0.0
scaled dual,13,471,0.0
scaled dual,13,472,0.0
scaled dual,13,473,0.0
scaled dual,13,474,0.0
scaled dual,13,475,0.0
scaled dual,13,476,0.0
scaled dual,13,477,0.0
scaled dual,13,478,0.0
scaled dual,13,479,0.0
scaled dual,13,480,0.0
scaled dual,13,481,0.0
scaled dual,13,482,0.0
scaled dual,13,483,0.0718521611392498
scaled dual,13,484,0.04263831406831742
scaled dual,13,485,0.029535043686628345
scaled dual,13,486,0.015420040339231493
scaled dual,13,487,0.007529852725565434
scaled dual,13,488,0.0024235559254884714
scaled dual,13,489,0.025503480732440947
scaled dual,13,490,0.031046787723898885
scaled dual,13,491,0.03544884737581014
scaled dual,13,492,0.03790727406740188
scaled dual,13,493,0.03357065018266439
scaled dual,13,494,0.15066070642322302
scaled dual,13,495,0.1748855060711503
scaled dual,13,496,0.19206411004066468
scaled dual,13,497,0.20305223613977433
scaled dual,13,498,0.22780228309333325
scaled dual,13,499,0.23574647448956967
scaled dual,13,500,0.2421827056258917
scaled dual,13,501,0.24811273500323297
scaled dual,13,502,0.23296473659574987
scaled dual,13,503,0.2607864250987768
scaled dual,13,504,0.2605448777973652
scaled dual,13,505,0.24304623052477836
scaled dual,13,506,0.24428234290331602
scaled dual,13,507,0.21996754594147205
scaled dual,13,508,0.23775698576122523
scaled dual,13,509,0.23634549707174302
scaled dual,13,510,0.31345954693853856
scaled dual,13,511,0.32667781807482243
scaled dual,13,512,0.3311817690730095
scaled dual,13,513,0.3951519237458706
scaled dual,13,514,0.3762935967370868
scaled dual,13,515,0.35576365280896427
scaled dual,13,516,0.3316106079518795
scaled dual,13,517,0.307337271142751
scaled dual,13,518,0.28627014501020315
scaled dual,13,519,0.2630697779543698
scaled dual,13,520,0.23618859590962532
scaled dual,13,521,0.1955527666397393
scaled dual,13,522,0.1707184569910169
scaled dual,13,523,0.14869753081351522
scaled dual,13,524,0.12524936676025394
scaled dual,13,525,0.11662632606923584
scaled dual,13,526,0.0806424693576992
scaled dual,13,527,0.05529543170705442
scaled dual,13,528,0.04433243373408918
scaled dual,13,529,0.02419916337355976
scaled dual,13,530,0.002004340644925877
scaled dual,13,531,0.0
scaled dual,13,532,0.0
scaled dual,13,533,0.0
scaled dual,13,534,0.0
scaled dual,13,535,0.0
scaled dual,13,536,0.0
scaled dual,13,537,0.0
scaled dual,13,538,0.0
scaled dual,13,539,0.0
scaled dual,13,540,0.0
scaled dual,13,541,0.0
scaled dual,13,542,0.0
scaled dual,13,543,0.0
scaled dual,13,544,0.0
scaled dual,13,545,0.0
scaled dual,13,546,0.0
scaled dual,13,547,0.0
scaled dual,13,548,0.0
scaled dual,13,549,0.07402041979134083
scaled dual,13,550,0.07117461517453194
scaled dual,13,551,0.0826270754262805
scaled dual,13,552,0.08464596442878247
scaled dual,13,553,0.07580518051981927
scaled dual,13,554,0.0893276681751013
scaled dual,13,555,0.07739806912839414
scaled dual,13,556,0.09872301898896696
scaled dual,13,557,0.10022828824818136
scaled dual,13,558,0.12449907660484316
scaled dual,13,559,0.13328754451125863
scaled dual,13,560,0.13699185729026797
scaled dual,13,561,0.23769600063562396
scaled dual,13,562,0.2464547733217478
scaled dual,13,563,0.25007298532873395
scaled dual,13,564,0.23817565195262436
scaled dual,13,565,0.24250377856194977
scaled dual,13,566,0.2434523450955749
scaled dual,13,567,0.24771977275609974
scaled dual,13,568,0.2521952718496323
scaled dual,13,569,0.2543106505274773
scaled dual,13,570,0.23554951634258037
scaled dual,13,571,0.23692683584988122
scaled dual,13,572,0.23214442975819116
scaled dual,13,573,0.2407275596633554
scaled dual,13,574,0.2373841261118651
scaled dual,13,575,0.2132735355943442
scaled dual,13,576,0.20385589048266417
scaled dual,13,577,0.20841622840613133
scaled dual,13,578,0.2006460743024946
scaled dual,13,579,0.19033659469336278
scaled dual,13,580,0.16433494903147228
scaled dual,13,581,0.15162483647465713
scaled dual,13,582,0.15025312922894962
scaled dual,13,583,0.13755165468901404
scaled dual,13,584,0.14009677354246386
scaled dual,13,585,0.13059802886098631
scaled dual,13,586,0.11722758531570443
scaled dual,13,587,0.08644692072644838
scaled dual,13,588,0.0747823062352837
scaled dual,13,589,0.0665086512081326
scaled dual,13,590,0.05080409443005929
scaled dual,13,591,0.04405377114191661
scaled dual,13,592,0.03926190746948133
scaled dual,13,593,0.02872942732647071
scaled dual,13,594,0.025639560315758085
scaled dual,13,595,0.039378329012543054
scaled dual,13,596,0.11473921069875369
scaled dual,13,597,0.10956601234152923
scaled dual,13,598,0.10511053306981931
scaled dual,13,599,0.10955219255760322
scaled dual,13,600,0.11472567135468136
scaled dual,13,601,0.11710761783644567
scaled dual,13,602,0.11513222729787241
scaled dual,13,603,0.12159895924851309
scaled dual,13,604,0.1329949534125627
scaled dual,13,605,0.13731591349467645
scaled dual,13,606,0.13479615094140182
scaled dual,13,607,0.219488391224295
scaled dual,13,608,0.22382395444437872
scaled dual,13,609,0.2290750682912768
scaled dual,13,610,0.3099525088630618
scaled dual,13,611,0.31343196777626886
scaled dual,13,612,0.3122439592517914
scaled dual,13,613,0.3057661176659168
scaled dual,13,614,0.30095695467665806
scaled dual,13,615,0.29144244736060515
scaled dual,13,616,0.26537943918257967
scaled dual,13,617,0.23685863347724095
scaled dual,13,618,0.2263389776460828
scaled dual,13,619,0.21462279116734878
scaled dual,13,620,0.2035019526444377
scaled dual,13,621,0.19831195322796719
scaled dual,13,622,0.20885585242882387
scaled dual,13,623,0.2194373630918564
scaled dual,13,624,0.2179601649381222
scaled dual,13,625,0.2075921191088857
scaled dual,13,626,0.19799824913963693
scaled dual,13,627,0.1887185422144832
scaled dual,13,628,0.1840656411834063
scaled dual,13,629,0.17405122319236416
scaled dual,13,630,0.18556311113759894
scaled dual,13,631,0.2613984923623504
scaled dual,13,632,0.2528496734239163
scaled dual,13,633,0.24570742631331105
scaled dual,13,634,0.24333197684958596
scaled dual,13,635,0.23737640699371715
scaled dual,13,636,0.22871026469394584
scaled dual,13,637,0.22542625417932888
scaled dual,13,638,0.21451208544895073
scaled dual,13,639,0.2078447430022063
scaled dual,13,640,0.20127626510337016
scaled dual,13,641,0.2758270172216
scaled dual,13,642,0.27010476695373675
scaled dual,13,643,0.24939521281048677
scaled dual,13,644,0.24129170110449216
scaled dual,13,645,0.31803758984431646
scaled dual,13,646,0.3234987355582418
scaled dual,13,647,0.3988075842522087
scaled dual,13,648,0.4716459228657188
scaled dual,13,649,0.5411988720856609
scaled dual,13,650,0.5505098492093385
scaled dual,13,651,0.5405715388990939
scaled dual,13,652,0.5460626406036317
scaled dual,13,653,0.534597650449723
scaled dual,13,654,0.5874299135617911
scaled dual,13,655,0.5899379750899969
scaled dual,13,656,0.5876978654228149
scaled dual,13,657,0.569986681025475
scaled dual,13,658,0.5438883640803394
scaled dual,13,659,0.5221098495274779
scaled dual,13,660,0.5042357023060318
scaled dual,13,661,0.4843110342323776
scaled dual,13,662,0.46389154516160447
scaled dual,13,663,0.45351739451289136
scaled dual,13,664,0.42751012831926305
scaled dual,13,665,0.411647214107215
scaled dual,13,666,0.3728666748665269
scaled dual,13,667,0.4050956239365037
scaled dual,13,668,0.39305233834311326
scaled dual,13,669,0.38468454523012
scaled dual,13,670,0.3624273611418899
scaled dual,13,671,0.32187824382446667
scaled dual,13,672,0.2972471371199932
scaled dual,13,673,0.28465773328207394
scaled dual,13,674,0.2576708135288205
scaled dual,13,675,0.23669828183017633
scaled dual,13,676,0.21284408907405994
scaled dual,13,677,0.17765102767385504
scaled dual,13,678,0.20771373906172774
scaled dual,13,679,0.18201045189984105
scaled dual,13,680,0.15506910176016353
scaled dual,13,681,0.1328232914488759
scaled dual,13,682,0.1052765490394082
scaled dual,13,683,0.06792020457796716
scaled dual,13,684,0.09886874343268537
scaled dual,13,685,0.07278705059550666
scaled dual,13,686,0.05141241339035296
scaled dual,13,687,0.0161875123996284
scaled dual,13,688,0.048419860797002556
scaled dual,13,689,0.030580149227752925
scaled dual,13,690,0.02344871477223897
scaled dual,13,691,0.0
scaled dual,13,692,0.0
scaled dual,13,693,0.0
scaled dual,13,694,0.0
scaled dual,13,695,0.0
scaled dual,13,696,0.0
scaled dual,13,697,0.0
scaled dual,13,698,0.0
scaled dual,13,699,0.0
scaled dual,13,700,0.0
scaled dual,13,701,0.0
scaled dual,13,702,0.039226739257574084
scaled dual,13,703,0.04010520048439503
scaled dual,13,704,0.016115211583673957
scaled dual,13,705,0.05711912851780654
scaled dual,13,706,0.05059768240898849
scaled dual,13,707,0.046565819866955294
scaled dual,13,708,0.026383520029485238
scaled dual,13,709,0.03232423633337022
scaled dual,13,710,0.03030358351767064
scaled dual,13,711,0.07477034404873849
scaled dual,13,712,0.0732113478332758
scaled dual,13,713,0.0740122438594699
scaled dual,13,714,0.11986569713801147
scaled dual,13,715,0.12901391167193652
scaled dual,13,716,0.12814302314072848
scaled dual,13,717,0.11088853139430285
scaled dual,13,718,0.11068605773150922
scaled dual,13,719,0.11865051470696927
scaled dual,13,720,0.10418692197650672
scaled dual,13,721,0.10282917059957983
scaled dual,13,722,0.10804312467575075
scaled dual,13,723,0.1558188743144274
scaled dual,13,724,0.14002584189176562
scaled dual,13,725,0.18828804925084117
scaled dual,13,726,0.18360797688364985
scaled dual,13,727,0.16332153189927343
scaled dual,13,728,0.14876991055905822
scaled dual,13,729,0.15080878108739856
scaled dual,13,730,0.13538935802876953
scaled dual,13,731,0.1362824829295278
scaled dual,13,732,0.13724178295582537
scaled dual,13,733,0.14850120797753338
scaled dual,13,734,0.1444934014976025
scaled dual,13,735,0.1518208803981543
scaled dual,13,736,0.14847781471908097
scaled dual,13,737,0.14425607878714805
scaled dual,13,738,0.14864394508302217
scaled dual,13,739,0.14034622933715588
scaled dual,13,740,0.13125605586916214
scaled dual,13,741,0.10431687571108347
scaled dual,13,742,0.1551990611106158
scaled dual,13,743,0.14293684951961047
scaled dual,13,744,0.13795494481921203
scaled dual,13,745,0.11006252108141787
scaled dual,13,746,0.08746111551299698
scaled dual,13,747,0.13865966187790044
scaled dual,13,748,0.14308335615322001
scaled dual,13,749,0.13986622856929906
scaled dual,13,750,0.1936222612299026
scaled dual,13,751,0.18525501759722837
scaled dual,13,752,0.179853319246322
scaled dual,13,753,0.16205859521403918
scaled dual,13,754,0.1572757607139648
scaled dual,13,755,0.1528087051026524
scaled dual,13,756,0.1401832870207728
scaled dual,13,757,0.1343092311732472
scaled dual,13,758,0.13154038174077878
scaled dual,13,759,0.13078193644061695
scaled dual,13,760,0.1287874305061997
scaled dual,13,761,0.12720321407541643
scaled dual,13,762,0.1278324300982059
scaled dual,13,763,0.12508179733529698
scaled dual,13,764,0.11606642769649636
scaled dual,13,765,0.10682914717122924
scaled dual,13,766,0.09805288063362252
scaled dual,13,767,0.07544416651129734
scaled dual,13,768,0.06725112210959208
scaled dual,13,769,0.07044200606644166
scaled dual,13,770,0.06293502509593976
scaled dual,13,771,0.06660391036421073
scaled dual,13,772,0.059713665172457825
scaled dual,13,773,0.07722953364253057
scaled dual,13,774,0.08084182243794216
scaled dual,13,775,0.08750685159116997
scaled dual,13,776,0.07473071292042746
scaled dual,13,777,0.1436497294902803
scaled dual,13,778,0.1587928115576507
scaled dual,13,779,0.18065682955086246
scaled dual,13,780,0.1996532773971559
scaled dual,13,781,0.1865684332326056
scaled dual,13,782,0.1944869108125569
scaled dual,13,783,0.19915350332856194
scaled dual,13,784,0.21888363778591172
scaled dual,13,785,0.2918311460316183
scaled dual,13,786,0.30764696430414934
scaled dual,13,787,0.29404248405247946
scaled dual,13,788,0.2795184112340214
scaled dual,13,789,0.2651608868315818
scaled dual,13,790,0.26299303382635136
scaled dual,13,791,0.2609980482608082
scaled dual,13,792,0.2572260060906412
scaled dual,13,793,0.2570639518275859
scaled dual,13,794,0.3251404194906356
scaled dual,13,795,0.318298738114536
scaled dual,13,796,0.31214003283530495
scaled dual,13,797,0.31016556430608055
scaled dual,13,798,0.3108513488620522
scaled dual,13,799,0.3112748217582705
scaled dual,13,800,0.32775489654392026
scaled dual,13,801,0.3304379815235736
scaled dual,13,802,0.34194558538496517
scaled dual,13,803,0.33481967832893156
scaled dual,13,804,0.32949410628527426
scaled dual,13,805,0.32079285312443995
scaled dual,13,806,0.3171289933845403
scaled dual,13,807,0.30736573912203335
scaled dual,13,808,0.2867593475803735
scaled dual,13,809,0.3459065179154279
scaled dual,13,810,0.3339645974710586
scaled dual,13,811,0.3946367153897884
scaled dual,13,812,0.3862062302976849
scaled dual,13,813,0.3771470186486843
scaled dual,13,814,0.36560533408075596
scaled dual,13,815,0.33704119160771395
scaled dual,13,816,0.3951518744230273
scaled dual,13,817,0.3872254583612087
scaled dual,13,818,0.3767217234894636
scaled dual,13,819,0.36629088323563364
scaled dual,13,820,0.33701846295967725
scaled dual,13,821,0.3383013463579121
scaled dual,13,822,0.3321727041713896
scaled dual,13,823,0.3202004831470552
scaled dual,13,824,0.30909537931904224
scaled dual,13,825,0.2935571334697309
scaled dual,13,826,0.2843081695027652
scaled dual,13,827,0.2786191860772672
scaled dual,13,828,0.2703784160502258
scaled dual,13,829,0.2526091636903587
scaled dual,13,830,0.26120066152885585
scaled dual,13,831,0.2525551107712093
scaled dual,13,832,0.24361135052517086
scaled dual,13,833,0.2980291903205219
scaled dual,13,834,0.2899238252826038
scaled dual,13,835,0.28510901847854286
scaled dual,13,836,0.27748125893995196
scaled dual,13,837,0.2734112866781655
scaled dual,13,838,0.26832139978185326
scaled dual,13,839,0.24215614402666719
scaled dual,13,840,0.23579798670485647
scaled dual,13,841,0.23364719087258012
scaled dual,13,842,0.23151837890967758
scaled dual,13,843,0.2304614400677386
scaled dual,13,844,0.288964982684702
scaled dual,13,845,0.2888457971997562
scaled dual,13,846,0.28466461570933493
scaled dual,13,847,0.29603259569034013
scaled dual,13,848,0.2963527104072276
scaled dual,13,849,0.28217167163267765
scaled dual,13,850,0.27946971910074386
scaled dual,13,851,0.26715869689360294
scaled dual,13,852,0.3266496556438509
scaled dual,13,853,0.32480355130508576
scaled dual,13,854,0.32170314637944136
scaled dual,13,855,0.2946918399445716
scaled dual,13,856,0.29291710285469924
scaled dual,13,857,0.2992741808854047
scaled dual,13,858,0.2931016920320693
scaled dual,13,859,0.26600447574630415
scaled dual,13,860,0.24548291837796604
scaled dual,13,861,0.2394783516414467
scaled dual,13,862,0.2958358010835949
scaled dual,13,863,0.2966669837199155
scaled dual,13,864,0.2950387343578044
scaled dual,13,865,0.287606911119074
scaled dual,13,866,0.2605353853665296
scaled dual,13,867,0.25806879667565263
scaled dual,13,868,0.23243813404813446
scaled dual,13,869,0.20565877815708555
scaled dual,13,870,0.20397311275824942
scaled dual,13,871,0.20611050790175833
scaled dual,13,872,0.2612456057779495
scaled dual,13,873,0.2599838318489496
scaled dual,13,874,0.31428307702764907
scaled dual,13,875,0.3086110576428477
scaled dual,13,876,0.3175924723036591
scaled dual,13,877,0.3190219691582028
scaled dual,13,878,0.3122133916430179
scaled dual,13,879,0.3085582816787068
scaled dual,13,880,0.30744797805324237
scaled dual,13,881,0.29793640905991237
scaled dual,13,882,0.2851189429499213
scaled dual,13,883,0.29302692452445667
scaled dual,13,884,0.2677246765047316
scaled dual,13,885,0.31549912229180377
scaled dual,13,886,0.2973467377945785
scaled dual,13,887,0.2838031055033211
scaled dual,13,888,0.3290277484059338
scaled dual,13,889,0.31645228646695656
scaled dual,13,890,0.31006885770708364
scaled dual,13,891,0.30124371070414824
scaled dual,13,892,0.28316187854856295
scaled dual,13,893,0.287088828645647
scaled dual,13,894,0.27722779948264403
scaled dual,13,895,0.2580480730533604
scaled dual,13,896,0.3010672509670262
scaled dual,13,897,0.2704547948762779
scaled dual,13,898,0.2512101832032208
scaled dual,13,899,0.23371262557804628
scaled dual,13,900,0.217517871819437
scaled dual,13,901,0.2032891353592281
scaled dual,13,902,0.17546406487003013
scaled dual,13,903,0.1645077957026665
scaled dual,13,904,0.1458041101507847
scaled dual,13,905,0.14106474047526762
scaled dual,13,906,0.13686236208304808
scaled dual,13,907,0.17876300295814918
scaled dual,13,908,0.22135924866423057
scaled dual,13,909,0.223010977711529
scaled dual,13,910,0.21705574313178705
scaled dual,13,911,0.19219499789178418
scaled dual,13,912,0.17765494823455857
scaled dual,13,913,0.18418688207864808
scaled dual,13,914,0.1698258465901022
scaled dual,13,915,0.14761694924905944
scaled dual,13,916,0.12937230328097987
scaled dual,13,917,0.17153031514957595
scaled dual,13,918,0.1662672255374496
scaled dual,13,919,0.16109613196924377
scaled dual,13,920,0.1560750372149055
scaled dual,13,921,0.1987558283843105
scaled dual,13,922,0.1856118824891751
scaled dual,13,923,0.16972911713644911
scaled dual,13,924,0.15700172388926198
scaled dual,13,925,0.14890879666432788
scaled dual,13,926,0.13674652529880454
scaled dual,13,927,0.12687280220910957
scaled dual,13,928,0.11722186079248836
scaled dual,13,929,0.10552580950781754
scaled dual,13,930,0.09394490694627217
scaled dual,13,931,0.07618446489796094
scaled dual,13,932,0.06492972547188453
scaled dual,13,933,0.04950170630589179
scaled dual,13,934,0.03031230809167079
scaled dual,13,935,0.015383729282767093
scaled dual,13,936,0.01216035718098334
scaled dual,13,937,0.005791610721499238
scaled dual,13,938,0.0
scaled dual,13,939,0.0
scaled dual,13,940,0.01319649215787649
scaled dual,13,941,0.006536176539957521
scaled dual,13,942,0.007479471787810322
scaled dual,13,943,0.0
scaled dual,13,944,0.0
scaled dual,13,945,0.008788938224315642
scaled dual,13,946,0.025860081538558004
scaled dual,13,947,0.04345984354615211
scaled dual,13,948,0.10512341022491455
scaled dual,13,949,0.12048417963087558
scaled dual,13,950,0.10359900385141373
scaled dual,13,951,0.11951122798025608
scaled dual,13,952,0.110716484002769
scaled dual,13,953,0.09546813093125821
scaled dual,13,954,0.09535815622657538
scaled dual,13,955,0.10810910366475583
scaled dual,13,956,0.09932608969509603
scaled dual,13,957,0.1043895234167576
scaled dual,13,958,0.10914522953331472
scaled dual,13,959,0.1057160444557667
scaled dual,13,960,0.1033134935051203
scaled dual,13,961,0.10189245875924828
scaled dual,13,962,0.1097277366369963
scaled dual,13,963,0.10909050296992066
scaled dual,13,964,0.11489775609225038
scaled dual,13,965,0.11630226556211713
scaled dual,13,966,0.10735809553414587
scaled dual,13,967,0.133326489366591
scaled dual,13,968,0.15960552584379914
scaled dual,13,969,0.23912368249148133
scaled dual,13,970,0.24712471250444654
scaled dual,13,971,0.23270636808127168
scaled dual,13,972,0.24608366254717115
scaled dual,13,973,0.2628152083978057
scaled dual,13,974,0.27077911589294673
scaled dual,13,975,0.27414093013852836
scaled dual,13,976,0.2618970795720816
scaled dual,13,977,0.2822180823236704
scaled dual,13,978,0.29336725272238257
scaled dual,13,979,0.2929245257750154
scaled dual,13,980,0.29199346449226143
scaled dual,13,981,0.3036233184114099
scaled dual,13,982,0.3022800910100341
scaled dual,13,983,0.2978995412960649
scaled dual,13,984,0.29258208572864536
scaled dual,13,985,0.2667323737032712
scaled dual,13,986,0.2624538131244481
scaled dual,13,987,0.252631568890065
scaled dual,13,988,0.24647626293823127
scaled dual,13,989,0.24935612240806226
scaled dual,13,990,0.23518233863636856
scaled dual,13,991,0.22925069445744162
scaled dual,13,992,0.21975690441206103
scaled dual,13,993,0.2136258314736188
scaled dual,13,994,0.21235615992918616
scaled dual,13,995,0.20749899657443172
scaled dual,13,996,0.18714355921372777
scaled dual,13,997,0.18516414536163217
scaled dual,13,998,0.2538130504451693
scaled dual,13,999,0.2503095504827798
scaled dual,13,1000,0.2425055753998459
scaled dual,13,1001,0.2462203422747553
scaled dual,13,1002,0.24826201142743237
scaled dual,13,1003,0.24162395441904672
scaled dual,13,1004,0.23568015182390817
scaled dual,13,1005,0.23570833416655668
scaled dual,13,1006,0.23218182587996133
scaled dual,13,1007,0.23275914395228037
scaled dual,13,1008,0.2219269129820169
scaled dual,13,1009,0.20044478951022038
scaled dual,13,1010,0.200225649829954
scaled dual,13,1011,0.21447552835568795
scaled dual,13,1012,0.2084999164380134
scaled dual,13,1013,0.207870636265725
scaled dual,13,1014,0.27812352096661935
scaled dual,13,1015,0.2777348759211601
scaled dual,13,1016,0.25068999763578187
scaled dual,13,1017,0.24908579502254735
scaled dual,13,1018,0.25643418677151214
scaled dual,13,1019,0.2538927383720876
scaled dual,13,1020,0.25147743295878183
scaled dual,13,1021,0.23840626526623976
scaled dual,13,1022,0.21268313394859445
scaled dual,13,1023,0.20617579272016895
scaled dual,13,1024,0.2232533388771118
scaled dual,13,1025,0.21804073626175535
scaled dual,13,1026,0.22040882932022227
scaled dual,13,1027,0.2939052032120527
scaled dual,13,1028,0.29600229537114514
scaled dual,13,1029,0.30048449998721494
scaled dual,13,1030,0.2918976132385434
scaled dual,13,1031,0.2909625286422671
scaled dual,13,1032,0.2633979746885599
scaled dual,13,1033,0.24281420031562462
scaled dual,13,1034,0.24034223323687925
scaled dual,13,1035,0.23335936801508084
scaled dual,13,1036,0.22888102943077698
scaled dual,13,1037,0.2217646637745203
scaled dual,13,1038,0.21488344309851543
scaled dual,13,1039,0.20366266435012237
scaled dual,13,1040,0.21637010039761678
scaled dual,13,1041,0.21577085072174684
scaled dual,13,1042,0.19079778797924535
scaled dual,13,1043,0.18852549180388467
scaled dual,13,1044,0.18049505632370727
scaled dual,13,1045,0.18146737623959797
scaled dual,13,1046,0.16974409773945826
scaled dual,13,1047,0.16693631902337092
scaled dual,13,1048,0.15751823153346795
scaled dual,13,1049,0.1582334132865073
scaled dual,13,1050,0.16647370006889123
scaled dual,13,1051,0.2391862542554738
scaled dual,13,1052,0.2517188251763584
scaled dual,13,1053,0.25238980170339365
scaled dual,13,1054,0.2647885741665961
scaled dual,13,1055,0.2709543492272498
scaled dual,13,1056,0.2687781562283637
scaled dual,13,1057,0.2823300550505521
scaled dual,13,1058,0.28117806542664786
scaled dual,13,1059,0.26042797546833774
scaled dual,13,1060,0.2528760116174819
scaled dual,13,1061,0.2587497751414778
scaled dual,13,1062,0.2549119210615756
scaled dual,13,1063,0.24319747615605614
scaled dual,13,1064,0.30835316721349976
scaled dual,13,1065,0.30209354382008335
scaled dual,13,1066,0.2965838493034246
scaled dual,13,1067,0.3561041167750957
scaled dual,13,1068,0.4175333254411819
scaled dual,13,1069,0.40442496538162254
scaled dual,13,1070,0.3949109283834698
scaled dual,13,1071,0.3844817598536613
scaled dual,13,1072,0.37205051321536325
scaled dual,13,1073,0.3602823030576112
scaled dual,13,1074,0.3502048345282676
scaled dual,13,1075,0.3318130023404958
scaled dual,13,1076,0.32409541673958325
scaled dual,13,1077,0.3737239115685227
scaled dual,13,1078,0.3565545799583199
scaled dual,13,1079,0.40502219982445264
scaled dual,13,1080,0.3946274716034534
scaled dual,13,1081,0.3760716707631948
scaled dual,13,1082,0.3796247740089896
scaled dual,13,1083,0.3677976483851674
scaled dual,13,1084,0.3374934856779876
scaled dual,13,1085,0.32208604874089386
scaled dual,13,1086,0.30952910615131285
scaled dual,13,1087,0.2942835097946229
scaled dual,13,1088,0.27844755737111
scaled dual,13,1089,0.2604276767931881
scaled dual,13,1090,0.252360873166472
scaled dual,13,1091,0.23847191112116006
scaled dual,13,1092,0.28315272683277753
scaled dual,13,1093,0.24952063424512771
scaled dual,13,1094,0.23425405984744457
scaled dual,13,1095,0.2030392266437414
scaled dual,13,1096,0.18334534496068983
scaled dual,13,1097,0.1723799907416108
scaled dual,13,1098,0.1470736635290089
scaled dual,13,1099,0.14020965369418292
scaled dual,13,1100,0.18613788286224037
scaled dual,13,1101,0.1673837382532659
scaled dual,13,1102,0.13881302064284712
scaled dual,13,1103,0.1298528970591727
scaled dual,13,1104,0.12723084734752804
scaled dual,13,1105,0.13242030763998658
scaled dual,13,1106,0.12270448563620479
scaled dual,13,1107,0.11943371852859885
scaled dual,13,1108,0.16807411735877426
scaled dual,13,1109,0.1619166041724387
scaled dual,13,1110,0.21074006376788051
scaled dual,13,1111,0.25944206958636673
scaled dual,13,1112,0.25434131415560873
scaled dual,13,1113,0.23543853512033852
scaled dual,13,1114,0.2339649877510968
scaled dual,13,1115,0.21639251453802022
scaled dual,13,1116,0.19891537150368127
scaled dual,13,1117,0.19936768280342254
scaled dual,13,1118,0.2032642065919939
scaled dual,13,1119,0.18087512394413385
scaled dual,13,1120,0.18650006135925684
scaled dual,13,1121,0.18030242679640684
scaled dual,13,1122,0.18192575981840525
scaled dual,13,1123,0.17222409391775761
scaled dual,13,1124,0.16958483336493407
scaled dual,13,1125,0.16093926398083602
scaled dual,13,1126,0.16077349839732086
scaled dual,13,1127,0.14399133155122434
scaled dual,13,1128,0.13490536766126787
scaled dual,13,1129,0.18273504087701475
scaled dual,13,1130,0.17861752459779418
scaled dual,13,1131,0.17734774129465258
scaled dual,13,1132,0.17539846504107154
scaled dual,13,1133,0.14923727450892366
scaled dual,13,1134,0.13870781650766767
scaled dual,13,1135,0.13432289423421062
scaled dual,13,1136,0.12659844478592314
scaled dual,13,1137,0.11607229297980703
scaled dual,13,1138,0.11506511935964264
scaled dual,13,1139,0.12544141774997153
scaled dual,13,1140,0.09903943143785038
scaled dual,13,1141,0.09539075225591698
scaled dual,13,1142,0.09078939992934504
scaled dual,13,1143,0.09819849994033614
scaled dual,13,1144,0.09935705177485982
scaled dual,13,1145,0.09554204769432584
scaled dual,13,1146,0.08332156866788903
scaled dual,13,1147,0.08296382956206838
scaled dual,13,1148,0.05699298972263972
scaled dual,13,1149,0.06966756405308883
scaled dual,13,1150,0.060082360040396854
scaled dual,13,1151,0.05876797569915693
scaled dual,13,1152,0.03673327293247025
scaled dual,13,1153,0.033642535135150364
scaled dual,13,1154,0.0076760725118223926
scaled dual,13,1155,0.0030403962917629965
scaled dual,13,1156,0.004074947182089495
scaled dual,13,1157,0.0
scaled dual,13,1158,0.0
scaled dual,13,1159,0.015590177439153193
scaled dual,13,1160,0.012502741180360315
scaled dual,13,1161,0.010285728313028809
scaled dual,13,1162,0.015107246339321131
scaled dual,13,1163,0.014441984519362443
scaled dual,13,1164,0.02098840042948722
scaled dual,13,1165,0.028197158984839907
scaled dual,13,1166,0.029461364708840837
scaled dual,13,1167,0.03119220495223998
scaled dual,13,1168,0.10797657594084739
scaled dual,13,1169,0.12046604059636593
scaled dual,13,1170,0.1332136445865035
scaled dual,13,1171,0.11571471326053143
scaled dual,13,1172,0.12582225523889065
scaled dual,13,1173,0.20604015178978444
scaled dual,13,1174,0.28690869823098186
scaled dual,13,1175,0.2892565629631281
scaled dual,13,1176,0.2831160277873278
scaled dual,13,1177,0.306203263476491
scaled dual,13,1178,0.31251653209328656
scaled dual,13,1179,0.31439474947750573
scaled dual,13,1180,0.3148149115219713
scaled dual,13,1181,0.3140075950697065
scaled dual,13,1182,0.31593392923474317
scaled dual,13,1183,0.31014194618910557
scaled dual,13,1184,0.28497786918655044
scaled dual,13,1185,0.27731477061286575
scaled dual,13,1186,0.3382342478074134
scaled dual,13,1187,0.3341722523234785
scaled dual,13,1188,0.32532975478097803
scaled dual,13,1189,0.29784450992941863
scaled dual,13,1190,0.295049508959055
scaled dual,13,1191,0.28887421682477005
scaled dual,13,1192,0.2758039990812541
scaled dual,13,1193,0.265625984966755
scaled dual,13,1194,0.2563273628801108
scaled dual,13,1195,0.26799119144678124
scaled dual,13,1196,0.2629070089012385
scaled dual,13,1197,0.2711804135143758
scaled dual,13,1198,0.2644872315227986
scaled dual,13,1199,0.2762690307199956
scaled dual,13,1200,0.28777026899158964
scaled dual,13,1201,0.34463201098144064
scaled dual,13,1202,0.3412569357454778
scaled dual,13,1203,0.3284347105771304
scaled dual,13,1204,0.32117260690778504
scaled dual,13,1205,0.31803549855947505
scaled dual,13,1206,0.372136278897524
scaled dual,13,1207,0.42833639070391666
scaled dual,13,1208,0.41891172342002403
scaled dual,13,1209,0.42599101416766655
scaled dual,13,1210,0.4117201539874078
scaled dual,13,1211,0.4170915947109462
scaled dual,13,1212,0.40406395703554165
scaled dual,13,1213,0.38593942373991025
scaled dual,13,1214,0.37030598741024745
scaled dual,13,1215,0.350636315457523
scaled dual,13,1216,0.3331343433633448
scaled dual,13,1217,0.3146564243733884
scaled dual,13,1218,0.29376057311892523
scaled dual,13,1219,0.27286902923136963
scaled dual,13,1220,0.2520526104792954
scaled dual,13,1221,0.23496039703488364
scaled dual,13,1222,0.21460124835371985
scaled dual,13,1223,0.21127175204455867
scaled dual,13,1224,0.19439913980662837
scaled dual,13,1225,0.17763237237930313
scaled dual,13,1226,0.15927783034741894
scaled dual,13,1227,0.13071867045015112
scaled dual,13,1228,0.11660781148821131
scaled dual,13,1229,0.1020614660903813
scaled dual,13,1230,0.08926699433475749
scaled dual,13,1231,0.07399669464677588
scaled dual,13,1232,0.059343335628509686
scaled dual,13,1233,0.0448901271447541
scaled dual,13,1234,0.04878661833703535
scaled dual,13,1235,0.02357974240556376
scaled dual,13,1236,0.028902335260063576
scaled dual,13,1237,0.025741925220936702
scaled dual,13,1238,0.0
scaled dual,13,1239,0.0
scaled dual,13,1240,0.05857906356453896
scaled dual,13,1241,0.06742890097200871
scaled dual,13,1242,0.058721515052020556
scaled dual,13,1243,0.039062078334391126
scaled dual,13,1244,0.03168947324156762
scaled dual,13,1245,0.02755337707698346
scaled dual,13,1246,0.023356926552951345
scaled dual,13,1247,0.024867928102612503
scaled dual,13,1248,0.02701644323766232
scaled dual,13,1249,0.03216279260814191
scaled dual,13,1250,0.035364554412662993
scaled dual,13,1251,0.03281196739524604
scaled dual,13,1252,0.03304127816110851
scaled dual,13,1253,0.03434835266321899
scaled dual,13,1254,0.0280024701729417
scaled dual,13,1255,0.01645490895956756
scaled dual,13,1256,0.03903820600360633
scaled dual,13,1257,0.0405761879682541
scaled dual,13,1258,0.04613933213055135
scaled dual,13,1259,0.05799473375082018
scaled dual,13,1260,0.07174292743206026
scaled dual,13,1261,0.0833989701420069
scaled dual,13,1262,0.09553766611963513
scaled dual,13,1263,0.12145317014306786
scaled dual,13,1264,0.13182097021490338
scaled dual,13,1265,0.1262808680161834
scaled dual,13,1266,0.13953959580510858
scaled dual,13,1267,0.2259956027194858
scaled dual,13,1268,0.31200118478387595
scaled dual,13,1269,0.3171372663229704
scaled dual,13,1270,0.326855454929173
scaled dual,13,1271,0.33046789273619653
scaled dual,13,1272,0.33148249469697477
scaled dual,13,1273,0.3387920363247395
scaled dual,13,1274,0.343827111274004
scaled dual,13,1275,0.4138940574228764
scaled dual,13,1276,0.40606092263013127
scaled dual,13,1277,0.4067377106100321
scaled dual,13,1278,0.3962108556553722
scaled dual,13,1279,0.38451539110392335
scaled dual,13,1280,0.3893301989510656
scaled dual,13,1281,0.37357043337076906
scaled dual,13,1282,0.3464338687062264
scaled dual,13,1283,0.395029536113143
scaled dual,13,1284,0.37987210806459193
scaled dual,13,1285,0.3624860576912761
scaled dual,13,1286,0.34442875191569333
scaled dual,13,1287,0.3262178757041693
scaled dual,13,1288,0.3076373296231032
scaled dual,13,1289,0.28542670700699097
scaled dual,13,1290,0.26292130216956144
scaled dual,13,1291,0.24348321754485375
scaled dual,13,1292,0.22070673497393734
scaled dual,13,1293,0.2013408185355366
scaled dual,13,1294,0.17754033980891115
scaled dual,13,1295,0.17250615997239954
scaled dual,13,1296,0.15054864289239056
scaled dual,13,1297,0.13311698565259583
scaled dual,13,1298,0.11599439246580012
scaled dual,13,1299,0.09904073188081391
scaled dual,13,1300,0.07885326785966762
scaled dual,13,1301,0.07681376041844495
scaled dual,13,1302,0.04697951979935178
scaled dual,13,1303,0.03118157930672177
scaled dual,13,1304,0.0023121283389628752
scaled dual,13,1305,0.006336443554610095
scaled dual,13,1306,0.010957014765590509
scaled dual,13,1307,0.0
scaled dual,13,1308,0.05228860355913639
scaled dual,13,1309,0.04304756980389357
scaled dual,13,1310,0.046744483225047595
scaled dual,13,1311,0.03602712158113719
scaled dual,13,1312,0.008630503714084633
scaled dual,13,1313,0.005208936855196959
scaled dual,13,1314,0.0
scaled dual,13,1315,0.0
scaled dual,13,1316,0.0
scaled dual,13,1317,0.0
scaled dual,13,1318,0.0
scaled dual,13,1319,0.0
scaled dual,13,1320,0.0
scaled dual,13,1321,0.0
scaled dual,13,1322,0.0
scaled dual,13,1323,0.0
scaled dual,13,1324,0.0
scaled dual,13,1325,0.0
scaled dual,13,1326,0.0032303208112716662
scaled dual,13,1327,0.0070253863185644125
scaled dual,13,1328,0.0071410617604851685
scaled dual,13,1329,0.0
scaled dual,13,1330,0.00025314796715974683
scaled dual,13,1331,0.0009501316770911192
scaled dual,13,1332,0.005649795457720753
scaled dual,13,1333,0.029373236224055285
scaled dual,13,1334,0.031104500219225877
scaled dual,13,1335,0.045517695471644394
scaled dual,13,1336,0.12414526559412478
scaled dual,13,1337,0.13540702823549508
scaled dual,13,1338,0.14058712873607873
scaled dual,13,1339,0.14704145081341266
scaled dual,13,1340,0.17201651461422443
scaled dual,13,1341,0.18789034496992826
scaled dual,13,1342,0.19973027266561985
scaled dual,13,1343,0.2001235055178404
scaled dual,13,1344,0.19396557323634625
scaled dual,13,1345,0.19752184297889472
scaled dual,13,1346,0.1969629940763116
scaled dual,13,1347,0.1934471866860986
scaled dual,13,1348,0.21749493259936573
scaled dual,13,1349,0.19709268230944874
scaled dual,13,1350,0.20794084925204517
scaled dual,13,1351,0.2184151926264167
scaled dual,13,1352,0.20007738180458548
scaled dual,13,1353,0.19473790511488917
scaled dual,13,1354,0.19562584254890683
scaled dual,13,1355,0.19293785054236653
scaled dual,13,1356,0.21446730021387342
scaled dual,13,1357,0.22248691942542795
scaled dual,13,1358,0.22383679751306776
scaled dual,13,1359,0.21678385026752953
scaled dual,13,1360,0.22682367578148846
scaled dual,13,1361,0.22138131588697438
scaled dual,13,1362,0.29934453636407854
scaled dual,13,1363,0.30248480759561064
scaled dual,13,1364,0.28147655734792354
scaled dual,13,1365,0.28049039902165535
scaled dual,13,1366,0.27432219890877607
scaled dual,13,1367,0.2839726337976754
scaled dual,13,1368,0.272713894341141
scaled dual,13,1369,0.28401029752567414
scaled dual,13,1370,0.2754016550816596
scaled dual,13,1371,0.2823172193206847
scaled dual,13,1372,0.25222291152924303
scaled dual,13,1373,0.24525122683495287
scaled dual,13,1374,0.23122365139424805
scaled dual,13,1375,0.21733524348586802
scaled dual,13,1376,0.27618862811475997
scaled dual,13,1377,0.2613731304928661
scaled dual,13,1378,0.25303349591791635
scaled dual,13,1379,0.23838550131767994
scaled dual,13,1380,0.22118359670042997
scaled dual,13,1381,0.20934980280697352
scaled dual,13,1382,0.17798033513128764
scaled dual,13,1383,0.16516375843435532
scaled dual,13,1384,0.14877151772379882
scaled dual,13,1385,0.13876803345978267
scaled dual,13,1386,0.12334956500679262
scaled dual,13,1387,0.12603102482855327
scaled dual,13,1388,0.12205386351794012
scaled dual,13,1389,0.11149211656302221
scaled dual,13,1390,0.12058808390051134
scaled dual,13,1391,0.10753622718155392
scaled dual,13,1392,0.10873003423213967
scaled dual,13,1393,0.09983780406415471
scaled dual,13,1394,0.09845723062753686
scaled dual,13,1395,0.09050287023186693
scaled dual,13,1396,0.1591795566678048
scaled dual,13,1397,0.15918855376541624
scaled dual,13,1398,0.14923926316201697
scaled dual,13,1399,0.1489378970116378
scaled dual,13,1400,0.13885640516877185
scaled dual,13,1401,0.13732330437749635
scaled dual,13,1402,0.1311939450725914
scaled dual,13,1403,0.11251887906342756
scaled dual,13,1404,0.10752211045473825
scaled dual,13,1405,0.10588579583913099
scaled dual,13,1406,0.10968037240207207
scaled dual,13,1407,0.11379655793309223
scaled dual,13,1408,0.11950830392539513
scaled dual,13,1409,0.12557074874639523
scaled dual,13,1410,0.12621505219489348
scaled dual,13,1411,0.20211721856147064
scaled dual,13,1412,0.17983281657099737
scaled dual,13,1413,0.16374828018248094
scaled dual,13,1414,0.1585009485483171
scaled dual,13,1415,0.23522917941212668
scaled dual,13,1416,0.24172924805432572
scaled dual,13,1417,0.2608542929217221
scaled dual,13,1418,0.24416125364601626
scaled dual,13,1419,0.23967511523515
scaled dual,13,1420,0.24440473966300502
scaled dual,13,1421,0.24005716342479005
scaled dual,13,1422,0.31037834201008097
scaled dual,13,1423,0.32580573823303
scaled dual,13,1424,0.32561203297227637
scaled dual,13,1425,0.3203518537431957
scaled dual,13,1426,0.31422915339469926
scaled dual,13,1427,0.31527695234864966
scaled dual,13,1428,0.3226283988356592
scaled dual,13,1429,0.3137003546580674
scaled dual,13,1430,0.3803441036120059
scaled dual,13,1431,0.3710814119502904
scaled dual,13,1432,0.3660798097774388
scaled dual,13,1433,0.42527406778186577
scaled dual,13,1434,0.4119778553023936
scaled dual,13,1435,0.39938026048243064
scaled dual,13,1436,0.38976951494812984
scaled dual,13,1437,0.39035526148974914
scaled dual,13,1438,0.44284259997308273
scaled dual,13,1439,0.425827211327851
scaled dual,13,1440,0.40887184642255325
scaled dual,13,1441,0.39106196511536856
scaled dual,13,1442,0.3720862402394416
scaled dual,13,1443,0.3703504976257684
scaled dual,13,1444,0.4154060496017339
scaled dual,13,1445,0.3984608081728222
scaled dual,13,1446,0.36746245857328197
scaled dual,13,1447,0.3458278892375531
scaled dual,13,1448,0.32497094398364446
scaled dual,13,1449,0.3061512994579973
scaled dual,13,1450,0.2842695640958848
scaled dual,13,1451,0.26543055737391136
scaled dual,13,1452,0.23290716705843828
scaled dual,13,1453,0.21436531743034742
scaled dual,13,1454,0.19627556437626503
scaled dual,13,1455,0.17864425020292424
scaled dual,13,1456,0.161652545090765
scaled dual,13,1457,0.14744511263445043
scaled dual,13,1458,0.1497627419792118
scaled dual,13,1459,0.13455111561343097
scaled dual,13,1460,0.11897005220875168
scaled dual,13,1461,0.10083793329075003
scaled dual,13,1462,0.0668717729672792
scaled dual,13,1463,0.05387495275586868
scaled dual,13,1464,0.0423070933669808
scaled dual,13,1465,0.02620860576629663
scaled dual,13,1466,0.013182448893785718
scaled dual,13,1467,0.06154821932315851
scaled dual,13,1468,0.051892360523343325
scaled dual,13,1469,0.03348089139908576
scaled dual,13,1470,0.022013517059386017
scaled dual,13,1471,0.02673831257969165
scaled dual,13,1472,0.01972476493567252
scaled dual,13,1473,0.012769769541919468
scaled dual,13,1474,0.0
scaled dual,13,1475,0.0
scaled dual,13,1476,0.054638116210699084
scaled dual,13,1477,0.06651940394192934
scaled dual,13,1478,0.06339962285012007
scaled dual,13,1479,0.055617044903337964
scaled dual,13,1480,0.03215905772522093
scaled dual,13,1481,0.028019036035984764
scaled dual,13,1482,0.023148373160511264
scaled dual,13,1483,0.022993639092892416
scaled dual,13,1484,0.08398853478953243
scaled dual,13,1485,0.06627017920836807
scaled dual,13,1486,0.0677181069366634
scaled dual,13,1487,0.056385960634797824
scaled dual,13,1488,0.055492250043898836
scaled dual,13,1489,0.05767518220469357
scaled dual,13,1490,0.12370167849585416
scaled dual,13,1491,0.1277070832066238
scaled dual,13,1492,0.1246681502275169
scaled dual,13,1493,0.10666893104091288
scaled dual,13,1494,0.11556953018531205
scaled dual,13,1495,0.12096302928403022
scaled dual,13,1496,0.11846858007833364
scaled dual,13,1497,0.10940868390724065
scaled dual,13,1498,0.11228472961112859
scaled dual,13,1499,0.12049927463755014
scaled dual,13,1500,0.12699870998039844
scaled dual,23,1,0.0
scaled dual,23,2,0.0
scaled dual,23,3,0.0
scaled dual,23,4,0.0
scaled dual,23,5,0.0
scaled dual,23,6,0.0
scaled dual,23,7,0.0
scaled dual,23,8,0.0
scaled dual,23,9,0.0
scaled dual,23,10,0.0
scaled dual,23,11,0.0
scaled dual,23,12,0.0
scaled dual,23,13,0.0
scaled dual,23,14,0.0
scaled dual,23,15,0.0
scaled dual,23,16,0.0
scaled dual,23,17,0.0
scaled dual,23,18,0.0
scaled dual,23,19,0.0
scaled dual,23,20,0.0
scaled dual,23,21,0.0
scaled dual,23,22,0.0
scaled dual,23,23,0.0
scaled dual,23,24,0.0
scaled dual,23,25,0.0
scaled dual,23,26,0.0
scaled dual,23,27,0.0
scaled dual,23,28,0.0
scaled dual,23,29,0.0
scaled dual,23,30,0.0
scaled dual,23,31,0.0
scaled dual,23,32,0.0
scaled dual,23,33,0.0
scaled dual,23,34,0.0
scaled dual,23,35,0.0
scaled dual,23,36,0.0
scaled dual,23,37,0.0
scaled dual,23,38,0.0
scaled dual,23,39,0.0
scaled dual,23,40,0.0
scaled dual,23,41,0.0
scaled dual,23,42,0.0
scaled dual,23,43,0.0
scaled dual,23,44,0.0
scaled dual,23,45,0.0
scaled dual,23,46,0.0
scaled dual,23,47,0.0
scaled dual,23,48,0.0
scaled dual,23,49,0.0
scaled dual,23,50,0.0
scaled dual,23,51,0.0
scaled dual,23,52,0.0
scaled dual,23,53,0.0
scaled dual,23,54,0.0
scaled dual,23,55,0.0
scaled dual,23,56,0.0
scaled dual,23,57,0.0
scaled dual,23,58,0.0
scaled dual,23,59,0.0
scaled dual,23,60,0.0
scaled dual,23,61,0.0
scaled dual,23,62,0.0
scaled dual,23,63,0.0
scaled dual,23,64,0.0
scaled dual,23,65,0.0
scaled dual,23,66,0.0
scaled dual,23,67,0.0
scaled dual,23,68,0.0
scaled dual,23,69,0.0
scaled dual,23,70,0.0
scaled dual,23,71,0.0
scaled dual,23,72,0.0
scaled dual,23,73,0.0
scaled dual,23,74,0.0
scaled dual,23,75,0.0
scaled dual,23,76,0.0
scaled dual,23,77,0.0
scaled dual,23,78,0.0
scaled dual,23,79,0.0
scaled dual,23,80,0.0
scaled dual,23,81,0.0
scaled dual,23,82,0.0
scaled dual,23,83,0.0
scaled dual,23,84,0.0
scaled dual,23,85,0.0
scaled dual,23,86,0.0
scaled dual,23,87,0.0
scaled dual,23,88,0.0
scaled dual,23,89,0.0
scaled dual,23,90,0.0
scaled dual,23,91,0.0
scaled dual,23,92,0.0
scaled dual,23,93,0.0
scaled dual,23,94,0.0
scaled dual,23,95,0.0
scaled dual,23,96,0.0
scaled dual,23,97,0.0
scaled dual,23,98,0.0
scaled dual,23,99,0.0
scaled dual,23,100,0.0
scaled dual,23,101,0.0
scaled dual,23,102,0.0
scaled dual,23,103,0.0
scaled dual,23,104,0.0
scaled dual,23,105,0.0
scaled dual,23,106,0.0
scaled dual,23,107,0.0
scaled dual,23,108,0.0
scaled dual,23,109,0.0
scaled dual,23,110,0.0
scaled dual,23,111,0.0
scaled dual,23,112,0.0
scaled dual,23,113,0.0
scaled dual,23,114,0.0
scaled dual,23,115,0.0
scaled dual,23,116,0.0
scaled dual,23,117,0.0
scaled dual,23,118,0.0
scaled dual,23,119,0.0
scaled dual,23,120,0.0
scaled dual,23,121,0.0
scaled dual,23,122,0.0
scaled dual,23,123,0.0
scaled dual,23,124,0.0
scaled dual,23,125,0.0
scaled dual,23,126,0.0
scaled dual,23,127,0.0
scaled dual,23,128,0.0
scaled dual,23,129,0.0
scaled dual,23,130,0.0
scaled dual,23,131,0.0
scaled dual,23,132,0.0
scaled dual,23,133,0.0
scaled dual,23,134,0.0
scaled dual,23,135,0.0
scaled dual,23,136,0.0
scaled dual,23,137,0.0
scaled dual,23,138,0.0
scaled dual,23,139,0.0
scaled dual,23,140,0.0
scaled dual,23,141,0.0
scaled dual,23,142,0.0
scaled dual,23,143,0.0
scaled dual,23,144,0.0
scaled dual,23,145,0.0
scaled dual,23,146,0.0
scaled dual,23,147,0.0
scaled dual,23,148,0.0
scaled dual,23,149,0.0
scaled dual,23,150,0.0
scaled dual,23,151,0.0
scaled dual,23,152,0.0
scaled dual,23,153,0.0
scaled dual,23,154,0.0
scaled dual,23,155,0.0
scaled dual,23,156,0.0
scaled dual,23,157,0.0
scaled dual,23,158,0.0
scaled dual,23,159,0.0
scaled dual,23,160,0.0
scaled dual,23,161,0.0
scaled dual,23,162,0.0
scaled dual,23,163,0.0
scaled dual,23,164,0.0
scaled dual,23,165,0.0
scaled dual,23,166,0.0
scaled dual,23,167,0.0
scaled dual,23,168,0.0
scaled dual,23,169,0.0
scaled dual,23,170,0.0
scaled dual,23,171,0.0
scaled dual,23,172,0.0
scaled dual,23,173,0.0
scaled dual,23,174,0.0
scaled dual,23,175,0.0
scaled dual,23,176,0.0
scaled dual,23,177,0.0
scaled dual,23,178,0.0
scaled dual,23,179,0.0
scaled dual,23,180,0.0
scaled dual,23,181,0.0
scaled dual,23,182,0.0
scaled dual,23,183,0.0
scaled dual,23,184,0.0
scaled dual,23,185,0.0
scaled dual,23,186,0.0
scaled dual,23,187,0.0
scaled dual,23,188,0.0
scaled dual,23,189,0.0
scaled dual,23,190,0.0
scaled dual,23,191,0.0
scaled dual,23,192,0.0
scaled dual,23,193,0.0
scaled dual,23,194,0.0
scaled dual,23,195,0.0
scaled dual,23,196,0.0
scaled dual,23,197,0.0
scaled dual,23,198,0.0
scaled dual,23,199,0.0
scaled dual,23,200,0.0
scaled dual,23,201,0.0
scaled dual,23,202,0.0
scaled dual,23,203,0.0
scaled dual,23,204,0.0
scaled dual,23,205,0.0
scaled dual,23,206,0.0
scaled dual,23,207,0.0
scaled dual,23,208,0.0
scaled dual,23,209,0.0
scaled dual,23,210,0.0
scaled dual,23,211,0.0
scaled dual,23,212,0.0
scaled dual,23,213,0.0
scaled dual,23,214,0.0
scaled dual,23,215,0.0
scaled dual,23,216,0.0
scaled dual,23,217,0.0
scaled dual,23,218,0.0
scaled dual,23,219,0.0
scaled dual,23,220,0.0
scaled dual,23,221,0.0
scaled dual,23,222,0.0
scaled dual,23,223,0.0
scaled dual,23,224,0.0
scaled dual,23,225,0.0
scaled dual,23,226,0.0
scaled dual,23,227,0.0
scaled dual,23,228,0.0
scaled dual,23,229,0.0
scaled dual,23,230,0.0
scaled dual,23,231,0.0
scaled dual,23,232,0.0
scaled dual,23,233,0.0
scaled dual,23,234,0.0
scaled dual,23,235,0.0
scaled dual,23,236,0.0
scaled dual,23,237,0.0
scaled dual,23,238,0.0
scaled dual,23,239,0.0
scaled dual,23,240,0.0
scaled dual,23,241,0.0
scaled dual,23,242,0.0
scaled dual,23,243,0.0
scaled dual,23,244,0.0
scaled dual,23,245,0.0
scaled dual,23,246,0.0
scaled dual,23,247,0.0
scaled dual,23,248,0.0
scaled dual,23,249,0.0
scaled dual,23,250,0.0
scaled dual,23,251,0.0
scaled dual,23,252,0.0
scaled dual,23,253,0.0
scaled dual,23,254,0.0
scaled dual,23,255,0.0
scaled dual,23,256,0.0
scaled dual,23,257,0.0
scaled dual,23,258,0.0
scaled dual,23,259,0.0
scaled dual,23,260,0.0
scaled dual,23,261,0.0
scaled dual,23,262,0.0
scaled dual,23,263,0.0
scaled dual,23,264,0.003802944496273993
scaled dual,23,265,0.0
scaled dual,23,266,0.0
scaled dual,23,267,0.0
scaled dual,23,268,0.0
scaled dual,23,269,0.0
scaled dual,23,270,0.0
scaled dual,23,271,0.0
scaled dual,23,272,0.0
scaled dual,23,273,0.0
scaled dual,23,274,0.0
scaled dual,23,275,0.0
scaled dual,23,276,0.0
scaled dual,23,277,0.0
scaled dual,23,278,0.0
scaled dual,23,279,0.0
scaled dual,23,280,0.0
scaled dual,23,281,0.005859905444085597
scaled dual,23,282,0.007245560288429258
scaled dual,23,283,0.0
scaled dual,23,284,0.12091477453708649
scaled dual,23,285,0.12106022901833058
scaled dual,23,286,0.12464744661003352
scaled dual,23,287,0.15111561607569457
scaled dual,23,288,0.1677095077931881
scaled dual,23,289,0.179020118303597
scaled dual,23,290,0.19860284302383663
scaled dual,23,291,0.32016227904707195
scaled dual,23,292,0.3355121985450387
scaled dual,23,293,0.31670341789722445
scaled dual,23,294,0.34202834233641627
scaled dual,23,295,0.3196755998954177
scaled dual,23,296,0.3232932670786977
scaled dual,23,297,0.35640594813972715
scaled dual,23,298,0.4381245592609048
scaled dual,23,299,0.42273475691676143
scaled dual,23,300,0.41502165097743277
scaled dual,23,301,0.4266142519935966
scaled dual,23,302,0.48318275775760416
scaled dual,23,303,0.46617283131927256
scaled dual,23,304,0.44235134661197667
scaled dual,23,305,0.40424675663933163
scaled dual,23,306,0.3813787367008627
scaled dual,23,307,0.35068242665380245
scaled dual,23,308,0.322903510183096
scaled dual,23,309,0.29412553371861583
scaled dual,23,310,0.27716778928413993
scaled dual,23,311,0.24790590925142175
scaled dual,23,312,0.2026218059379608
scaled dual,23,313,0.17078553610481328
scaled dual,23,314,0.13838058906607337
scaled dual,23,315,0.12207244212739177
scaled dual,23,316,0.07819328431971379
scaled dual,23,317,0.047189633166417555
scaled dual,23,318,0.007241348130628544
scaled dual,23,319,0.0
scaled dual,23,320,0.0
scaled dual,23,321,0.0
scaled dual,23,322,0.032807700857520106
scaled dual,23,323,0.024172739237546922
scaled dual,23,324,0.003385577984154224
scaled dual,23,325,0.0
scaled dual,23,326,0.03851112961769104
scaled dual,23,327,0.01813660014420748
scaled dual,23,328,0.0008201288804411885
scaled dual,23,329,0.0
scaled dual,23,330,0.0
scaled dual,23,331,0.0
scaled dual,23,332,0.0
scaled dual,23,333,0.04814483277499676
scaled dual,23,334,0.044817846380174164
scaled dual,23,335,0.0403945117071271
scaled dual,23,336,0.04458314016461373
scaled dual,23,337,0.03812527544796468
scaled dual,23,338,0.024778697043657313
scaled dual,23,339,0.012150540873408326
scaled dual,23,340,0.006948504112660892
scaled dual,23,341,0.003991108424961573
scaled dual,23,342,0.0030248431488871623
scaled dual,23,343,0.0
scaled dual,23,344,0.0
scaled dual,23,345,0.062106513008475306
scaled dual,23,346,0.0406186805292964
scaled dual,23,347,0.04423617076128722
scaled dual,23,348,0.03789390180259944
scaled dual,23,349,0.044275557436048996
scaled dual,23,350,0.031204762272536764
scaled dual,23,351,0.10151327487081291
scaled dual,23,352,0.11281300753355028
scaled dual,23,353,0.18500938549637796
scaled dual,23,354,0.20742212012410166
scaled dual,23,355,0.18857044741511347
scaled dual,23,356,0.18201964601874354
scaled dual,23,357,0.20267625086009505
scaled dual,23,358,0.21024404823780063
scaled dual,23,359,0.21927890684455636
scaled dual,23,360,0.23106224272400144
scaled dual,23,361,0.2356442385539413
scaled dual,23,362,0.2135490114614368
scaled dual,23,363,0.22837643105536704
scaled dual,23,364,0.232023560628295
scaled dual,23,365,0.23312040768563752
scaled dual,23,366,0.3041860762238503
scaled dual,23,367,0.2966786947846413
scaled dual,23,368,0.30408835824579006
scaled dual,23,369,0.2921358579769731
scaled dual,23,370,0.2804509965330363
scaled dual,23,371,0.26869612291455275
scaled dual,23,372,0.2604069287702442
scaled dual,23,373,0.2621650521084667
scaled dual,23,374,0.2533169154077769
scaled dual,23,375,0.2558578479662538
scaled dual,23,376,0.24293625533580787
scaled dual,23,377,0.23116498112678535
scaled dual,23,378,0.2175346566736699
scaled dual,23,379,0.20287545360624798
scaled dual,23,380,0.20033704131841668
scaled dual,23,381,0.2529549419134856
scaled dual,23,382,0.22996082089841374
scaled dual,23,383,0.21029568448662767
scaled dual,23,384,0.19376263711601505
scaled dual,23,385,0.18998226426541814
scaled dual,23,386,0.1703532864525915
scaled dual,23,387,0.16587903637439022
scaled dual,23,388,0.1473062388971449
scaled dual,23,389,0.13394621219486008
scaled dual,23,390,0.11265711231157194
scaled dual,23,391,0.09481027146801363
scaled dual,23,392,0.08363224973902117
scaled dual,23,393,0.08614571293815981
scaled dual,23,394,0.07025076588615786
scaled dual,23,395,0.04302037512883555
scaled dual,23,396,0.018715107925236337
scaled dual,23,397,0.013131228908896557
scaled dual,23,398,0.007673418372869601
scaled dual,23,399,0.0005206193774939666
scaled dual,23,400,0.0
scaled dual,23,401,0.0
scaled dual,23,402,0.0
scaled dual,23,403,0.0037050718069076526
scaled dual,23,404,0.012369613274931905
scaled dual,23,405,0.0
scaled dual,23,406,0.0
scaled dual,23,407,0.08831094071269036
scaled dual,23,408,0.07899784587323666
scaled dual,23,409,0.17256441682577134
scaled dual,23,410,0.19560899794101716
scaled dual,23,411,0.28829529210925103
scaled dual,23,412,0.30607765387743713
scaled dual,23,413,0.31436972685158254
scaled dual,23,414,0.30341689426451923
scaled dual,23,415,0.30938806015998127
scaled dual,23,416,0.3276533825322986
scaled dual,23,417,0.40649453286081555
scaled dual,23,418,0.41043250981718304
scaled dual,23,419,0.42030024554580453
scaled dual,23,420,0.411021851785481
scaled dual,23,421,0.38754671663045887
scaled dual,23,422,0.37942483924329284
scaled dual,23,423,0.3704529437422753
scaled dual,23,424,0.3606652515754104
scaled dual,23,425,0.3475226048752666
scaled dual,23,426,0.3358727797865868
scaled dual,23,427,0.3196381980180741
scaled dual,23,428,0.37209490530192857
scaled dual,23,429,0.3414608052745462
scaled dual,23,430,0.3304418255016208
scaled dual,23,431,0.3152145761996508
scaled dual,23,432,0.29556069947779184
scaled dual,23,433,0.2967232001200319
scaled dual,23,434,0.28599117945879704
scaled dual,23,435,0.2717990672588349
scaled dual,23,436,0.25129171721637256
scaled dual,23,437,0.23351115860044963
scaled dual,23,438,0.2129598035663367
scaled dual,23,439,0.2113282340392471
scaled dual,23,440,0.17708419499918826
scaled dual,23,441,0.15694955093786128
scaled dual,23,442,0.14404487112537034
scaled dual,23,443,0.11398542506620296
scaled dual,23,444,0.10076270325109371
scaled dual,23,445,0.08587939603254208
scaled dual,23,446,0.06720699360594162
scaled dual,23,447,0.07145989263430247
scaled dual,23,448,0.0633101593889297
scaled dual,23,449,0.05224901398643861
scaled dual,23,450,0.043286990504711964
scaled dual,23,451,0.04773817742243419
scaled dual,23,452,0.04937115428969274
scaled dual,23,453,0.05663165712729107
scaled dual,23,454,0.0497880013473333
scaled dual,23,455,0.03290198737755429
scaled dual,23,456,0.018904507625848162
scaled dual,23,457,0.015195604469627248
scaled dual,23,458,0.007486750017851696
scaled dual,23,459,0.0
scaled dual,23,460,0.0
scaled dual,23,461,0.009910930469632147
scaled dual,23,462,0.009744596779346464
scaled dual,23,463,0.0
scaled dual,23,464,0.0
scaled dual,23,465,0.0
scaled dual,23,466,0.0
scaled dual,23,467,0.07331292197108269
scaled dual,23,468,0.07635368604213
scaled dual,23,469,0.06873058311641217
scaled dual,23,470,0.09025245182216168
scaled dual,23,471,0.0739005932584405
scaled dual,23,472,0.07937936425209047
scaled dual,23,473,0.061626787222921864
scaled dual,23,474,0.04627117373049261
scaled dual,23,475,0.055075469464063664
scaled dual,23,476,0.06308902576565745
scaled dual,23,477,0.05293255314230921
scaled dual,23,478,0.13926964879035952
scaled dual,23,479,0.16070689752697948
scaled dual,23,480,0.15502733908593658
scaled dual,23,481,0.13524187579751018
scaled dual,23,482,0.12685861341655258
scaled dual,23,483,0.1267926856130362
scaled dual,23,484,0.11933258276432757
scaled dual,23,485,0.21095788631588225
scaled dual,23,486,0.23601034302264456
scaled dual,23,487,0.249288689121604
scaled dual,23,488,0.25456378452479844
scaled dual,23,489,0.26671154692769056
scaled dual,23,490,0.35654510691761976
scaled dual,23,491,0.34864299371838575
scaled dual,23,492,0.36099579144269234
scaled dual,23,493,0.35621861007064587
scaled dual,23,494,0.37699541140347725
scaled dual,23,495,0.36955669637769467
scaled dual,23,496,0.37942459043115384
scaled dual,23,497,0.4564604092016817
scaled dual,23,498,0.5302768320962787
scaled dual,23,499,0.5342914289608598
scaled dual,23,500,0.5325921289995312
scaled dual,23,501,0.5302093779668211
scaled dual,23,502,0.5275883992761372
scaled dual,23,503,0.519269323647022
scaled dual,23,504,0.5088356288895008
scaled dual,23,505,0.5626405373588201
scaled dual,23,506,0.5544904828071591
scaled dual,23,507,0.5370298008993264
scaled dual,23,508,0.5235350537300105
scaled dual,23,509,0.5702042338252062
scaled dual,23,510,0.5537992200255388
scaled dual,23,511,0.537359072081744
scaled dual,23,512,0.5242612965032452
scaled dual,23,513,0.49456714542582564
scaled dual,23,514,0.4702052840776735
scaled dual,23,515,0.45132880093529754
scaled dual,23,516,0.421421819366514
scaled dual,23,517,0.40416963730007344
scaled dual,23,518,0.3883461180329316
scaled dual,23,519,0.37141676962375575
scaled dual,23,520,0.4113141263276332
scaled dual,23,521,0.41041599661111766
scaled dual,23,522,0.3926140687987202
scaled dual,23,523,0.3791560390219086
scaled dual,23,524,0.3588120057061308
scaled dual,23,525,0.39681454006582434
scaled dual,23,526,0.3821370970457786
scaled dual,23,527,0.4193756209313863
scaled dual,23,528,0.40069151178002294
scaled dual,23,529,0.38577142197638686
scaled dual,23,530,0.3701521790027612
scaled dual,23,531,0.35103751011192735
scaled dual,23,532,0.3375024040788406
scaled dual,23,533,0.3259424795582884
scaled dual,23,534,0.31200715161859927
scaled dual,23,535,0.2956451183557504
scaled dual,23,536,0.28277972638606963
scaled dual,23,537,0.31785344682633815
scaled dual,23,538,0.3055854144692415
scaled dual,23,539,0.29964889016002355
scaled dual,23,540,0.2909448244050139
scaled dual,23,541,0.2777590248733753
scaled dual,23,542,0.26819633558392464
scaled dual,23,543,0.25922513857483803
scaled dual,23,544,0.25225062265992104
scaled dual,23,545,0.23391463723033606
scaled dual,23,546,0.22301403786987006
scaled dual,23,547,0.19730229197069943
scaled dual,23,548,0.19435537366196454
scaled dual,23,549,0.18883032163605035
scaled dual,23,550,0.1808426152355963
scaled dual,23,551,0.17882773661985935
scaled dual,23,552,0.1771124458499247
scaled dual,23,553,0.1756483048386866
scaled dual,23,554,0.1516883976571256
scaled dual,23,555,0.1281593878194684
scaled dual,23,556,0.1242440337315196
scaled dual,23,557,0.1173195577785367
scaled dual,23,558,0.1571408533677453
scaled dual,23,559,0.1524513699859375
scaled dual,23,560,0.19268422633409443
scaled dual,23,561,0.18876085821539107
scaled dual,23,562,0.18901349395513478
scaled dual,23,563,0.18539147388189975
scaled dual,23,564,0.18137389317154828
scaled dual,23,565,0.15573677647858802
scaled dual,23,566,0.140388455241918
scaled dual,23,567,0.13768382981419508
scaled dual,23,568,0.1392102680355305
scaled dual,23,569,0.1341364790499205
scaled dual,23,570,0.1182332711666817
scaled dual,23,571,0.10991913154721206
scaled dual,23,572,0.09423183217644637
scaled dual,23,573,0.07850293062627262
scaled dual,23,574,0.07439062975346988
scaled dual,23,575,0.11690585970878548
scaled dual,23,576,0.15966851413249916
scaled dual,23,577,0.16264890521764702
scaled dual,23,578,0.15795551028102583
scaled dual,23,579,0.1574218815937633
scaled dual,23,580,0.1539943356439466
scaled dual,23,581,0.132412367407232
scaled dual,23,582,0.12522413624450512
scaled dual,23,583,0.11791949441656419
scaled dual,23,584,0.10258964596316167
scaled dual,23,585,0.10119296530261584
scaled dual,23,586,0.10145541252568313
scaled dual,23,587,0.08915110049769231
scaled dual,23,588,0.08206831833347628
scaled dual,23,589,0.05782842997461507
scaled dual,23,590,0.051020583547651266
scaled dual,23,591,0.09745873045176218
scaled dual,23,592,0.07906913343816946
scaled dual,23,593,0.1269162316992874
scaled dual,23,594,0.1327162577584381
scaled dual,23,595,0.11855129826813887
scaled dual,23,596,0.1669352760538454
scaled dual,23,597,0.14879586953669738
scaled dual,23,598,0.13692424532026004
scaled dual,23,599,0.1363564743474121
scaled dual,23,600,0.13619250155985307
scaled dual,23,601,0.11736511308699799
scaled dual,23,602,0.09886839069426012
scaled dual,23,603,0.10022577058523846
scaled dual,23,604,0.10318990543484641
scaled dual,23,605,0.09163510784506751
scaled dual,23,606,0.09397258833050681
scaled dual,23,607,0.10409088708460285
scaled dual,23,608,0.10332909833639814
scaled dual,23,609,0.08544041316956236
scaled dual,23,610,0.08748025692999317
scaled dual,23,611,0.0977055180817838
scaled dual,23,612,0.10005444452166512
scaled dual,23,613,0.07771839138120368
scaled dual,23,614,0.07947778597474053
scaled dual,23,615,0.13307306304573968
scaled dual,23,616,0.1289118072018023
scaled dual,23,617,0.12449546676129059
scaled dual,23,618,0.12012067727744535
scaled dual,23,619,0.17430238954722838
scaled dual,23,620,0.1696364779397841
scaled dual,23,621,0.1683751696720715
scaled dual,23,622,0.17014475759118752
scaled dual,23,623,0.15035805098712401
scaled dual,23,624,0.13680976673960643
scaled dual,23,625,0.1360849980637427
scaled dual,23,626,0.13073790315538603
scaled dual,23,627,0.13029576759785372
scaled dual,23,628,0.13039914492517668
scaled dual,23,629,0.14563630919903475
scaled dual,23,630,0.14203630093485076
scaled dual,23,631,0.1382284540683027
scaled dual,23,632,0.13463319089263637
scaled dual,23,633,0.13209826175123413
scaled dual,23,634,0.1286625713855024
scaled dual,23,635,0.12688499841839035
scaled dual,23,636,0.12008005306124647
scaled dual,23,637,0.11540461868047674
scaled dual,23,638,0.12876978732645472
scaled dual,23,639,0.19221627794206103
scaled dual,23,640,0.19457790296524724
scaled dual,23,641,0.17017463967204055
scaled dual,23,642,0.18593148659914693
scaled dual,23,643,0.1876290646567937
scaled dual,23,644,0.17531739052385054
scaled dual,23,645,0.17043172404169998
scaled dual,23,646,0.14394297106191478
scaled dual,23,647,0.149585803840309
scaled dual,23,648,0.163986617159098
scaled dual,23,649,0.1771281938813623
scaled dual,23,650,0.1741375686042007
scaled dual,23,651,0.15395791372284257
scaled dual,23,652,0.14876323906704747
scaled dual,23,653,0.1496924154646691
scaled dual,23,654,0.16417110132053458
scaled dual,23,655,0.15487994844093883
scaled dual,23,656,0.16015952816233003
scaled dual,23,657,0.1653021615557369
scaled dual,23,658,0.1570917759276923
scaled dual,23,659,0.16168496625497902
scaled dual,23,660,0.15341078968718613
scaled dual,23,661,0.16702189268544282
scaled dual,23,662,0.16503126570954885
scaled dual,23,663,0.15396369883790578
scaled dual,23,664,0.14734262449666824
scaled dual,23,665,0.14465689560398426
scaled dual,23,666,0.21501406980678406
scaled dual,23,667,0.21516114478930798
scaled dual,23,668,0.21258093474432793
scaled dual,23,669,0.22101106232032147
scaled dual,23,670,0.2338917336799201
scaled dual,23,671,0.30127198183909026
scaled dual,23,672,0.2985394819267091
scaled dual,23,673,0.29147401770576803
scaled dual,23,674,0.28949681108817427
scaled dual,23,675,0.35187193615362017
scaled dual,23,676,0.3458079463802275
scaled dual,23,677,0.3379113000445065
scaled dual,23,678,0.32712638026103347
scaled dual,23,679,0.31227294055744975
scaled dual,23,680,0.31803840523585647
scaled dual,23,681,0.3035008235834536
scaled dual,23,682,0.2939746048860249
scaled dual,23,683,0.2848800448887047
scaled dual,23,684,0.27275994846597285
scaled dual,23,685,0.2657679190300402
scaled dual,23,686,0.26004295395687194
scaled dual,23,687,0.24575347198173375
scaled dual,23,688,0.2519007789157328
scaled dual,23,689,0.24446898361667962
scaled dual,23,690,0.23250649025663706
scaled dual,23,691,0.2246258486993608
scaled dual,23,692,0.21331249648705097
scaled dual,23,693,0.200376743096858
scaled dual,23,694,0.2635107097961006
scaled dual,23,695,0.2587799222581086
scaled dual,23,696,0.2544937015511093
scaled dual,23,697,0.2430357941053805
scaled dual,23,698,0.22960925234481666
scaled dual,23,699,0.2167930993996558
scaled dual,23,700,0.20429513746872519
scaled dual,23,701,0.18304992849007223
scaled dual,23,702,0.17987005846574877
scaled dual,23,703,0.18399824874475573
scaled dual,23,704,0.1845739695988593
scaled dual,23,705,0.19907901654019927
scaled dual,23,706,0.20748591227456903
scaled dual,23,707,0.18050241513177728
scaled dual,23,708,0.179048406910151
scaled dual,23,709,0.18090586977079487
scaled dual,23,710,0.2502143468149004
scaled dual,23,711,0.22772859288379527
scaled dual,23,712,0.294934916552156
scaled dual,23,713,0.2900449147634206
scaled dual,23,714,0.28724770655855514
scaled dual,23,715,0.27741648437455274
scaled dual,23,716,0.2769885188899932
scaled dual,23,717,0.27648381242528536
scaled dual,23,718,0.2710159715451298
scaled dual,23,719,0.24476327857002594
scaled dual,23,720,0.24077670158818343
scaled dual,23,721,0.2448378133587537
scaled dual,23,722,0.24846723383292535
scaled dual,23,723,0.24845710156485418
scaled dual,23,724,0.24519629029557088
scaled dual,23,725,0.24857721528038362
scaled dual,23,726,0.24130852250382284
scaled dual,23,727,0.3052406978420911
scaled dual,23,728,0.29872704224660973
scaled dual,23,729,0.28673492351546864
scaled dual,23,730,0.2878415913693605
scaled dual,23,731,0.2628040112555025
scaled dual,23,732,0.25858788654208165
scaled dual,23,733,0.2540480620414017
scaled dual,23,734,0.24668738253414613
scaled dual,23,735,0.2408622816577552
scaled dual,23,736,0.23031348474323732
scaled dual,23,737,0.22835373576730472
scaled dual,23,738,0.22840338043868524
scaled dual,23,739,0.2245994730666278
scaled dual,23,740,0.21746938437223418
scaled dual,23,741,0.21762863174080832
scaled dual,23,742,0.21280331961810572
scaled dual,23,743,0.27293765462934955
scaled dual,23,744,0.2699647151678799
scaled dual,23,745,0.26021730735898
scaled dual,23,746,0.25479289870709165
scaled dual,23,747,0.24030297283083185
scaled dual,23,748,0.20978529743850216
scaled dual,23,749,0.19991944868117556
scaled dual,23,750,0.20845926277339444
scaled dual,23,751,0.19892000555992112
scaled dual,23,752,0.19950396396219716
scaled dual,23,753,0.19609333548694835
scaled dual,23,754,0.17950398966670023
scaled dual,23,755,0.17510109752416597
scaled dual,23,756,0.1760137056931852
scaled dual,23,757,0.17322205282747732
scaled dual,23,758,0.15946397885680186
scaled dual,23,759,0.1519470280781387
scaled dual,23,760,0.21408402327448117
scaled dual,23,761,0.21116876527667033
scaled dual,23,762,0.20191618312150228
scaled dual,23,763,0.19479031797498453
scaled dual,23,764,0.18064122822135675
scaled dual,23,765,0.15909847332164634
scaled dual,23,766,0.12985736178234208
scaled dual,23,767,0.1245319434069096
scaled dual,23,768,0.11743958724662651
scaled dual,23,769,0.09278491109609593
scaled dual,23,770,0.11083986166864623
scaled dual,23,771,0.1215224115177988
scaled dual,23,772,0.11592053469270458
scaled dual,23,773,0.13360031593590965
scaled dual,23,774,0.11132111538201561
scaled dual,23,775,0.11637739654630413
scaled dual,23,776,0.1900685565546154
scaled dual,23,777,0.26476273234933606
scaled dual,23,778,0.23910722669214002
scaled dual,23,779,0.2595596204325556
scaled dual,23,780,0.26370452329516403
scaled dual,23,781,0.28281660415232174
scaled dual,23,782,0.28802891444414847
scaled dual,23,783,0.28507101584225886
scaled dual,23,784,0.28295233201235526
scaled dual,23,785,0.29795514293014996
scaled dual,23,786,0.30991023331880563
scaled dual,23,787,0.37143977336585515
scaled dual,23,788,0.36666234053671354
scaled dual,23,789,0.35791768774390215
scaled dual,23,790,0.33065776940435165
scaled dual,23,791,0.31741514522582287
scaled dual,23,792,0.31167361658066506
scaled dual,23,793,0.30028410080820317
scaled dual,23,794,0.2937143283709883
scaled dual,23,795,0.2791047694534063
scaled dual,23,796,0.27445447146892543
scaled dual,23,797,0.26051192112267013
scaled dual,23,798,0.24614766791462894
scaled dual,23,799,0.23381433121860024
scaled dual,23,800,0.23048552874475714
scaled dual,23,801,0.22761245965957638
scaled dual,23,802,0.21839825265109536
scaled dual,23,803,0.28028292462229726
scaled dual,23,804,0.2551710133254528
scaled dual,23,805,0.25932074975222347
scaled dual,23,806,0.2459178403019905
scaled dual,23,807,0.30461343094706533
scaled dual,23,808,0.2927107378095388
scaled dual,23,809,0.29934247218072413
scaled dual,23,810,0.2737858496978879
scaled dual,23,811,0.2631457785144448
scaled dual,23,812,0.2339542063511908
scaled dual,23,813,0.2283755893073976
scaled dual,23,814,0.22285928240045905
scaled dual,23,815,0.21165203111246228
scaled dual,23,816,0.1990325222723186
scaled dual,23,817,0.18830908374860883
scaled dual,23,818,0.17755504662171007
scaled dual,23,819,0.23321966657415033
scaled dual,23,820,0.29248984599485994
scaled dual,23,821,0.2814878302626312
scaled dual,23,822,0.2765370689891279
scaled dual,23,823,0.27208582723513247
scaled dual,23,824,0.26763269955292346
scaled dual,23,825,0.23820014767348768
scaled dual,23,826,0.23399055153131487
scaled dual,23,827,0.2217178858444095
scaled dual,23,828,0.2787778784707189
scaled dual,23,829,0.26583091195672753
scaled dual,23,830,0.32051835101097825
scaled dual,23,831,0.3171105490997434
scaled dual,23,832,0.29495127961039547
scaled dual,23,833,0.2904935418814421
scaled dual,23,834,0.343502104356885
scaled dual,23,835,0.3961170340329409
scaled dual,23,836,0.3798357697203756
scaled dual,23,837,0.363065640218556
scaled dual,23,838,0.3697941576316953
scaled dual,23,839,0.3599438619613648
scaled dual,23,840,0.3511943476647139
scaled dual,23,841,0.3498984687030316
scaled dual,23,842,0.3470877423509956
scaled dual,23,843,0.39268301438540226
scaled dual,23,844,0.3846211281418801
scaled dual,23,845,0.3739076780527831
scaled dual,23,846,0.3607433920726181
scaled dual,23,847,0.35537338662892587
scaled dual,23,848,0.35534512151032693
scaled dual,23,849,0.3465999890863896
scaled dual,23,850,0.3377231117710472
scaled dual,23,851,0.3236759832128883
scaled dual,23,852,0.3116218430548907
scaled dual,23,853,0.29747432257980116
scaled dual,23,854,0.297361791394651
scaled dual,23,855,0.28320526503026494
scaled dual,23,856,0.26327508352696904
scaled dual,23,857,0.24924781542271385
scaled dual,23,858,0.22953650403767833
scaled dual,23,859,0.22349235609173784
scaled dual,23,860,0.21013157036155472
scaled dual,23,861,0.1971071084961296
scaled dual,23,862,0.18047658890485774
scaled dual,23,863,0.1618852674216033
scaled dual,23,864,0.16560978524386893
scaled dual,23,865,0.159864042364061
scaled dual,23,866,0.1489749075844885
scaled dual,23,867,0.13798256363719713
scaled dual,23,868,0.13673366989940416
scaled dual,23,869,0.13578353047370922
scaled dual,23,870,0.11343192890286458
scaled dual,23,871,0.09688616432249558
scaled dual,23,872,0.07689617794007075
scaled dual,23,873,0.08141105335205806
scaled dual,23,874,0.08024695653468383
scaled dual,23,875,0.0736780455708505
scaled dual,23,876,0.0576105942949654
scaled dual,23,877,0.05868723630905165
scaled dual,23,878,0.03820603314787163
scaled dual,23,879,0.01666157858446254
scaled dual,23,880,0.003508384656161205
scaled dual,23,881,0.01842152783647193
scaled dual,23,882,0.024132621902972592
scaled dual,23,883,0.03424425238743438
scaled dual,23,884,0.033187807146459955
scaled dual,23,885,0.020777571145445244
scaled dual,23,886,0.03180491523817195
scaled dual,23,887,0.028550003897398844
scaled dual,23,888,0.029165864754468335
scaled dual,23,889,0.02427148574963225
scaled dual,23,890,0.03754088183864964
scaled dual,23,891,0.04312730906531227
scaled dual,23,892,0.052638869788497814
scaled dual,23,893,0.029963316973298914
scaled dual,23,894,0.032511825840920335
scaled dual,23,895,0.10940797416493309
scaled dual,23,896,0.11697430005297077
scaled dual,23,897,0.13135235650464905
scaled dual,23,898,0.1430403761751951
scaled dual,23,899,0.1373932650126518
scaled dual,23,900,0.13198099615052356
scaled dual,23,901,0.14381580622866763
scaled dual,23,902,0.14649092374369516
scaled dual,23,903,0.1718204116635026
scaled dual,23,904,0.17570952212438
scaled dual,23,905,0.1782443219237031
scaled dual,23,906,0.18920043380931034
scaled dual,23,907,0.17067982764914646
scaled dual,23,908,0.1750260079465808
scaled dual,23,909,0.1564019411616029
scaled dual,23,910,0.16950389476493016
scaled dual,23,911,0.17836552271619455
scaled dual,23,912,0.15540902713313715
scaled dual,23,913,0.16212064104154722
scaled dual,23,914,0.16994185129180567
scaled dual,23,915,0.24859919579699652
scaled dual,23,916,0.3256793920882048
scaled dual,23,917,0.3197295638360085
scaled dual,23,918,0.39194557407870906
scaled dual,23,919,0.38931336829438823
scaled dual,23,920,0.36198990814387816
scaled dual,23,921,0.348461125791073
scaled dual,23,922,0.3351314369216563
scaled dual,23,923,0.33275556836277265
scaled dual,23,924,0.32557339545339364
scaled dual,23,925,0.3229870945587756
scaled dual,23,926,0.3075066978111865
scaled dual,23,927,0.3093821119144561
scaled dual,23,928,0.30757703233510275
scaled dual,23,929,0.3090858219936492
scaled dual,23,930,0.30979054499417563
scaled dual,23,931,0.3246837718412282
scaled dual,23,932,0.3219195697084071
scaled dual,23,933,0.3145046965405347
scaled dual,23,934,0.30804828468710205
scaled dual,23,935,0.2958538407832386
scaled dual,23,936,0.2957053326070311
scaled dual,23,937,0.29765904765576146
scaled dual,23,938,0.2765363564901056
scaled dual,23,939,0.3243263646773996
scaled dual,23,940,0.3086030091531577
scaled dual,23,941,0.2927387026138606
scaled dual,23,942,0.27599616819992684
scaled dual,23,943,0.25530581327155255
scaled dual,23,944,0.2527247091569009
scaled dual,23,945,0.23870999062433862
scaled dual,23,946,0.2313504473306241
scaled dual,23,947,0.21718301983550214
scaled dual,23,948,0.19662763217464113
scaled dual,23,949,0.18318485746160174
scaled dual,23,950,0.1588066839985552
scaled dual,23,951,0.15797180505469466
scaled dual,23,952,0.205076788235456
scaled dual,23,953,0.18509531414136315
scaled dual,23,954,0.16695887854322816
scaled dual,23,955,0.1477042691223326
scaled dual,23,956,0.19677995881065752
scaled dual,23,957,0.18005910092964794
scaled dual,23,958,0.16690440757200148
scaled dual,23,959,0.1542401347123089
scaled dual,23,960,0.15475859319791224
scaled dual,23,961,0.1385274759493771
scaled dual,23,962,0.12173079444095519
scaled dual,23,963,0.11257963331416276
scaled dual,23,964,0.09502127429470447
scaled dual,23,965,0.08411785302683739
scaled dual,23,966,0.07166604278609184
scaled dual,23,967,0.062181440237909835
scaled dual,23,968,0.04841560835018782
scaled dual,23,969,0.0441014060564342
scaled dual,23,970,0.0326052957586947
scaled dual,23,971,0.021801563259214448
scaled dual,23,972,0.013541100416332767
scaled dual,23,973,0.07537050770595699
scaled dual,23,974,0.0710908761061731
scaled dual,23,975,0.07254773056134611
scaled dual,23,976,0.07201391560956866
scaled dual,23,977,0.06101222584024102
scaled dual,23,978,0.03990571407601268
scaled dual,23,979,0.041445144247263976
scaled dual,23,980,0.03304621236398847
scaled dual,23,981,0.012778025958687374
scaled dual,23,982,0.0
scaled dual,23,983,0.02097611367702484
scaled dual,23,984,0.02698097016662359
scaled dual,23,985,0.10526715468615294
scaled dual,23,986,0.11533762071281672
scaled dual,23,987,0.11908492334187032
scaled dual,23,988,0.09713659143075348
scaled dual,23,989,0.10985768532380463
scaled dual,23,990,0.10668217388913037
scaled dual,23,991,0.11507372142747047
scaled dual,23,992,0.1291415589861572
scaled dual,23,993,0.14727637512609365
scaled dual,23,994,0.14658946005627516
scaled dual,23,995,0.15035198980942371
scaled dual,23,996,0.16880592362955216
scaled dual,23,997,0.16466047698631886
scaled dual,23,998,0.1634081233851612
scaled dual,23,999,0.16735181400552396
scaled dual,23,1000,0.16229596229270105
scaled dual,23,1001,0.18026332197710876
scaled dual,23,1002,0.19553017681464557
scaled dual,23,1003,0.1763816124387086
scaled dual,23,1004,0.1946028832532466
scaled dual,23,1005,0.1754211311973632
scaled dual,23,1006,0.18357075838372117
scaled dual,23,1007,0.1703531774692238
scaled dual,23,1008,0.18409170867875224
scaled dual,23,1009,0.1782935230247677
scaled dual,23,1010,0.17752359917387373
scaled dual,23,1011,0.26449470197781927
scaled dual,23,1012,0.2713775069452823
scaled dual,23,1013,0.26943739956244833
scaled dual,23,1014,0.2812222441844643
scaled dual,23,1015,0.2863159691728652
scaled dual,23,1016,0.2675685347430409
scaled dual,23,1017,0.2670645407401026
scaled dual,23,1018,0.2703528736345471
scaled dual,23,1019,0.34905544316396125
scaled dual,23,1020,0.3407958930172027
scaled dual,23,1021,0.3351941372640432
scaled dual,23,1022,0.3321371040306986
scaled dual,23,1023,0.3341121137700976
scaled dual,23,1024,0.3151981029845775
scaled dual,23,1025,0.33528359288349757
scaled dual,23,1026,0.33020838828757415
scaled dual,23,1027,0.34454884259030233
scaled dual,23,1028,0.3373658082075418
scaled dual,23,1029,0.3413680929876865
scaled dual,23,1030,0.3402123827300967
scaled dual,23,1031,0.3283813222683967
scaled dual,23,1032,0.3191656810231508
scaled dual,23,1033,0.29351890651509177
scaled dual,23,1034,0.2901173817180098
scaled dual,23,1035,0.28389194717630756
scaled dual,23,1036,0.26047084502875817
scaled dual,23,1037,0.2515275551006199
scaled dual,23,1038,0.24279445070773376
scaled dual,23,1039,0.2425561444088818
scaled dual,23,1040,0.2343727019429208
scaled dual,23,1041,0.2290615421161057
scaled dual,23,1042,0.20851169116795076
scaled dual,23,1043,0.203146658986807
scaled dual,23,1044,0.1972191079705955
scaled dual,23,1045,0.20078805766999736
scaled dual,23,1046,0.2812760563939811
scaled dual,23,1047,0.2838024370372297
scaled dual,23,1048,0.28114333465695396
scaled dual,23,1049,0.28036769248545185
scaled dual,23,1050,0.3011697512865068
scaled dual,23,1051,0.306799927391112
scaled dual,23,1052,0.3263411523774268
scaled dual,23,1053,0.3227818429097535
scaled dual,23,1054,0.31741881307214515
scaled dual,23,1055,0.31740595202893035
scaled dual,23,1056,0.31398207549005763
scaled dual,23,1057,0.38424015697091835
scaled dual,23,1058,0.38752898812294023
scaled dual,23,1059,0.378403685167432
scaled dual,23,1060,0.37173141602426785
scaled dual,23,1061,0.36923297144472617
scaled dual,23,1062,0.43086769506335276
scaled dual,23,1063,0.41456271462142485
scaled dual,23,1064,0.4078849925845863
scaled dual,23,1065,0.4027620483934881
scaled dual,23,1066,0.3963705636933448
scaled dual,23,1067,0.38579472582787294
scaled dual,23,1068,0.3559202590584757
scaled dual,23,1069,0.34247620843350907
scaled dual,23,1070,0.3290240366756918
scaled dual,23,1071,0.3130337221920492
scaled dual,23,1072,0.3029277551919224
scaled dual,23,1073,0.3605682784318926
scaled dual,23,1074,0.3483789800852539
scaled dual,23,1075,0.34923098243773004
scaled dual,23,1076,0.33365434281528017
scaled dual,23,1077,0.32693278808146736
scaled dual,23,1078,0.3825475263968112
scaled dual,23,1079,0.3692681056633594
scaled dual,23,1080,0.3688107988610866
scaled dual,23,1081,0.3384199183806779
scaled dual,23,1082,0.30600612377747916
scaled dual,23,1083,0.29219893185421847
scaled dual,23,1084,0.26017568970099114
scaled dual,23,1085,0.22658126911148452
scaled dual,23,1086,0.2168126457743349
scaled dual,23,1087,0.20696880416944646
scaled dual,23,1088,0.20771999550983333
scaled dual,23,1089,0.1993775902502241
scaled dual,23,1090,0.19476398171857023
scaled dual,23,1091,0.18737865941599036
scaled dual,23,1092,0.1830821056850257
scaled dual,23,1093,0.1852341365627947
scaled dual,23,1094,0.17644312253221894
scaled dual,23,1095,0.23300318120047475
scaled dual,23,1096,0.22292278366163398
scaled dual,23,1097,0.20975040448829557
scaled dual,23,1098,0.22076273566111948
scaled dual,23,1099,0.20601881483569767
scaled dual,23,1100,0.20107703151181366
scaled dual,23,1101,0.19713736059144166
scaled dual,23,1102,0.19357542945072082
scaled dual,23,1103,0.18143472751602557
scaled dual,23,1104,0.17888828722760108
scaled dual,23,1105,0.1718316798843446
scaled dual,23,1106,0.16329737560823587
scaled dual,23,1107,0.15900248894467978
scaled dual,23,1108,0.22303123312070994
scaled dual,23,1109,0.21952318830415635
scaled dual,23,1110,0.21841519901528983
scaled dual,23,1111,0.28242829697206645
scaled dual,23,1112,0.27620624313131004
scaled dual,23,1113,0.3440406507439914
scaled dual,23,1114,0.3600572854466739
scaled dual,23,1115,0.3360029770806435
scaled dual,23,1116,0.33169851642102033
scaled dual,23,1117,0.31815242543816596
scaled dual,23,1118,0.30488900016993314
scaled dual,23,1119,0.30411798667162687
scaled dual,23,1120,0.3074087456613782
scaled dual,23,1121,0.3035429472476247
scaled dual,23,1122,0.289308078028262
scaled dual,23,1123,0.3000970268249515
scaled dual,23,1124,0.2939573018997911
scaled dual,23,1125,0.3526246548444036
scaled dual,23,1126,0.3501295863091949
scaled dual,23,1127,0.3434197895228866
scaled dual,23,1128,0.3231055445596579
scaled dual,23,1129,0.31290168624371323
scaled dual,23,1130,0.36850608687847886
scaled dual,23,1131,0.42367164831608567
scaled dual,23,1132,0.4075842993333939
scaled dual,23,1133,0.4594349577650431
scaled dual,23,1134,0.436135083548725
scaled dual,23,1135,0.43853019893169437
scaled dual,23,1136,0.4473063966631893
scaled dual,23,1137,0.4277722600847486
scaled dual,23,1138,0.41872991468757426
scaled dual,23,1139,0.40467955909669434
scaled dual,23,1140,0.37774209257215297
scaled dual,23,1141,0.3638142757490281
scaled dual,23,1142,0.3366451986134056
scaled dual,23,1143,0.32801981098949945
scaled dual,23,1144,0.3165115702152256
scaled dual,23,1145,0.2934475394710902
scaled dual,23,1146,0.26636933846399224
scaled dual,23,1147,0.27103858059272207
scaled dual,23,1148,0.2583277974836532
scaled dual,23,1149,0.2515058508329097
scaled dual,23,1150,0.2407137691788379
scaled dual,23,1151,0.2257147963531319
scaled dual,23,1152,0.21364589938893952
scaled dual,23,1153,0.21885329695418515
scaled dual,23,1154,0.26091259794309773
scaled dual,23,1155,0.24982901697978416
scaled dual,23,1156,0.25027793360874095
scaled dual,23,1157,0.23552863439545074
scaled dual,23,1158,0.2355758157186214
scaled dual,23,1159,0.2768726056627933
scaled dual,23,1160,0.2609244521521036
scaled dual,23,1161,0.26446878699585835
scaled dual,23,1162,0.24735716013237874
scaled dual,23,1163,0.22490964397788088
scaled dual,23,1164,0.21167470321059267
scaled dual,23,1165,0.18284505929797928
scaled dual,23,1166,0.15440010748803656
scaled dual,23,1167,0.143139393627644
scaled dual,23,1168,0.11498263027519029
scaled dual,23,1169,0.11217184804379982
scaled dual,23,1170,0.08429018806666178
scaled dual,23,1171,0.078588538654149
scaled dual,23,1172,0.11961845811456484
scaled dual,23,1173,0.09861529987305445
scaled dual,23,1174,0.08490551032125992
scaled dual,23,1175,0.07628762450069232
scaled dual,23,1176,0.0797228362783794
scaled dual,23,1177,0.07493732888251586
scaled dual,23,1178,0.04886233691126152
scaled dual,23,1179,0.031709852926433524
scaled dual,23,1180,0.024711150564253766
scaled dual,23,1181,0.02202339138835712
scaled dual,23,1182,0.015844751149416404
scaled dual,23,1183,0.010095883682370618
scaled dual,23,1184,0.0
scaled dual,23,1185,0.0
scaled dual,23,1186,0.047042919844388964
scaled dual,23,1187,0.03672934707254172
scaled dual,23,1188,0.009422043040394786
scaled dual,23,1189,0.0004043963178992291
scaled dual,23,1190,0.0
scaled dual,23,1191,0.0
scaled dual,23,1192,0.0
scaled dual,23,1193,0.0
scaled dual,23,1194,0.0
scaled dual,23,1195,0.0
scaled dual,23,1196,0.0
scaled dual,23,1197,0.0
scaled dual,23,1198,0.00914977915585041
scaled dual,23,1199,0.007423871308565137
scaled dual,23,1200,0.0
scaled dual,23,1201,0.0
scaled dual,23,1202,0.0
scaled dual,23,1203,0.0
scaled dual,23,1204,0.0
scaled dual,23,1205,0.0
scaled dual,23,1206,0.013895789682865142
scaled dual,23,1207,0.013780860342085359
scaled dual,23,1208,0.016141959168016907
scaled dual,23,1209,0.01028515607118606
scaled dual,23,1210,0.02907357439398765
scaled dual,23,1211,0.03299715775996446
scaled dual,23,1212,0.03739072374999522
scaled dual,23,1213,0.05527269512414931
scaled dual,23,1214,0.060488586351275436
scaled dual,23,1215,0.08114195019006729
scaled dual,23,1216,0.08121979530900716
scaled dual,23,1217,0.10076672930270433
scaled dual,23,1218,0.10298276998102665
scaled dual,23,1219,0.12312647685408593
scaled dual,23,1220,0.12405636571347714
scaled dual,23,1221,0.13943279530853034
scaled dual,23,1222,0.16001578841358424
scaled dual,23,1223,0.16380267690867187
scaled dual,23,1224,0.1662009681016207
scaled dual,23,1225,0.16862345505505802
scaled dual,23,1226,0.15739072278141977
scaled dual,23,1227,0.16737576324492695
scaled dual,23,1228,0.1556442937627435
scaled dual,23,1229,0.23139551136642697
scaled dual,23,1230,0.23351136501878503
scaled dual,23,1231,0.23938102606683972
scaled dual,23,1232,0.24254379339516166
scaled dual,23,1233,0.22668474417179826
scaled dual,23,1234,0.22816063020378355
scaled dual,23,1235,0.22398252673447136
scaled dual,23,1236,0.22655938506126408
scaled dual,23,1237,0.20973800487816338
scaled dual,23,1238,0.21339280854910617
scaled dual,23,1239,0.2067243298888207
scaled dual,23,1240,0.19959178250283008
scaled dual,23,1241,0.1950593107938767
scaled dual,23,1242,0.19252674721181398
scaled dual,23,1243,0.20154663946479565
scaled dual,23,1244,0.17523298677057034
scaled dual,23,1245,0.14886727314442402
scaled dual,23,1246,0.13881198871880776
scaled dual,23,1247,0.13884301625192172
scaled dual,23,1248,0.14070773411542184
scaled dual,23,1249,0.14095724061131484
scaled dual,23,1250,0.1417027276009322
scaled dual,23,1251,0.13452767465263613
scaled dual,23,1252,0.13022410340607174
scaled dual,23,1253,0.10389177303761252
scaled dual,23,1254,0.11073237512260684
scaled dual,23,1255,0.10121000744402417
scaled dual,23,1256,0.08372022170573482
scaled dual,23,1257,0.07251389242708692
scaled dual,23,1258,0.07924124103039512
scaled dual,23,1259,0.05810048220679173
scaled dual,23,1260,0.08011350249871621
scaled dual,23,1261,0.08667401863262067
scaled dual,23,1262,0.08714768981561075
scaled dual,23,1263,0.08620705453678976
scaled dual,23,1264,0.06229749931022535
scaled dual,23,1265,0.05761207183823
scaled dual,23,1266,0.058019977677613604
scaled dual,23,1267,0.05203980693593632
scaled dual,23,1268,0.03887687137350451
scaled dual,23,1269,0.017773179188370816
scaled dual,23,1270,0.0204665506258608
scaled dual,23,1271,0.02385226260870706
scaled dual,23,1272,0.004185743182897675
scaled dual,23,1273,0.018234390839934455
scaled dual,23,1274,0.019094323404133424
scaled dual,23,1275,0.0527712369337679
scaled dual,23,1276,0.055929212607443435
scaled dual,23,1277,0.07134628511965285
scaled dual,23,1278,0.07316017605364333
scaled dual,23,1279,0.09231581486761581
scaled dual,23,1280,0.11521766148507606
scaled dual,23,1281,0.13385878182947647
scaled dual,23,1282,0.1468197099119426
scaled dual,23,1283,0.14068564742803585
scaled dual,23,1284,0.14296440336853278
scaled dual,23,1285,0.16281387750059378
scaled dual,23,1286,0.18234984982758773
scaled dual,23,1287,0.19118107009679092
scaled dual,23,1288,0.21359566736966384
scaled dual,23,1289,0.22761895976960672
scaled dual,23,1290,0.24112358000129475
scaled dual,23,1291,0.23749578107148422
scaled dual,23,1292,0.23358025003224625
scaled dual,23,1293,0.25021922241896405
scaled dual,23,1294,0.2617272267490627
scaled dual,23,1295,0.28107354454696193
scaled dual,23,1296,0.2952697136998178
scaled dual,23,1297,0.2911512986943127
scaled dual,23,1298,0.2987911711260678
scaled dual,23,1299,0.3279465508088471
scaled dual,23,1300,0.35533631984144465
scaled dual,23,1301,0.35668811645358817
scaled dual,23,1302,0.3327930526062848
scaled dual,23,1303,0.328308842033148
scaled dual,23,1304,0.33330800518393533
scaled dual,23,1305,0.332618221640587
scaled dual,23,1306,0.3190534948930146
scaled dual,23,1307,0.3087927374243738
scaled dual,23,1308,0.2926816117763521
scaled dual,23,1309,0.28130129281431454
scaled dual,23,1310,0.27271676696836966
scaled dual,23,1311,0.27047760259360093
scaled dual,23,1312,0.26187566101551074
scaled dual,23,1313,0.2566522690281274
scaled dual,23,1314,0.2506188918277623
scaled dual,23,1315,0.242759274877608
scaled dual,23,1316,0.23276758581399937
scaled dual,23,1317,0.2197211354225876
scaled dual,23,1318,0.21990389868617077
scaled dual,23,1319,0.2113129886239769
scaled dual,23,1320,0.2035485528409483
scaled dual,23,1321,0.21864919919520637
scaled dual,23,1322,0.2342297886684539
scaled dual,23,1323,0.23587224639952203
scaled dual,23,1324,0.24771727308630964
scaled dual,23,1325,0.2514971021562817
scaled dual,23,1326,0.24484276097267887
scaled dual,23,1327,0.31895015697926304
scaled dual,23,1328,0.31169289618730567
scaled dual,23,1329,0.2988957655057313
scaled dual,23,1330,0.2730454015545549
scaled dual,23,1331,0.2708957046829166
scaled dual,23,1332,0.2652646355517211
scaled dual,23,1333,0.33019290694966935
scaled dual,23,1334,0.34006880106404447
scaled dual,23,1335,0.3352803087793293
scaled dual,23,1336,0.3293782014958563
scaled dual,23,1337,0.31718996485695267
scaled dual,23,1338,0.30493105946108723
scaled dual,23,1339,0.2943509002588692
scaled dual,23,1340,0.3005975793115797
scaled dual,23,1341,0.3603943285159769
scaled dual,23,1342,0.3651774760521951
scaled dual,23,1343,0.36856734173372413
scaled dual,23,1344,0.42163487555459167
scaled dual,23,1345,0.41752752000466015
scaled dual,23,1346,0.3827782198414209
scaled dual,23,1347,0.3607580829598012
scaled dual,23,1348,0.3242233745567503
scaled dual,23,1349,0.29909167731180814
scaled dual,23,1350,0.27761304629966643
scaled dual,23,1351,0.25318573625758317
scaled dual,23,1352,0.2113965349923822
scaled dual,23,1353,0.18768335844390122
scaled dual,23,1354,0.16254308371804682
scaled dual,23,1355,0.12369018304161755
scaled dual,23,1356,0.09843643597327201
scaled dual,23,1357,0.07204370002262322
scaled dual,23,1358,0.036967014363035844
scaled dual,23,1359,0.012114983974024936
scaled dual,23,1360,0.0
scaled dual,23,1361,0.0
scaled dual,23,1362,0.0
scaled dual,23,1363,0.0
scaled dual,23,1364,0.0
scaled dual,23,1365,0.0
scaled dual,23,1366,0.0
scaled dual,23,1367,0.0
scaled dual,23,1368,0.0
scaled dual,23,1369,0.0
scaled dual,23,1370,0.004877988770604132
scaled dual,23,1371,0.0
scaled dual,23,1372,0.0
scaled dual,23,1373,0.011611925959587096
scaled dual,23,1374,0.0
scaled dual,23,1375,0.0
scaled dual,23,1376,0.0
scaled dual,23,1377,0.0
scaled dual,23,1378,0.0005781842023134219
scaled dual,23,1379,0.0
scaled dual,23,1380,0.014284463189542292
scaled dual,23,1381,0.013141800761222837
scaled dual,23,1382,0.0031125840544700585
scaled dual,23,1383,0.0
scaled dual,23,1384,0.010759453810751437
scaled dual,23,1385,0.015087901726365087
scaled dual,23,1386,0.0351598036289215
scaled dual,23,1387,0.025973163768649093
scaled dual,23,1388,0.10606744587421417
scaled dual,23,1389,0.113214709199965
scaled dual,23,1390,0.10796201314777136
scaled dual,23,1391,0.08935191620141268
scaled dual,23,1392,0.06826093889772893
scaled dual,23,1393,0.07394036334007979
scaled dual,23,1394,0.0705480819195509
scaled dual,23,1395,0.0975498526543379
scaled dual,23,1396,0.18691851504147056
scaled dual,23,1397,0.1872684041410685
scaled dual,23,1398,0.16694568879902366
scaled dual,23,1399,0.1787284426018596
scaled dual,23,1400,0.19471132617443804
scaled dual,23,1401,0.1746769063919783
scaled dual,23,1402,0.19072525728493933
scaled dual,23,1403,0.18940621167421345
scaled dual,23,1404,0.20127979271113877
scaled dual,23,1405,0.19282947510480886
scaled dual,23,1406,0.21560423344373708
scaled dual,23,1407,0.2445708061009646
scaled dual,23,1408,0.235699474811554
scaled dual,23,1409,0.25086294353008276
scaled dual,23,1410,0.24898943036794668
scaled dual,23,1411,0.24600967362523085
scaled dual,23,1412,0.23618189267814166
scaled dual,23,1413,0.2422731991857291
scaled dual,23,1414,0.33132387079298503
scaled dual,23,1415,0.34426148787140853
scaled dual,23,1416,0.37351588577032097
scaled dual,23,1417,0.3757948279753328
scaled dual,23,1418,0.36234431397169836
scaled dual,23,1419,0.36921795472502716
scaled dual,23,1420,0.37440201334655293
scaled dual,23,1421,0.39502558417618283
scaled dual,23,1422,0.4128811991214753
scaled dual,23,1423,0.47987371906638154
scaled dual,23,1424,0.4717982681095601
scaled dual,23,1425,0.4648832171410323
scaled dual,23,1426,0.4559652778133751
scaled dual,23,1427,0.44154961559921513
scaled dual,23,1428,0.42659799586981545
scaled dual,23,1429,0.4189096677675844
scaled dual,23,1430,0.407752191014588
scaled dual,23,1431,0.37454793171957146
scaled dual,23,1432,0.35987046075984847
scaled dual,23,1433,0.4073874610476197
scaled dual,23,1434,0.4542332292161883
scaled dual,23,1435,0.4544355036877097
scaled dual,23,1436,0.43692838603630674
scaled dual,23,1437,0.4148619135282935
scaled dual,23,1438,0.39474824285134685
scaled dual,23,1439,0.3602539760619403
scaled dual,23,1440,0.3383369342610241
scaled dual,23,1441,0.37251724626868976
scaled dual,23,1442,0.34497488573193563
scaled dual,23,1443,0.3196792989969255
scaled dual,23,1444,0.2792482349649073
scaled dual,23,1445,0.3093383924290539
scaled dual,23,1446,0.2834600841440262
scaled dual,23,1447,0.2567256156727673
scaled dual,23,1448,0.2407197201624514
scaled dual,23,1449,0.2221767389774324
scaled dual,23,1450,0.19451120870187893
scaled dual,23,1451,0.22068889865651742
scaled dual,23,1452,0.24624439993873254
scaled dual,23,1453,0.21459379624575392
scaled dual,23,1454,0.19126624312251822
scaled dual,23,1455,0.16059055954217927
scaled dual,23,1456,0.1416854382306339
scaled dual,23,1457,0.09984503285028057
scaled dual,23,1458,0.08110464387573318
scaled dual,23,1459,0.06258975603617745
scaled dual,23,1460,0.03039951610378938
scaled dual,23,1461,0.0013945739995689897
scaled dual,23,1462,0.0
scaled dual,23,1463,0.0
scaled dual,23,1464,0.02597179315984249
scaled dual,23,1465,0.0
scaled dual,23,1466,0.0
scaled dual,23,1467,0.0
scaled dual,23,1468,0.0
scaled dual,23,1469,0.0
scaled dual,23,1470,0.0
scaled dual,23,1471,0.0
scaled dual,23,1472,0.0
scaled dual,23,1473,0.0
scaled dual,23,1474,0.0
scaled dual,23,1475,0.0
scaled dual,23,1476,0.0
scaled dual,23,1477,0.0
scaled dual,23,1478,0.0
scaled dual,23,1479,0.038332595080137255
scaled dual,23,1480,0.014941875003278256
scaled dual,23,1481,0.0030862741917371747
scaled dual,23,1482,0.0
scaled dual,23,1483,0.0
scaled dual,23,1484,0.0
scaled dual,23,1485,0.0
scaled dual,23,1486,0.04513116605579853
scaled dual,23,1487,0.025771349780261518
scaled dual,23,1488,0.012553033120930195
scaled dual,23,1489,0.0
scaled dual,23,1490,0.0
scaled dual,23,1491,0.0
scaled dual,23,1492,0.0
scaled dual,23,1493,0.0013686349242925631
scaled dual,23,1494,0.0
scaled dual,23,1495,0.0
scaled dual,23,1496,0.0
scaled dual,23,1497,0.0
scaled dual,23,1498,0.0
scaled dual,23,1499,0.0
scaled dual,23,1500,0.05818937957286835
scaled dual,42,1,0.0
scaled dual,42,2,0.0
scaled dual,42,3,0.0
scaled dual,42,4,0.0
scaled dual,42,5,0.0
scaled dual,42,6,0.0
scaled dual,42,7,0.0
scaled dual,42,8,0.0
scaled dual,42,9,0.0
scaled dual,42,10,0.0
scaled dual,42,11,0.0
scaled dual,42,12,0.0
scaled dual,42,13,0.0
scaled dual,42,14,0.0
scaled dual,42,15,0.0
scaled dual,42,16,0.0
scaled dual,42,17,0.0
scaled dual,42,18,0.0
scaled dual,42,19,0.0
scaled dual,42,20,0.0
scaled dual,42,21,0.0
scaled dual,42,22,0.0
scaled dual,42,23,0.0
scaled dual,42,24,0.0
scaled dual,42,25,0.0
scaled dual,42,26,0.0
scaled dual,42,27,0.0
scaled dual,42,28,0.0
scaled dual,42,29,0.0
scaled dual,42,30,0.0
scaled dual,42,31,0.0
scaled dual,42,32,0.0
scaled dual,42,33,0.0
scaled dual,42,34,0.0
scaled dual,42,35,0.0
scaled dual,42,36,0.0
scaled dual,42,37,0.0
scaled dual,42,38,0.0
scaled dual,42,39,0.0
scaled dual,42,40,0.0
scaled dual,42,41,0.0
scaled dual,42,42,0.0
scaled dual,42,43,0.0
scaled dual,42,44,0.0
scaled dual,42,45,0.0
scaled dual,42,46,0.0
scaled dual,42,47,0.0
scaled dual,42,48,0.0
scaled dual,42,49,0.0
scaled dual,42,50,0.0
scaled dual,42,51,0.0
scaled dual,42,52,0.0
scaled dual,42,53,0.0
scaled dual,42,54,0.0
scaled dual,42,55,0.0
scaled dual,42,56,0.0
scaled dual,42,57,0.0
scaled dual,42,58,0.0
scaled dual,42,59,0.0
scaled dual,42,60,0.0
scaled dual,42,61,0.0
scaled dual,42,62,0.0
scaled dual,42,63,0.0
scaled dual,42,64,0.0
scaled dual,42,65,0.0
scaled dual,42,66,0.0
scaled dual,42,67,0.0
scaled dual,42,68,0.0
scaled dual,42,69,0.0
scaled dual,42,70,0.0
scaled dual,42,71,0.0
scaled dual,42,72,0.0
scaled dual,42,73,0.0
scaled dual,42,74,0.0
scaled dual,42,75,0.0
scaled dual,42,76,0.0
scaled dual,42,77,0.0
scaled dual,42,78,0.0
scaled dual,42,79,0.0
scaled dual,42,80,0.0
scaled dual,42,81,0.0
scaled dual,42,82,0.0
scaled dual,42,83,0.0
scaled dual,42,84,0.0
scaled dual,42,85,0.0
scaled dual,42,86,0.0
scaled dual,42,87,0.0
scaled dual,42,88,0.0
scaled dual,42,89,0.0
scaled dual,42,90,0.0
scaled dual,42,91,0.0
scaled dual,42,92,0.0
scaled dual,42,93,0.0
scaled dual,42,94,0.0
scaled dual,42,95,0.0
scaled dual,42,96,0.0
scaled dual,42,97,0.0
scaled dual,42,98,0.0
scaled dual,42,99,0.0
scaled dual,42,100,0.0
scaled dual,42,101,0.0
scaled dual,42,102,0.0
scaled dual,42,103,0.0
scaled dual,42,104,0.0
scaled dual,42,105,0.0
scaled dual,42,106,0.0
scaled dual,42,107,0.0
scaled dual,42,108,0.0
scaled dual,42,109,0.0
scaled dual,42,110,0.0
scaled dual,42,111,0.0
scaled dual,42,112,0.0
scaled dual,42,113,0.0
scaled dual,42,114,0.0
scaled dual,42,115,0.0
scaled dual,42,116,0.0
scaled dual,42,117,0.0
scaled dual,42,118,0.0
scaled dual,42,119,0.0
scaled dual,42,120,0.0
scaled dual,42,121,0.0
scaled dual,42,122,0.0
scaled dual,42,123,0.0
scaled dual,42,124,0.0
scaled dual,42,125,0.0
scaled dual,42,126,0.0
scaled dual,42,127,0.0
scaled dual,42,128,0.0
scaled dual,42,129,0.0
scaled dual,42,130,0.0
scaled dual,42,131,0.0
scaled dual,42,132,0.0
scaled dual,42,133,0.0
scaled dual,42,134,0.0
scaled dual,42,135,0.0
scaled dual,42,136,0.0
scaled dual,42,137,0.0
scaled dual,42,138,0.0
scaled dual,42,139,0.0
scaled dual,42,140,0.0
scaled dual,42,141,0.0
scaled dual,42,142,0.0
scaled dual,42,143,0.0
scaled dual,42,144,0.0
scaled dual,42,145,0.0
scaled dual,42,146,0.0
scaled dual,42,147,0.0
scaled dual,42,148,0.0
scaled dual,42,149,0.0
scaled dual,42,150,0.0
scaled dual,42,151,0.0
scaled dual,42,152,0.0
scaled dual,42,153,0.0
scaled dual,42,154,0.0
scaled dual,42,155,0.0
scaled dual,42,156,0.0
scaled dual,42,157,0.0
scaled dual,42,158,0.0
scaled dual,42,159,0.0
scaled dual,42,160,0.0
scaled dual,42,161,0.0
scaled dual,42,162,0.0
scaled dual,42,163,0.0
scaled dual,42,164,0.0
scaled dual,42,165,0.0
scaled dual,42,166,0.0
scaled dual,42,167,0.0
scaled dual,42,168,0.0
scaled dual,42,169,0.0
scaled dual,42,170,0.0
scaled dual,42,171,0.0
scaled dual,42,172,0.0
scaled dual,42,173,0.0
scaled dual,42,174,0.0
scaled dual,42,175,0.0
scaled dual,42,176,0.0
scaled dual,42,177,0.0
scaled dual,42,178,0.0
scaled dual,42,179,0.0
scaled dual,42,180,0.0
scaled dual,42,181,0.0
scaled dual,42,182,0.0
scaled dual,42,183,0.0
scaled dual,42,184,0.0
scaled dual,42,185,0.0
scaled dual,42,186,0.0
scaled dual,42,187,0.0
scaled dual,42,188,0.0
scaled dual,42,189,0.0
scaled dual,42,190,0.0
scaled dual,42,191,0.0
scaled dual,42,192,0.0
scaled dual,42,193,0.0
scaled dual,42,194,0.0
scaled dual,42,195,0.0
scaled dual,42,196,0.0
scaled dual,42,197,0.0
scaled dual,42,198,0.0
scaled dual,42,199,0.0
scaled dual,42,200,0.0
scaled dual,42,201,0.0
scaled dual,42,202,0.0
scaled dual,42,203,0.0
scaled dual,42,204,0.0
scaled dual,42,205,0.0
scaled dual,42,206,0.0
scaled dual,42,207,0.0
scaled dual,42,208,0.0
scaled dual,42,209,0.0
scaled dual,42,210,0.0
scaled dual,42,211,0.0
scaled dual,42,212,0.0
scaled dual,42,213,0.0
scaled dual,42,214,0.0
scaled dual,42,215,0.0
scaled dual,42,216,0.0
scaled dual,42,217,0.0
scaled dual,42,218,0.0
scaled dual,42,219,0.0
scaled dual,42,220,0.0
scaled dual,42,221,0.0
scaled dual,42,222,0.0
scaled dual,42,223,0.0
scaled dual,42,224,0.0
scaled dual,42,225,0.0
scaled dual,42,226,0.0
scaled dual,42,227,0.0
scaled dual,42,228,0.0
scaled dual,42,229,0.0
scaled dual,42,230,0.0
scaled dual,42,231,0.0
scaled dual,42,232,0.0
scaled dual,42,233,0.0
scaled dual,42,234,0.0
scaled dual,42,235,0.0
scaled dual,42,236,0.0
scaled dual,42,237,0.0
scaled dual,42,238,0.0
scaled dual,42,239,0.0
scaled dual,42,240,0.0
scaled dual,42,241,0.0
scaled dual,42,242,0.0
scaled dual,42,243,0.0
scaled dual,42,244,0.0
scaled dual,42,245,0.0
scaled dual,42,246,0.0
scaled dual,42,247,0.0
scaled dual,42,248,0.0
scaled dual,42,249,0.0
scaled dual,42,250,0.0
scaled dual,42,251,0.0
scaled dual,42,252,0.0
scaled dual,42,253,0.0
scaled dual,42,254,0.0
scaled dual,42,255,0.0
scaled dual,42,256,0.0
scaled dual,42,257,0.0
scaled dual,42,258,0.0
scaled dual,42,259,0.0
scaled dual,42,260,0.0
scaled dual,42,261,0.0
scaled dual,42,262,0.0
scaled dual,42,263,0.0
scaled dual,42,264,0.0
scaled dual,42,265,0.0
scaled dual,42,266,0.0
scaled dual,42,267,0.0
scaled dual,42,268,0.0
scaled dual,42,269,0.0
scaled dual,42,270,0.0
scaled dual,42,271,0.0
scaled dual,42,272,0.0
scaled dual,42,273,0.0
scaled dual,42,274,0.0
scaled dual,42,275,0.0
scaled dual,42,276,0.0
scaled dual,42,277,0.0
scaled dual,42,278,0.0
scaled dual,42,279,0.0
scaled dual,42,280,0.0
scaled dual,42,281,0.0
scaled dual,42,282,0.0
scaled dual,42,283,0.0
scaled dual,42,284,0.0
scaled dual,42,285,0.0
scaled dual,42,286,0.0
scaled dual,42,287,0.0
scaled dual,42,288,0.0
scaled dual,42,289,0.0
scaled dual,42,290,0.0
scaled dual,42,291,0.0
scaled dual,42,292,0.0
scaled dual,42,293,0.0
scaled dual,42,294,0.0
scaled dual,42,295,0.0
scaled dual,42,296,0.0
scaled dual,42,297,0.0
scaled dual,42,298,0.0
scaled dual,42,299,0.0
scaled dual,42,300,0.0
scaled dual,42,301,0.0
scaled dual,42,302,0.0
scaled dual,42,303,0.0
scaled dual,42,304,0.0
scaled dual,42,305,0.0
scaled dual,42,306,0.0
scaled dual,42,307,0.0
scaled dual,42,308,0.0
scaled dual,42,309,0.0
scaled dual,42,310,0.0
scaled dual,42,311,0.0
scaled dual,42,312,0.0
scaled dual,42,313,0.0
scaled dual,42,314,0.0
scaled dual,42,315,0.0
scaled dual,42,316,0.0
scaled dual,42,317,0.0
scaled dual,42,318,0.0
scaled dual,42,319,0.0
scaled dual,42,320,0.0
scaled dual,42,321,0.0
scaled dual,42,322,0.0
scaled dual,42,323,0.0
scaled dual,42,324,0.0
scaled dual,42,325,0.0
scaled dual,42,326,0.0
scaled dual,42,327,0.0
scaled dual,42,328,0.0
scaled dual,42,329,0.0
scaled dual,42,330,0.0
scaled dual,42,331,0.0
scaled dual,42,332,0.0
scaled dual,42,333,0.0
scaled dual,42,334,0.0
scaled dual,42,335,0.0
scaled dual,42,336,0.0
scaled dual,42,337,0.0
scaled dual,42,338,0.0
scaled dual,42,339,0.0
scaled dual,42,340,0.0
scaled dual,42,341,0.0
scaled dual,42,342,0.0
scaled dual,42,343,0.0
scaled dual,42,344,0.0
scaled dual,42,345,0.0
scaled dual,42,346,0.0
scaled dual,42,347,0.0
scaled dual,42,348,0.0
scaled dual,42,349,0.0
scaled dual,42,350,0.0
scaled dual,42,351,0.0
scaled dual,42,352,0.0
scaled dual,42,353,0.0
scaled dual,42,354,0.0
scaled dual,42,355,0.0
scaled dual,42,356,0.0
scaled dual,42,357,0.0
scaled dual,42,358,0.0
scaled dual,42,359,0.0
scaled dual,42,360,0.0
scaled dual,42,361,0.0
scaled dual,42,362,0.0
scaled dual,42,363,0.0
scaled dual,42,364,0.0
scaled dual,42,365,0.0
scaled dual,42,366,0.0
scaled dual,42,367,0.0
scaled dual,42,368,0.0
scaled dual,42,369,0.0
scaled dual,42,370,0.0
scaled dual,42,371,0.0
scaled dual,42,372,0.0
scaled dual,42,373,0.0
scaled dual,42,374,0.0
scaled dual,42,375,0.0
scaled dual,42,376,0.0
scaled dual,42,377,0.0
scaled dual,42,378,0.0
scaled dual,42,379,0.0
scaled dual,42,380,0.0
scaled dual,42,381,0.0
scaled dual,42,382,0.0
scaled dual,42,383,0.0
scaled dual,42,384,0.0
scaled dual,42,385,0.0
scaled dual,42,386,0.0
scaled dual,42,387,0.0
scaled dual,42,388,0.0
scaled dual,42,389,0.0
scaled dual,42,390,0.0
scaled dual,42,391,0.0
scaled dual,42,392,0.0
scaled dual,42,393,0.0
scaled dual,42,394,0.0
scaled dual,42,395,0.0
scaled dual,42,396,0.0
scaled dual,42,397,0.0
scaled dual,42,398,0.0
scaled dual,42,399,0.0
scaled dual,42,400,0.0
scaled dual,42,401,0.0
scaled dual,42,402,0.0
scaled dual,42,403,0.0
scaled dual,42,404,0.0
scaled dual,42,405,0.0
scaled dual,42,406,0.0
scaled dual,42,407,0.0
scaled dual,42,408,0.0
scaled dual,42,409,0.0
scaled dual,42,410,0.0
scaled dual,42,411,0.0
scaled dual,42,412,0.0
scaled dual,42,413,0.0
scaled dual,42,414,0.0
scaled dual,42,415,0.0
scaled dual,42,416,0.0
scaled dual,42,417,0.0
scaled dual,42,418,0.0
scaled dual,42,419,0.0
scaled dual,42,420,0.0
scaled dual,42,421,0.0
scaled dual,42,422,0.0
scaled dual,42,423,0.0
scaled dual,42,424,0.0
scaled dual,42,425,0.0
scaled dual,42,426,0.0
scaled dual,42,427,0.0
scaled dual,42,428,0.0
scaled dual,42,429,0.0
scaled dual,42,430,0.0
scaled dual,42,431,0.0
scaled dual,42,432,0.0
scaled dual,42,433,0.0
scaled dual,42,434,0.0
scaled dual,42,435,0.0
scaled dual,42,436,0.0
scaled dual,42,437,0.0
scaled dual,42,438,0.0
scaled dual,42,439,0.0
scaled dual,42,440,0.0
scaled dual,42,441,0.0
scaled dual,42,442,0.0
scaled dual,42,443,0.0
scaled dual,42,444,0.0
scaled dual,42,445,0.0
scaled dual,42,446,0.0
scaled dual,42,447,0.0
scaled dual,42,448,0.0
scaled dual,42,449,0.0
scaled dual,42,450,0.0
scaled dual,42,451,0.0
scaled dual,42,452,0.0
scaled dual,42,453,0.0
scaled dual,42,454,0.0
scaled dual,42,455,0.0
scaled dual,42,456,0.0
scaled dual,42,457,0.0
scaled dual,42,458,0.0
scaled dual,42,459,0.0
scaled dual,42,460,0.0
scaled dual,42,461,0.0
scaled dual,42,462,0.0
scaled dual,42,463,0.0
scaled dual,42,464,0.0
scaled dual,42,465,0.0
scaled dual,42,466,0.0
scaled dual,42,467,0.0
scaled dual,42,468,0.0
scaled dual,42,469,0.0
scaled dual,42,470,0.0
scaled dual,42,471,0.0
scaled dual,42,472,0.0
scaled dual,42,473,0.0
scaled dual,42,474,0.0
scaled dual,42,475,0.0
scaled dual,42,476,0.0
scaled dual,42,477,0.0
scaled dual,42,478,0.001803520657122134
scaled dual,42,479,0.0
scaled dual,42,480,0.0
scaled dual,42,481,0.0
scaled dual,42,482,0.0
scaled dual,42,483,0.0
scaled dual,42,484,0.0
scaled dual,42,485,0.0
scaled dual,42,486,0.0
scaled dual,42,487,0.0
scaled dual,42,488,0.0
scaled dual,42,489,0.0
scaled dual,42,490,0.0
scaled dual,42,491,0.0
scaled dual,42,492,0.0
scaled dual,42,493,0.0
scaled dual,42,494,0.0
scaled dual,42,495,0.0
scaled dual,42,496,0.0
scaled dual,42,497,0.0
scaled dual,42,498,0.0
scaled dual,42,499,0.0
scaled dual,42,500,0.0
scaled dual,42,501,0.0
scaled dual,42,502,0.0
scaled dual,42,503,0.0
scaled dual,42,504,0.0
scaled dual,42,505,0.0
scaled dual,42,506,0.0
scaled dual,42,507,0.0
scaled dual,42,508,0.0
scaled dual,42,509,0.0
scaled dual,42,510,0.0
scaled dual,42,511,0.0
scaled dual,42,512,0.0
scaled dual,42,513,0.0
scaled dual,42,514,5.126051604747647e-05
scaled dual,42,515,0.010993705242872236
scaled dual,42,516,0.05644568398594856
scaled dual,42,517,0.06247679911553859
scaled dual,42,518,0.23951394744217397
scaled dual,42,519,0.2456688725948334
scaled dual,42,520,0.2584286117181182
scaled dual,42,521,0.2795189800485969
scaled dual,42,522,0.3113482613489032
scaled dual,42,523,0.34043899793177845
scaled dual,42,524,0.3447589195892215
scaled dual,42,525,0.33755413416773083
scaled dual,42,526,0.3252504135295749
scaled dual,42,527,0.30173137350007895
scaled dual,42,528,0.29743860093876723
scaled dual,42,529,0.27294625431299213
scaled dual,42,530,0.24861092401668433
scaled dual,42,531,0.2382060397230089
scaled dual,42,532,0.22945755453780298
scaled dual,42,533,0.22086198786273603
scaled dual,42,534,0.20492358529940252
scaled dual,42,535,0.19598072843626146
scaled dual,42,536,0.19051774440333252
scaled dual,42,537,0.1783259128592909
scaled dual,42,538,0.19907740084454423
scaled dual,42,539,0.1972582955472172
scaled dual,42,540,0.29353746457025415
scaled dual,42,541,0.29057053213939077
scaled dual,42,542,0.3829334431700409
scaled dual,42,543,0.37952560400590307
scaled dual,42,544,0.37424934549257166
scaled dual,42,545,0.36619843488559134
scaled dual,42,546,0.4446161873452366
scaled dual,42,547,0.4373354292847217
scaled dual,42,548,0.43299543866887696
scaled dual,42,549,0.4218611239083112
scaled dual,42,550,0.41195655541494497
scaled dual,42,551,0.40628597492352136
scaled dual,42,552,0.37990106906741866
scaled dual,42,553,0.3724090078845621
scaled dual,42,554,0.3459655148535968
scaled dual,42,555,0.35314775865525017
scaled dual,42,556,0.3416794529929758
scaled dual,42,557,0.3318238813802601
scaled dual,42,558,0.3227594170719386
scaled dual,42,559,0.31757812552154074
scaled dual,42,560,0.3084054834395648
scaled dual,42,561,0.3002932918071748
scaled dual,42,562,0.36078477039933216
scaled dual,42,563,0.3481679530814291
scaled dual,42,564,0.3303928101062776
scaled dual,42,565,0.320538663417101
scaled dual,42,566,0.29665229113772523
scaled dual,42,567,0.27667665177956235
scaled dual,42,568,0.25348330223932874
scaled dual,42,569,0.24517181688919676
scaled dual,42,570,0.2398664731718601
scaled dual,42,571,0.249188230354339
scaled dual,42,572,0.2434412348456682
scaled dual,42,573,0.22433092454448356
scaled dual,42,574,0.28736308837309493
scaled dual,42,575,0.3501586403883995
scaled dual,42,576,0.3207248708046974
scaled dual,42,577,0.32655034990981235
scaled dual,42,578,0.31872997889295235
scaled dual,42,579,0.31341155009344235
scaled dual,42,580,0.3252954362146558
scaled dual,42,581,0.33538370447233334
scaled dual,42,582,0.3286302938498558
scaled dual,42,583,0.33549145488068477
scaled dual,42,584,0.3878532138280572
scaled dual,42,585,0.3738860393129291
scaled dual,42,586,0.35993795691058056
scaled dual,42,587,0.34413235163316147
scaled dual,42,588,0.34571497654542344
scaled dual,42,589,0.3313178197108211
scaled dual,42,590,0.3161889087595047
scaled dual,42,591,0.3000888099707665
scaled dual,42,592,0.2812143524549903
scaled dual,42,593,0.2604195031337442
scaled dual,42,594,0.254263149444014
scaled dual,42,595,0.22352477621287126
scaled dual,42,596,0.2059671203419568
scaled dual,42,597,0.18990855388343353
scaled dual,42,598,0.17189968153834362
scaled dual,42,599,0.14949849635362644
scaled dual,42,600,0.12978998824954052
scaled dual,42,601,0.11484814275056143
scaled dual,42,602,0.09769469484686871
scaled dual,42,603,0.07919625416398068
scaled dual,42,604,0.06695942111313363
scaled dual,42,605,0.051680003777146544
scaled dual,42,606,0.03649350449442884
scaled dual,42,607,0.00881253987550756
scaled dual,42,608,0.0
scaled dual,42,609,0.0
scaled dual,42,610,0.0
scaled dual,42,611,0.0
scaled dual,42,612,0.0
scaled dual,42,613,0.0
scaled dual,42,614,0.0
scaled dual,42,615,0.0
scaled dual,42,616,0.0
scaled dual,42,617,0.0
scaled dual,42,618,0.0
scaled dual,42,619,0.0607193173468113
scaled dual,42,620,0.055645034760236745
scaled dual,42,621,0.04652969229966403
scaled dual,42,622,0.037500455267727384
scaled dual,42,623,0.03288919832557441
scaled dual,42,624,0.031264772042632116
scaled dual,42,625,0.033746146522462384
scaled dual,42,626,0.035650040470063704
scaled dual,42,627,0.017542634196579473
scaled dual,42,628,0.00044896323233844376
scaled dual,42,629,0.0
scaled dual,42,630,0.0
scaled dual,42,631,0.0031188880652189242
scaled dual,42,632,0.0
scaled dual,42,633,0.007677581682801245
scaled dual,42,634,0.0027159099653363203
scaled dual,42,635,0.011750018857419487
scaled dual,42,636,0.022265643104910846
scaled dual,42,637,0.033570730872452256
scaled dual,42,638,0.03327590726315975
scaled dual,42,639,0.050430059358477594
scaled dual,42,640,0.08006613187491894
scaled dual,42,641,0.0963308196887374
scaled dual,42,642,0.09432388991117478
scaled dual,42,643,0.10918672770261766
scaled dual,42,644,0.12382607135921718
scaled dual,42,645,0.14670978512614966
scaled dual,42,646,0.14290067166090012
scaled dual,42,647,0.1581632936373353
scaled dual,42,648,0.1798059641942382
scaled dual,42,649,0.2164890379831195
scaled dual,42,650,0.23767412181943656
scaled dual,42,651,0.2516252413764596
scaled dual,42,652,0.27193257231265305
scaled dual,42,653,0.2858591468632221
scaled dual,42,654,0.30669270299375057
scaled dual,42,655,0.32166742522269487
scaled dual,42,656,0.3343176408112049
scaled dual,42,657,0.34741844423115253
scaled dual,42,658,0.34991281997412443
scaled dual,42,659,0.42925676342099905
scaled dual,42,660,0.40925649989396334
scaled dual,42,661,0.3995463636144996
scaled dual,42,662,0.3918846154585481
scaled dual,42,663,0.4533991612121463
scaled dual,42,664,0.4380401623621583
scaled dual,42,665,0.42630065090954306
scaled dual,42,666,0.4099414023011923
scaled dual,42,667,0.3895885027945042
scaled dual,42,668,0.3727903451398015
scaled dual,42,669,0.3520500759780407
scaled dual,42,670,0.3375318006426096
scaled dual,42,671,0.3324373456090689
scaled dual,42,672,0.3167666889727116
scaled dual,42,673,0.29699768681079153
scaled dual,42,674,0.2950421986356378
scaled dual,42,675,0.2821111391112209
scaled dual,42,676,0.2644951125979424
scaled dual,42,677,0.24800444971770053
scaled dual,42,678,0.29658674333244567
scaled dual,42,679,0.2770403458923102
scaled dual,42,680,0.2751702413707972
scaled dual,42,681,0.2597870281338692
scaled dual,42,682,0.24904516339302069
scaled dual,42,683,0.24816493835300213
scaled dual,42,684,0.24767193395644432
scaled dual,42,685,0.22971754398196942
scaled dual,42,686,0.219520977921784
scaled dual,42,687,0.20180268753319985
scaled dual,42,688,0.190922591239214
scaled dual,42,689,0.17681024216115482
scaled dual,42,690,0.16882756955921657
scaled dual,42,691,0.1675427873060108
scaled dual,42,692,0.1607518397271634
scaled dual,42,693,0.1645261926203967
scaled dual,42,694,0.16863334897905596
scaled dual,42,695,0.17491557661443957
scaled dual,42,696,0.15897955823689708
scaled dual,42,697,0.15090080108493575
scaled dual,42,698,0.14193937364965686
scaled dual,42,699,0.19850820537656555
scaled dual,42,700,0.20559128660708675
scaled dual,42,701,0.19328696992248307
scaled dual,42,702,0.188202433474362
scaled dual,42,703,0.17628595676273118
scaled dual,42,704,0.1647262278199197
scaled dual,42,705,0.16689939972013246
scaled dual,42,706,0.15985327906906616
scaled dual,42,707,0.2211692761629821
scaled dual,42,708,0.2146041137725116
scaled dual,42,709,0.2050739835202695
scaled dual,42,710,0.1956686504930259
scaled dual,42,711,0.1906904897093774
scaled dual,42,712,0.18094037640839827
scaled dual,42,713,0.17665400668978704
scaled dual,42,714,0.17278421290218843
scaled dual,42,715,0.16023854397237314
scaled dual,42,716,0.16021779462695135
scaled dual,42,717,0.152397949807346
scaled dual,42,718,0.14508457683026804
scaled dual,42,719,0.13630557220429196
scaled dual,42,720,0.13585817933082595
scaled dual,42,721,0.13654394991695895
scaled dual,42,722,0.14963659495115295
scaled dual,42,723,0.15486809048801675
scaled dual,42,724,0.16557679187506452
scaled dual,42,725,0.17159367639571443
scaled dual,42,726,0.18222382538020626
scaled dual,42,727,0.18477628305554405
scaled dual,42,728,0.2629241009801628
scaled dual,42,729,0.25813347131013886
scaled dual,42,730,0.2577052310854198
scaled dual,42,731,0.2579489494115116
scaled dual,42,732,0.2532628048211338
scaled dual,42,733,0.2404465866833927
scaled dual,42,734,0.24224804911762493
scaled dual,42,735,0.2374623182043435
scaled dual,42,736,0.2349639108777048
scaled dual,42,737,0.23213673271238822
scaled dual,42,738,0.20698512379080075
scaled dual,42,739,0.20391808815300483
scaled dual,42,740,0.19503159027546663
scaled dual,42,741,0.19537815455347318
scaled dual,42,742,0.19245719220489282
scaled dual,42,743,0.18432155452668686
scaled dual,42,744,0.1747460874915125
scaled dual,42,745,0.1752627671509983
scaled dual,42,746,0.1485078095830979
scaled dual,42,747,0.14548173816874643
scaled dual,42,748,0.12432527258992215
scaled dual,42,749,0.10352768052369377
scaled dual,42,750,0.10327277805656215
scaled dual,42,751,0.11681753363460323
scaled dual,42,752,0.11732663232833168
scaled dual,42,753,0.1925507027283313
scaled dual,42,754,0.20672041300684235
scaled dual,42,755,0.20795653469860576
scaled dual,42,756,0.20667566400021337
scaled dual,42,757,0.2082238905131819
scaled dual,42,758,0.18809268303215526
scaled dual,42,759,0.1983890972286465
scaled dual,42,760,0.19951542064547562
scaled dual,42,761,0.1953644419461491
scaled dual,42,762,0.19566539470106387
scaled dual,42,763,0.2092890984937551
scaled dual,42,764,0.22167230855673575
scaled dual,42,765,0.19649827338755155
scaled dual,42,766,0.19792915325611854
scaled dual,42,767,0.19786806367337728
scaled dual,42,768,0.1904932234063747
scaled dual,42,769,0.18897431131452347
scaled dual,42,770,0.16293067464605
scaled dual,42,771,0.15913536803796913
scaled dual,42,772,0.1698950593359771
scaled dual,42,773,0.24017248438671257
scaled dual,42,774,0.23677383271977331
scaled dual,42,775,0.23582808448001769
scaled dual,42,776,0.24561577303335097
scaled dual,42,777,0.2378359192050996
scaled dual,42,778,0.24350422831252244
scaled dual,42,779,0.23251987511292127
scaled dual,42,780,0.2277338880859318
scaled dual,42,781,0.2168521433509889
scaled dual,42,782,0.20773494290187983
scaled dual,42,783,0.21298981929197935
scaled dual,42,784,0.2182463348098102
scaled dual,42,785,0.20860756577923922
scaled dual,42,786,0.2031111798621717
scaled dual,42,787,0.2703295269049707
scaled dual,42,788,0.265067219603807
scaled dual,42,789,0.2593066174723211
scaled dual,42,790,0.3262149458564821
scaled dual,42,791,0.3367791804857555
scaled dual,42,792,0.3251755955629054
scaled dual,42,793,0.3170262627862397
scaled dual,42,794,0.3111435409821573
scaled dual,42,795,0.29859857054427297
scaled dual,42,796,0.27204139096662433
scaled dual,42,797,0.2765013928525153
scaled dual,42,798,0.2627785182185474
scaled dual,42,799,0.23590311037376555
scaled dual,42,800,0.22261380830779703
scaled dual,42,801,0.283193390015513
scaled dual,42,802,0.25629148138687047
scaled dual,42,803,0.2422787046618763
scaled dual,42,804,0.22588733008131417
scaled dual,42,805,0.21632638236507806
scaled dual,42,806,0.21012359758839044
scaled dual,42,807,0.20076613454148207
scaled dual,42,808,0.2082230859063569
scaled dual,42,809,0.18129332607612048
scaled dual,42,810,0.18279521463438902
scaled dual,42,811,0.24386947764083777
scaled dual,42,812,0.23159084683284198
scaled dual,42,813,0.22377960743382608
scaled dual,42,814,0.20510233419016038
scaled dual,42,815,0.20051687022671139
scaled dual,42,816,0.19623468680307304
scaled dual,42,817,0.2569362345151607
scaled dual,42,818,0.26499960726127064
scaled dual,42,819,0.2570683948881928
scaled dual,42,820,0.2582005437277261
scaled dual,42,821,0.31581458015367425
scaled dual,42,822,0.3063702200539414
scaled dual,42,823,0.29927342614159025
scaled dual,42,824,0.28870283627882637
scaled dual,42,825,0.2813545945845548
scaled dual,42,826,0.2859551889263097
scaled dual,42,827,0.27512364713475146
scaled dual,42,828,0.26050598571077027
scaled dual,42,829,0.2497863702662293
scaled dual,42,830,0.3005596933700148
scaled dual,42,831,0.28228652564808765
scaled dual,42,832,0.2638509073294703
scaled dual,42,833,0.2472414961643521
scaled dual,42,834,0.2389861043728892
scaled dual,42,835,0.2275181852094833
scaled dual,42,836,0.21901024667546193
scaled dual,42,837,0.210806696955115
scaled dual,42,838,0.19564501276239793
scaled dual,42,839,0.24757659381255548
scaled dual,42,840,0.23251691272482317
scaled dual,42,841,0.20570700014010113
scaled dual,42,842,0.19507478000596207
scaled dual,42,843,0.18100198885425967
scaled dual,42,844,0.23262413797900122
scaled dual,42,845,0.2851336046867077
scaled dual,42,846,0.3369833224825565
scaled dual,42,847,0.329417626280338
scaled dual,42,848,0.37854452939704103
scaled dual,42,849,0.37039536891505165
scaled dual,42,850,0.35933619325980587
scaled dual,42,851,0.35972831318154974
scaled dual,42,852,0.35031005339697047
scaled dual,42,853,0.3493010217882697
scaled dual,42,854,0.3297308523394172
scaled dual,42,855,0.3018001000210647
scaled dual,42,856,0.2870162813365464
scaled dual,42,857,0.26730238087475344
scaled dual,42,858,0.30970221064984843
scaled dual,42,859,0.29653083264827773
scaled dual,42,860,0.2870083532109861
scaled dual,42,861,0.284903299286962
scaled dual,42,862,0.2827900264412169
scaled dual,42,863,0.2819461555778985
scaled dual,42,864,0.27323518872261093
scaled dual,42,865,0.2627671048790221
scaled dual,42,866,0.2513844762369995
scaled dual,42,867,0.24270408935844945
scaled dual,42,868,0.23290147274732637
scaled dual,42,869,0.21994798231869983
scaled dual,42,870,0.260513888932765
scaled dual,42,871,0.2478489315509801
scaled dual,42,872,0.2293881535530095
scaled dual,42,873,0.2344876620545988
scaled dual,42,874,0.2354403869435196
scaled dual,42,875,0.2252419628947978
scaled dual,42,876,0.21065512359142352
scaled dual,42,877,0.197127896547318
scaled dual,42,878,0.1863964020833378
scaled dual,42,879,0.1726039297133689
scaled dual,42,880,0.1586092346161609
scaled dual,42,881,0.20057153835892727
scaled dual,42,882,0.18754283897578766
scaled dual,42,883,0.17377315606921961
scaled dual,42,884,0.1642862205579882
scaled dual,42,885,0.15565009012818387
scaled dual,42,886,0.1447499703988438
scaled dual,42,887,0.1862956563010817
scaled dual,42,888,0.16916535641998104
scaled dual,42,889,0.21088030088692955
scaled dual,42,890,0.1948802959918981
scaled dual,42,891,0.20020897038281016
scaled dual,42,892,0.19042374622076802
scaled dual,42,893,0.17653721027076297
scaled dual,42,894,0.176401559002698
scaled dual,42,895,0.1681654362753039
scaled dual,42,896,0.16128509569913202
scaled dual,42,897,0.14801039677113348
scaled dual,42,898,0.1904505714401608
scaled dual,42,899,0.23393392052501494
scaled dual,42,900,0.22764833651483113
scaled dual,42,901,0.2704348141700035
scaled dual,42,902,0.31170049794018323
scaled dual,42,903,0.2942099252343183
scaled dual,42,904,0.2835442333668476
scaled dual,42,905,0.2727264798060065
scaled dual,42,906,0.2644942127540713
scaled dual,42,907,0.2537534376606351
scaled dual,42,908,0.23544627200812157
scaled dual,42,909,0.2074361151270574
scaled dual,42,910,0.21353824825957474
scaled dual,42,911,0.2101336594112223
scaled dual,42,912,0.1919048645533627
scaled dual,42,913,0.1683617987297481
scaled dual,42,914,0.16866675151512084
scaled dual,42,915,0.1631282325647777
scaled dual,42,916,0.1550352028943604
scaled dual,42,917,0.14479325814172683
scaled dual,42,918,0.14281043564900814
scaled dual,42,919,0.1273131121136254
scaled dual,42,920,0.12154725266620575
scaled dual,42,921,0.1138306496106094
scaled dual,42,922,0.1036767660640186
scaled dual,42,923,0.09557654192671239
scaled dual,42,924,0.09247090296819865
scaled dual,42,925,0.0749121388234204
scaled dual,42,926,0.07770501276478231
scaled dual,42,927,0.06836291654035509
scaled dual,42,928,0.04623673927038968
scaled dual,42,929,0.03897550638765157
scaled dual,42,930,0.030249345004559166
scaled dual,42,931,0.021624180898070937
scaled dual,42,932,0.01750442013144553
scaled dual,42,933,0.00372187566012204
scaled dual,42,934,3.7787593901755095e-05
scaled dual,42,935,0.0
scaled dual,42,936,0.006388449631631373
scaled dual,42,937,0.0
scaled dual,42,938,0.0
scaled dual,42,939,0.0
scaled dual,42,940,0.0
scaled dual,42,941,0.0
scaled dual,42,942,0.0
scaled dual,42,943,0.0
scaled dual,42,944,0.0
scaled dual,42,945,0.007582116462290286
scaled dual,42,946,0.015538550093770025
scaled dual,42,947,0.027615527324378487
scaled dual,42,948,0.028576820380985732
scaled dual,42,949,0.04174647647887468
scaled dual,42,950,0.030387866646051403
scaled dual,42,951,0.04770908404141664
scaled dual,42,952,0.030748513042926782
scaled dual,42,953,0.036293356716632835
scaled dual,42,954,0.03711197115480899
scaled dual,42,955,0.04367605425417423
scaled dual,42,956,0.05127887401729822
scaled dual,42,957,0.054719575941562654
scaled dual,42,958,0.05471711311489344
scaled dual,42,959,0.07594109829515219
scaled dual,42,960,0.08169019032269717
scaled dual,42,961,0.09095180734992028
scaled dual,42,962,0.09788208648562433
scaled dual,42,963,0.11074161216616632
scaled dual,42,964,0.11925605703145267
scaled dual,42,965,0.14555146615952255
scaled dual,42,966,0.15436938714236023
scaled dual,42,967,0.16672110918909314
scaled dual,42,968,0.15972963854670527
scaled dual,42,969,0.15237219072878364
scaled dual,42,970,0.2411952750384808
scaled dual,42,971,0.2334693028777838
scaled dual,42,972,0.2399339579790831
scaled dual,42,973,0.24294446337968115
scaled dual,42,974,0.24542290419340138
scaled dual,42,975,0.25328867822885515
scaled dual,42,976,0.25567034997045995
scaled dual,42,977,0.28016751490533354
scaled dual,42,978,0.28317045331001284
scaled dual,42,979,0.25994166228920224
scaled dual,42,980,0.26035276722162964
scaled dual,42,981,0.25943650465458634
scaled dual,42,982,0.2608365810289979
scaled dual,42,983,0.2575486356765032
scaled dual,42,984,0.2553330989554525
scaled dual,42,985,0.2501037604734302
scaled dual,42,986,0.24669312268495563
scaled dual,42,987,0.24400886528193955
scaled dual,42,988,0.22095317220315341
scaled dual,42,989,0.207799871172756
scaled dual,42,990,0.21056942014023666
scaled dual,42,991,0.18269074272364383
scaled dual,42,992,0.177332206517458
scaled dual,42,993,0.16748032294213777
scaled dual,42,994,0.1594347674399615
scaled dual,42,995,0.1555815232545138
scaled dual,42,996,0.1516053724288941
scaled dual,42,997,0.14930535078048712
scaled dual,42,998,0.12401540087535984
scaled dual,42,999,0.144974406156689
scaled dual,42,1000,0.1417129895277322
scaled dual,42,1001,0.15426076894626028
scaled dual,42,1002,0.16355083322152503
scaled dual,42,1003,0.16558626251295216
scaled dual,42,1004,0.161356940958649
scaled dual,42,1005,0.17407849585637458
scaled dual,42,1006,0.16504301896318802
scaled dual,42,1007,0.17738740218803295
scaled dual,42,1008,0.17693774154409775
scaled dual,42,1009,0.18892981009557852
scaled dual,42,1010,0.18880327181890616
scaled dual,42,1011,0.18586029766127476
scaled dual,42,1012,0.20258876083418736
scaled dual,42,1013,0.20019028907641778
scaled dual,42,1014,0.18989870948717008
scaled dual,42,1015,0.1909018142707647
scaled dual,42,1016,0.20812523348256956
scaled dual,42,1017,0.19543160067871224
scaled dual,42,1018,0.1966328583098949
scaled dual,42,1019,0.28933752747252595
scaled dual,42,1020,0.3186613834090532
scaled dual,42,1021,0.4073703713901342
scaled dual,42,1022,0.4917514195479454
scaled dual,42,1023,0.4951569407619537
scaled dual,42,1024,0.4960595046170057
scaled dual,42,1025,0.4921550702862443
scaled dual,42,1026,0.5502237877063454
scaled dual,42,1027,0.6014709584228695
scaled dual,42,1028,0.571201066058129
scaled dual,42,1029,0.5448353035375475
scaled dual,42,1030,0.500985669819638
scaled dual,42,1031,0.46682061391882584
scaled dual,42,1032,0.43399088832549737
scaled dual,42,1033,0.39937161476351307
scaled dual,42,1034,0.35507651316002
scaled dual,42,1035,0.3735652691312133
scaled dual,42,1036,0.33640487493947135
scaled dual,42,1037,0.3008544208295642
scaled dual,42,1038,0.3139534687064587
scaled dual,42,1039,0.2726545156445353
scaled dual,42,1040,0.2360087586659937
scaled dual,42,1041,0.19540789357386518
scaled dual,42,1042,0.15739728336222458
scaled dual,42,1043,0.11429192888550449
scaled dual,42,1044,0.06367454573046405
scaled dual,42,1045,0.022196588977239917
scaled dual,42,1046,0.0
scaled dual,42,1047,0.0
scaled dual,42,1048,0.0
scaled dual,42,1049,0.0
scaled dual,42,1050,0.0
scaled dual,42,1051,0.0
scaled dual,42,1052,0.0
scaled dual,42,1053,0.0
scaled dual,42,1054,0.0
scaled dual,42,1055,0.011353898383677005
scaled dual,42,1056,0.0
scaled dual,42,1057,0.0
scaled dual,42,1058,0.0
scaled dual,42,1059,0.0
scaled dual,42,1060,0.0
scaled dual,42,1061,0.0
scaled dual,42,1062,0.0
scaled dual,42,1063,0.0
scaled dual,42,1064,0.0
scaled dual,42,1065,0.0
scaled dual,42,1066,0.0
scaled dual,42,1067,0.0
scaled dual,42,1068,0.0
scaled dual,42,1069,0.0
scaled dual,42,1070,0.02101079612970352
scaled dual,42,1071,0.0
scaled dual,42,1072,0.0
scaled dual,42,1073,0.0
scaled dual,42,1074,0.0
scaled dual,42,1075,0.0
scaled dual,42,1076,0.0
scaled dual,42,1077,0.0
scaled dual,42,1078,0.0
scaled dual,42,1079,0.0
scaled dual,42,1080,0.0
scaled dual,42,1081,0.0
scaled dual,42,1082,0.0
scaled dual,42,1083,0.0
scaled dual,42,1084,0.0
scaled dual,42,1085,0.0
scaled dual,42,1086,0.0
scaled dual,42,1087,0.0
scaled dual,42,1088,0.0
scaled dual,42,1089,0.0
scaled dual,42,1090,0.0
scaled dual,42,1091,0.0
scaled dual,42,1092,0.0
scaled dual,42,1093,0.0
scaled dual,42,1094,0.0
scaled dual,42,1095,0.0
scaled dual,42,1096,0.03673723950982094
scaled dual,42,1097,0.021991348937153817
scaled dual,42,1098,0.005018503107130527
scaled dual,42,1099,0.04406630735844374
scaled dual,42,1100,0.02474909443408251
scaled dual,42,1101,0.006091411560773849
scaled dual,42,1102,0.0
scaled dual,42,1103,0.0
scaled dual,42,1104,0.0
scaled dual,42,1105,0.0
scaled dual,42,1106,0.0
scaled dual,42,1107,0.0
scaled dual,42,1108,0.0
scaled dual,42,1109,0.002723681330680846
scaled dual,42,1110,0.05119335010647774
scaled dual,42,1111,0.04381335962563754
scaled dual,42,1112,0.02463390793651343
scaled dual,42,1113,0.005867795832455162
scaled dual,42,1114,0.0
scaled dual,42,1115,0.0
scaled dual,42,1116,0.0
scaled dual,42,1117,0.007778481170535086
scaled dual,42,1118,0.009499509930610654
scaled dual,42,1119,0.012863615229725834
scaled dual,42,1120,0.009471864663064475
scaled dual,42,1121,0.07005636375397443
scaled dual,42,1122,0.1316993295773864
scaled dual,42,1123,0.12202005267143251
scaled dual,42,1124,0.10839271776378157
scaled dual,42,1125,0.11577486064285042
scaled dual,42,1126,0.12364562656730416
scaled dual,42,1127,0.1259179610386491
scaled dual,42,1128,0.13636163596063855
scaled dual,42,1129,0.14054459732025865
scaled dual,42,1130,0.1481010325625539
scaled dual,42,1131,0.14649429675191644
scaled dual,42,1132,0.1522221499681473
scaled dual,42,1133,0.1598790562897921
scaled dual,42,1134,0.16336059670895342
scaled dual,42,1135,0.16999819375574593
scaled dual,42,1136,0.23495962955057625
scaled dual,42,1137,0.23443564936518674
scaled dual,42,1138,0.20664183173328643
scaled dual,42,1139,0.204325060248375
scaled dual,42,1140,0.19901333697140222
scaled dual,42,1141,0.19042541645467287
scaled dual,42,1142,0.16287680674344307
scaled dual,42,1143,0.1720806678012014
scaled dual,42,1144,0.17097833629697567
scaled dual,42,1145,0.14303113216534263
scaled dual,42,1146,0.13312964634969837
scaled dual,42,1147,0.12691488010808832
scaled dual,42,1148,0.12854266950860627
scaled dual,42,1149,0.12679622599855073
scaled dual,42,1150,0.12471199644729503
scaled dual,42,1151,0.0961609856225551
scaled dual,42,1152,0.08775698268786081
scaled dual,42,1153,0.08018665315583356
scaled dual,42,1154,0.06951915917918094
scaled dual,42,1155,0.049009988401085225
scaled dual,42,1156,0.04652811205014595
scaled dual,42,1157,0.056873490530997606
scaled dual,42,1158,0.06195844711735854
scaled dual,42,1159,0.04144631007686267
scaled dual,42,1160,0.018940246328711604
scaled dual,42,1161,0.020559067092835996
scaled dual,42,1162,0.019505350627005192
scaled dual,42,1163,0.03335131920874128
scaled dual,42,1164,0.03779611259698877
scaled dual,42,1165,0.039462174698710537
scaled dual,42,1166,0.06780558079481135
scaled dual,42,1167,0.15779130958020698
scaled dual,42,1168,0.1600939027220012
scaled dual,42,1169,0.18437754333019268
scaled dual,42,1170,0.1771138843521477
scaled dual,42,1171,0.1825284453108908
scaled dual,42,1172,0.18781491216272128
scaled dual,42,1173,0.18151840373873723
scaled dual,42,1174,0.1907295058295132
scaled dual,42,1175,0.28746498566120876
scaled dual,42,1176,0.2799102464690806
scaled dual,42,1177,0.2750620796903969
scaled dual,42,1178,0.2808393302559854
scaled dual,42,1179,0.2825814348459245
scaled dual,42,1180,0.3705203401297332
scaled dual,42,1181,0.3774408077821137
scaled dual,42,1182,0.38496007859706893
scaled dual,42,1183,0.39036073025316015
scaled dual,42,1184,0.3841585042700173
scaled dual,42,1185,0.37614312827587143
scaled dual,42,1186,0.3535582304000856
scaled dual,42,1187,0.3496109971404077
scaled dual,42,1188,0.342893107160926
scaled dual,42,1189,0.3334654968976976
scaled dual,42,1190,0.39355043455958383
scaled dual,42,1191,0.37969282083213346
scaled dual,42,1192,0.35920668631792085
scaled dual,42,1193,0.3416559129208328
scaled dual,42,1194,0.3321077289804818
scaled dual,42,1195,0.3192427374795081
scaled dual,42,1196,0.305705624446273
scaled dual,42,1197,0.29630688983947057
scaled dual,42,1198,0.3004467635601761
scaled dual,42,1199,0.2953796102479102
scaled dual,42,1200,0.2862006817385556
scaled dual,42,1201,0.2729066578671338
scaled dual,42,1202,0.257975294403732
scaled dual,42,1203,0.26246575985103865
scaled dual,42,1204,0.2539662777259948
scaled dual,42,1205,0.24469407260417958
scaled dual,42,1206,0.22990006990730782
scaled dual,42,1207,0.2142007378488781
scaled dual,42,1208,0.20655847761780044
scaled dual,42,1209,0.18705347280949375
scaled dual,42,1210,0.19334358409047148
scaled dual,42,1211,0.18967922609299442
scaled dual,42,1212,0.18850058667361758
scaled dual,42,1213,0.17548733793199084
scaled dual,42,1214,0.1702840578556063
scaled dual,42,1215,0.22928170435130618
scaled dual,42,1216,0.24119671992957614
scaled dual,42,1217,0.2280205223336818
scaled dual,42,1218,0.22387235622853063
scaled dual,42,1219,0.22444179065525555
scaled dual,42,1220,0.21137006882578158
scaled dual,42,1221,0.20579825975000882
scaled dual,42,1222,0.19474337749183201
scaled dual,42,1223,0.20274863570928597
scaled dual,42,1224,0.19712090071290755
scaled dual,42,1225,0.18315404750406766
scaled dual,42,1226,0.19110162891447569
scaled dual,42,1227,0.2005179805308583
scaled dual,42,1228,0.20796274553984428
scaled dual,42,1229,0.20127419687807585
scaled dual,42,1230,0.17525860931724335
scaled dual,42,1231,0.173042471893132
scaled dual,42,1232,0.16693272624164845
scaled dual,42,1233,0.17282379839569356
scaled dual,42,1234,0.16655165802687433
scaled dual,42,1235,0.15404727462679174
scaled dual,42,1236,0.12328056124970344
scaled dual,42,1237,0.18084012461826232
scaled dual,42,1238,0.18083972467109588
scaled dual,42,1239,0.15415278391912607
scaled dual,42,1240,0.20971369178965715
scaled dual,42,1241,0.19460927927866606
scaled dual,42,1242,0.1925912527926269
scaled dual,42,1243,0.19897948822006611
scaled dual,42,1244,0.1839885620214048
scaled dual,42,1245,0.17288211243227153
scaled dual,42,1246,0.17923764446750312
scaled dual,42,1247,0.1744227817840877
scaled dual,42,1248,0.15945219101384311
scaled dual,42,1249,0.1325279446132484
scaled dual,42,1250,0.1390661602281037
scaled dual,42,1251,0.12421709774062067
scaled dual,42,1252,0.10508151134476096
scaled dual,42,1253,0.16580393930897147
scaled dual,42,1254,0.16509203685447604
scaled dual,42,1255,0.16001983577385576
scaled dual,42,1256,0.22149264896288545
scaled dual,42,1257,0.20960454033687742
scaled dual,42,1258,0.19904579689726265
scaled dual,42,1259,0.18875883666798504
scaled dual,42,1260,0.18960992632433804
scaled dual,42,1261,0.1756862026639286
scaled dual,42,1262,0.16153445864096316
scaled dual,42,1263,0.14899145329371127
scaled dual,42,1264,0.15081861557439002
scaled dual,42,1265,0.13742881448939476
scaled dual,42,1266,0.19816880719736252
scaled dual,42,1267,0.25887751678004894
scaled dual,42,1268,0.22922623215243254
scaled dual,42,1269,0.23901998361572657
scaled dual,42,1270,0.2976289612613622
scaled dual,42,1271,0.26714352592825924
scaled dual,42,1272,0.2758321420848373
scaled dual,42,1273,0.28188717823475634
scaled dual,42,1274,0.2761137983575467
scaled dual,42,1275,0.26963197536766564
scaled dual,42,1276,0.2626196803525094
scaled dual,42,1277,0.2540826985239986
scaled dual,42,1278,0.24951493434608019
scaled dual,42,1279,0.30182562887668646
scaled dual,42,1280,0.2926274778693918
scaled dual,42,1281,0.28402580637484826
scaled dual,42,1282,0.2751832296699289
scaled dual,42,1283,0.24640929048880972
scaled dual,42,1284,0.24071694964543022
scaled dual,42,1285,0.21141670145094432
scaled dual,42,1286,0.2589462466537956
scaled dual,42,1287,0.24424932967871466
scaled dual,42,1288,0.22686427582055368
scaled dual,42,1289,0.2324521605670456
scaled dual,42,1290,0.2259119389951233
scaled dual,42,1291,0.20831024087965527
scaled dual,42,1292,0.19974724255502263
scaled dual,42,1293,0.18469575710594693
scaled dual,42,1294,0.23316699981689493
scaled dual,42,1295,0.23621102817356626
scaled dual,42,1296,0.2203651012852792
scaled dual,42,1297,0.20323812622576992
scaled dual,42,1298,0.19589223612099926
scaled dual,42,1299,0.18167955100536387
scaled dual,42,1300,0.22832638867199462
scaled dual,42,1301,0.2213197607547049
scaled dual,42,1302,0.2050349248200659
scaled dual,42,1303,0.19833959612995428
scaled dual,42,1304,0.18700419019907755
scaled dual,42,1305,0.17995941996574444
scaled dual,42,1306,0.1741747431457047
scaled dual,42,1307,0.15737974733114285
scaled dual,42,1308,0.1398964482545857
scaled dual,42,1309,0.1270915969088678
scaled dual,42,1310,0.11857683178037448
scaled dual,42,1311,0.10636045057326599
scaled dual,42,1312,0.08202586533501788
scaled dual,42,1313,0.08359740285202905
scaled dual,42,1314,0.07652689551934644
scaled dual,42,1315,0.06729633914306804
scaled dual,42,1316,0.04754481324926063
scaled dual,42,1317,0.046681203003973215
scaled dual,42,1318,0.040924228373915406
scaled dual,42,1319,0.03306666499003813
scaled dual,42,1320,0.02197271840646908
scaled dual,42,1321,0.03555006096139595
scaled dual,42,1322,0.022544905412942618
scaled dual,42,1323,0.01667525006458208
scaled dual,42,1324,0.01125975882634565
scaled dual,42,1325,0.011043687853962626
scaled dual,42,1326,0.0
scaled dual,42,1327,0.003597746193408965
scaled dual,42,1328,0.06696309067308903
scaled dual,42,1329,0.07158078409731389
scaled dual,42,1330,0.04848128160461784
scaled dual,42,1331,0.04717021277174355
scaled dual,42,1332,0.05339714312925936
scaled dual,42,1333,0.05317645745351912
scaled dual,42,1334,0.06517745273187758
scaled dual,42,1335,0.06697627020999791
scaled dual,42,1336,0.08171905586495998
scaled dual,42,1337,0.08645305285230281
scaled dual,42,1338,0.07216619255021217
scaled dual,42,1339,0.08599838221445683
scaled dual,42,1340,0.08045840574428442
scaled dual,42,1341,0.0839299903251231
scaled dual,42,1342,0.08886746266856793
scaled dual,42,1343,0.10704493338242177
scaled dual,42,1344,0.11131437735632066
scaled dual,42,1345,0.10750752234831457
scaled dual,42,1346,0.1271865178830922
scaled dual,42,1347,0.13931071782484655
scaled dual,42,1348,0.15216549841687088
scaled dual,42,1349,0.16482928337529307
scaled dual,42,1350,0.17195772467181092
scaled dual,42,1351,0.254745317157358
scaled dual,42,1352,0.2355847852863372
scaled dual,42,1353,0.23459551634266979
scaled dual,42,1354,0.2264909801818431
scaled dual,42,1355,0.2227226958982647
scaled dual,42,1356,0.221144109312445
scaled dual,42,1357,0.19888838972896344
scaled dual,42,1358,0.20297344114631422
scaled dual,42,1359,0.2284573609754444
scaled dual,42,1360,0.20575310479849584
scaled dual,42,1361,0.286870556510985
scaled dual,42,1362,0.36714937087148436
scaled dual,42,1363,0.34320443004369744
scaled dual,42,1364,0.33830939445644626
scaled dual,42,1365,0.33852243967354306
scaled dual,42,1366,0.41219889409840116
scaled dual,42,1367,0.3923118421435357
scaled dual,42,1368,0.38574111975729475
scaled dual,42,1369,0.39938091680407534
scaled dual,42,1370,0.3925859645381571
scaled dual,42,1371,0.38327649254351864
scaled dual,42,1372,0.35422412283718596
scaled dual,42,1373,0.34347690764814626
scaled dual,42,1374,0.3323741740360857
scaled dual,42,1375,0.32168873347342025
scaled dual,42,1376,0.32909852266311657
scaled dual,42,1377,0.3360412070155145
scaled dual,42,1378,0.3289774936810137
scaled dual,42,1379,0.31486745428293955
scaled dual,42,1380,0.30363734368234885
scaled dual,42,1381,0.3084798211231829
scaled dual,42,1382,0.28822324831038726
scaled dual,42,1383,0.2565073705464603
scaled dual,42,1384,0.24304467484354986
scaled dual,42,1385,0.21294764991849674
scaled dual,42,1386,0.19575140774250044
scaled dual,42,1387,0.18373274166136994
scaled dual,42,1388,0.15682180153206005
scaled dual,42,1389,0.14475240165367737
scaled dual,42,1390,0.13082028677687063
scaled dual,42,1391,0.10630439864471569
scaled dual,42,1392,0.09786205781623736
scaled dual,42,1393,0.10773939082399026
scaled dual,42,1394,0.10564675142988578
scaled dual,42,1395,0.09590327380225078
scaled dual,42,1396,0.09045639699324981
scaled dual,42,1397,0.08956560144200937
scaled dual,42,1398,0.09016945755109207
scaled dual,42,1399,0.15724402701482193
scaled dual,42,1400,0.13724381005391495
scaled dual,42,1401,0.14046310400590317
scaled dual,42,1402,0.131117557231337
scaled dual,42,1403,0.1122605247609319
scaled dual,42,1404,0.09323428029194492
scaled dual,42,1405,0.0868576501868667
scaled dual,42,1406,0.08881914643570799
scaled dual,42,1407,0.06589081404730696
scaled dual,42,1408,0.06523918678984064
scaled dual,42,1409,0.14501444434747118
scaled dual,42,1410,0.13681893659755606
scaled dual,42,1411,0.21426391331478972
scaled dual,42,1412,0.21923811702057738
scaled dual,42,1413,0.21199477018788476
scaled dual,42,1414,0.22564163597300668
scaled dual,42,1415,0.23114857016131302
scaled dual,42,1416,0.24429024932906052
scaled dual,42,1417,0.24856792153790613
scaled dual,42,1418,0.24982300961390158
scaled dual,42,1419,0.25410652121529004
scaled dual,42,1420,0.2533563088066878
scaled dual,42,1421,0.27129298141226194
scaled dual,42,1422,0.28321919614449165
scaled dual,42,1423,0.28219948692247293
scaled dual,42,1424,0.28393192438408754
scaled dual,42,1425,0.27345460182055853
scaled dual,42,1426,0.2764326366595926
scaled dual,42,1427,0.2745355424098673
scaled dual,42,1428,0.262965019438416
scaled dual,42,1429,0.25020370742306136
scaled dual,42,1430,0.24902108659967803
scaled dual,42,1431,0.2379997645504775
scaled dual,42,1432,0.22724818611517572
scaled dual,42,1433,0.21645919645205164
scaled dual,42,1434,0.20778694467619085
scaled dual,42,1435,0.18311065020039702
scaled dual,42,1436,0.1939503700472417
scaled dual,42,1437,0.1829043586365881
scaled dual,42,1438,0.17741970272734786
scaled dual,42,1439,0.15357930285856153
scaled dual,42,1440,0.16254286872223045
scaled dual,42,1441,0.162058362644166
scaled dual,42,1442,0.15232783040031816
scaled dual,42,1443,0.16194004381075527
scaled dual,42,1444,0.15323394777253296
scaled dual,42,1445,0.15264237219467786
scaled dual,42,1446,0.21682284744456437
scaled dual,42,1447,0.22754965839907554
scaled dual,42,1448,0.23912462016567615
scaled dual,42,1449,0.2373489145003262
scaled dual,42,1450,0.2512257890217009
scaled dual,42,1451,0.22901830729097156
scaled dual,42,1452,0.29248420666903285
scaled dual,42,1453,0.35570022288709907
scaled dual,42,1454,0.3440770848467949
scaled dual,42,1455,0.33623374741524487
scaled dual,42,1456,0.3982308393344286
scaled dual,42,1457,0.40423410791903763
scaled dual,42,1458,0.39108510959893494
scaled dual,42,1459,0.37512032732367545
scaled dual,42,1460,0.35934255462139875
scaled dual,42,1461,0.35088477712124616
scaled dual,42,1462,0.32299884237349064
scaled dual,42,1463,0.37286037273705036
scaled dual,42,1464,0.42166316628456146
scaled dual,42,1465,0.40774803407490284
scaled dual,42,1466,0.4107764068990949
scaled dual,42,1467,0.391595185697079
scaled dual,42,1468,0.3591855471208695
scaled dual,42,1469,0.34377751879394086
scaled dual,42,1470,0.3858262958377603
scaled dual,42,1471,0.3663556195795539
scaled dual,42,1472,0.3459206705540422
scaled dual,42,1473,0.3220768341049555
scaled dual,42,1474,0.29846846859902176
scaled dual,42,1475,0.2906478461250666
scaled dual,42,1476,0.25698285223916206
scaled dual,42,1477,0.23208786459639702
scaled dual,42,1478,0.19896659312769804
scaled dual,42,1479,0.17501618543639813
scaled dual,42,1480,0.1515311037562791
scaled dual,42,1481,0.13608126370236312
scaled dual,42,1482,0.17638339182361995
scaled dual,42,1483,0.14496641039848362
scaled dual,42,1484,0.1448685242608193
scaled dual,42,1485,0.12407963074743783
scaled dual,42,1486,0.10802741590887344
scaled dual,42,1487,0.08626188166439569
scaled dual,42,1488,0.1284916519373659
scaled dual,42,1489,0.13087848320603407
scaled dual,42,1490,0.11188510045409239
scaled dual,42,1491,0.089074808545411
scaled dual,42,1492,0.07085636999458111
scaled dual,42,1493,0.11259029481560029
scaled dual,42,1494,0.08089643584564365
scaled dual,42,1495,0.06481665385887064
scaled dual,42,1496,0.0493338589556519
scaled dual,42,1497,0.03512905282899775
scaled dual,42,1498,0.02713340690359511
scaled dual,42,1499,0.013107261043042322
scaled dual,42,1500,0.003771879654378075
scaled dual,2025,1,0.0
scaled dual,2025,2,0.0
scaled dual,2025,3,0.0
scaled dual,2025,4,0.0
scaled dual,2025,5,0.0
scaled dual,2025,6,0.0
scaled dual,2025,7,0.0
scaled dual,2025,8,0.0
scaled dual,2025,9,0.0
scaled dual,2025,10,0.0
scaled dual,2025,11,0.0
scaled dual,2025,12,0.0
scaled dual,2025,13,0.0
scaled dual,2025,14,0.0
scaled dual,2025,15,0.0
scaled dual,2025,16,0.0
scaled dual,2025,17,0.0
scaled dual,2025,18,0.0
scaled dual,2025,19,0.0
scaled dual,2025,20,0.0
scaled dual,2025,21,0.0
scaled dual,2025,22,0.0
scaled dual,2025,23,0.0
scaled dual,2025,24,0.0
scaled dual,2025,25,0.0
scaled dual,2025,26,0.0
scaled dual,2025,27,0.0
scaled dual,2025,28,0.0
scaled dual,2025,29,0.0
scaled dual,2025,30,0.0
scaled dual,2025,31,0.0
scaled dual,2025,32,0.0
scaled dual,2025,33,0.0
scaled dual,2025,34,0.0
scaled dual,2025,35,0.0
scaled dual,2025,36,0.0
scaled dual,2025,37,0.0
scaled dual,2025,38,0.0
scaled dual,2025,39,0.0
scaled dual,2025,40,0.0
scaled dual,2025,41,0.0
scaled dual,2025,42,0.0
scaled dual,2025,43,0.0
scaled dual,2025,44,0.0
scaled dual,2025,45,0.0
scaled dual,2025,46,0.0
scaled dual,2025,47,0.0
scaled dual,2025,48,0.0
scaled dual,2025,49,0.0
scaled dual,2025,50,0.0
scaled dual,2025,51,0.0
scaled dual,2025,52,0.0
scaled dual,2025,53,0.0
scaled dual,2025,54,0.0
scaled dual,2025,55,0.0
scaled dual,2025,56,0.0
scaled dual,2025,57,0.0
scaled dual,2025,58,0.0
scaled dual,2025,59,0.0
scaled dual,2025,60,0.0
scaled dual,2025,61,0.0
scaled dual,2025,62,0.0
scaled dual,2025,63,0.0
scaled dual,2025,64,0.0
scaled dual,2025,65,0.0
scaled dual,2025,66,0.0
scaled dual,2025,67,0.0
scaled dual,2025,68,0.0
scaled dual,2025,69,0.0
scaled dual,2025,70,0.0
scaled dual,2025,71,0.0
scaled dual,2025,72,0.0
scaled dual,2025,73,0.0
scaled dual,2025,74,0.0
scaled dual,2025,75,0.0
scaled dual,2025,76,0.0
scaled dual,2025,77,0.0
scaled dual,2025,78,0.0
scaled dual,2025,79,0.0
scaled dual,2025,80,0.0
scaled dual,2025,81,0.0
scaled dual,2025,82,0.0
scaled dual,2025,83,0.0
scaled dual,2025,84,0.0
scaled dual,2025,85,0.0
scaled dual,2025,86,0.0
scaled dual,2025,87,0.0
scaled dual,2025,88,0.0
scaled dual,2025,89,0.0
scaled dual,2025,90,0.0
scaled dual,2025,91,0.0
scaled dual,2025,92,0.0
scaled dual,2025,93,0.0
scaled dual,2025,94,0.0
scaled dual,2025,95,0.0
scaled dual,2025,96,0.0
scaled dual,2025,97,0.0
scaled dual,2025,98,0.0
scaled dual,2025,99,0.0
scaled dual,2025,100,0.0
scaled dual,2025,101,0.0
scaled dual,2025,102,0.0
scaled dual,2025,103,0.0
scaled dual,2025,104,0.0
scaled dual,2025,105,0.0
scaled dual,2025,106,0.0
scaled dual,2025,107,0.0
scaled dual,2025,108,0.0
scaled dual,2025,109,0.0
scaled dual,2025,110,0.0
scaled dual,2025,111,0.0
scaled dual,2025,112,0.0
scaled dual,2025,113,0.0
scaled dual,2025,114,0.0
scaled dual,2025,115,0.0
scaled dual,2025,116,0.0
scaled dual,2025,117,0.0
scaled dual,2025,118,0.0
scaled dual,2025,119,0.0
scaled dual,2025,120,0.0
scaled dual,2025,121,0.0
scaled dual,2025,122,0.0
scaled dual,2025,123,0.0
scaled dual,2025,124,0.0
scaled dual,2025,125,0.0
scaled dual,2025,126,0.0
scaled dual,2025,127,0.0
scaled dual,2025,128,0.0
scaled dual,2025,129,0.0
scaled dual,2025,130,0.0
scaled dual,2025,131,0.0
scaled dual,2025,132,0.0
scaled dual,2025,133,0.0
scaled dual,2025,134,0.0
scaled dual,2025,135,0.0
scaled dual,2025,136,0.0
scaled dual,2025,137,0.0
scaled dual,2025,138,0.0
scaled dual,2025,139,0.0
scaled dual,2025,140,0.0
scaled dual,2025,141,0.0
scaled dual,2025,142,0.0
scaled dual,2025,143,0.0
scaled dual,2025,144,0.0
scaled dual,2025,145,0.0
scaled dual,2025,146,0.0
scaled dual,2025,147,0.0
scaled dual,2025,148,0.0
scaled dual,2025,149,0.0
scaled dual,2025,150,0.0
scaled dual,2025,151,0.0
scaled dual,2025,152,0.0
scaled dual,2025,153,0.0
scaled dual,2025,154,0.0
scaled dual,2025,155,0.0
scaled dual,2025,156,0.0
scaled dual,2025,157,0.0
scaled dual,2025,158,0.0
scaled dual,2025,159,0.0
scaled dual,2025,160,0.0
scaled dual,2025,161,0.0
scaled dual,2025,162,0.0
scaled dual,2025,163,0.0
scaled dual,2025,164,0.0
scaled dual,2025,165,0.0
scaled dual,2025,166,0.0
scaled dual,2025,167,0.0
scaled dual,2025,168,0.0
scaled dual,2025,169,0.0
scaled dual,2025,170,0.0
scaled dual,2025,171,0.0
scaled dual,2025,172,0.0
scaled dual,2025,173,0.0
scaled dual,2025,174,0.0
scaled dual,2025,175,0.0
scaled dual,2025,176,0.0
scaled dual,2025,177,0.0
scaled dual,2025,178,0.0
scaled dual,2025,179,0.0
scaled dual,2025,180,0.0
scaled dual,2025,181,0.0
scaled dual,2025,182,0.0
scaled dual,2025,183,0.0
scaled dual,2025,184,0.0
scaled dual,2025,185,0.0
scaled dual,2025,186,0.0
scaled dual,2025,187,0.0
scaled dual,2025,188,0.0
scaled dual,2025,189,0.0
scaled dual,2025,190,0.0
scaled dual,2025,191,0.0
scaled dual,2025,192,0.0
scaled dual,2025,193,0.0
scaled dual,2025,194,0.0
scaled dual,2025,195,0.0
scaled dual,2025,196,0.0
scaled dual,2025,197,0.0
scaled dual,2025,198,0.0
scaled dual,2025,199,0.0
scaled dual,2025,200,0.0
scaled dual,2025,201,0.0
scaled dual,2025,202,0.0
scaled dual,2025,203,0.0
scaled dual,2025,204,0.0
scaled dual,2025,205,0.0
scaled dual,2025,206,0.0
scaled dual,2025,207,0.0
scaled dual,2025,208,0.0
scaled dual,2025,209,0.0
scaled dual,2025,210,0.0
scaled dual,2025,211,0.0
scaled dual,2025,212,0.0
scaled dual,2025,213,0.0
scaled dual,2025,214,0.0
scaled dual,2025,215,0.0
scaled dual,2025,216,0.0
scaled dual,2025,217,0.0
scaled dual,2025,218,0.0
scaled dual,2025,219,0.0
scaled dual,2025,220,0.0
scaled dual,2025,221,0.0
scaled dual,2025,222,0.0
scaled dual,2025,223,0.0
scaled dual,2025,224,0.0
scaled dual,2025,225,0.0
scaled dual,2025,226,0.0
scaled dual,2025,227,0.0
scaled dual,2025,228,0.0
scaled dual,2025,229,0.0
scaled dual,2025,230,0.0
scaled dual,2025,231,0.0
scaled dual,2025,232,0.0
scaled dual,2025,233,0.0
scaled dual,2025,234,0.0
scaled dual,2025,235,0.0
scaled dual,2025,236,0.0
scaled dual,2025,237,0.0
scaled dual,2025,238,0.0
scaled dual,2025,239,0.0
scaled dual,2025,240,0.0
scaled dual,2025,241,0.0
scaled dual,2025,242,0.0
scaled dual,2025,243,0.0
scaled dual,2025,244,0.0
scaled dual,2025,245,0.0
scaled dual,2025,246,0.0
scaled dual,2025,247,0.0
scaled dual,2025,248,0.0
scaled dual,2025,249,0.0
scaled dual,2025,250,0.0
scaled dual,2025,251,0.0
scaled dual,2025,252,0.0
scaled dual,2025,253,0.0
scaled dual,2025,254,0.0
scaled dual,2025,255,0.0
scaled dual,2025,256,0.0
scaled dual,2025,257,0.0
scaled dual,2025,258,0.0
scaled dual,2025,259,0.0
scaled dual,2025,260,0.0
scaled dual,2025,261,0.0
scaled dual,2025,262,0.0
scaled dual,2025,263,0.0
scaled dual,2025,264,0.0
scaled dual,2025,265,0.0
scaled dual,2025,266,0.0
scaled dual,2025,267,0.0
scaled dual,2025,268,0.0
scaled dual,2025,269,0.0
scaled dual,2025,270,0.0
scaled dual,2025,271,0.0
scaled dual,2025,272,0.0
scaled dual,2025,273,0.0
scaled dual,2025,274,0.0
scaled dual,2025,275,0.0
scaled dual,2025,276,0.0
scaled dual,2025,277,0.0
scaled dual,2025,278,0.0
scaled dual,2025,279,0.0
scaled dual,2025,280,0.0
scaled dual,2025,281,0.0
scaled dual,2025,282,0.0
scaled dual,2025,283,0.0
scaled dual,2025,284,0.0
scaled dual,2025,285,0.0
scaled dual,2025,286,0.0
scaled dual,2025,287,0.0
scaled dual,2025,288,0.0
scaled dual,2025,289,0.0
scaled dual,2025,290,0.0
scaled dual,2025,291,0.0
scaled dual,2025,292,0.0
scaled dual,2025,293,0.0
scaled dual,2025,294,0.0
scaled dual,2025,295,0.0
scaled dual,2025,296,0.0
scaled dual,2025,297,0.0
scaled dual,2025,298,0.0
scaled dual,2025,299,0.0
scaled dual,2025,300,0.0
scaled dual,2025,301,0.0
scaled dual,2025,302,0.0
scaled dual,2025,303,0.0
scaled dual,2025,304,0.0
scaled dual,2025,305,0.0
scaled dual,2025,306,0.0
scaled dual,2025,307,0.0
scaled dual,2025,308,0.0
scaled dual,2025,309,0.0
scaled dual,2025,310,0.0
scaled dual,2025,311,0.0
scaled dual,2025,312,0.0
scaled dual,2025,313,0.0
scaled dual,2025,314,0.0
scaled dual,2025,315,0.0
scaled dual,2025,316,0.0
scaled dual,2025,317,0.0
scaled dual,2025,318,0.0
scaled dual,2025,319,0.0
scaled dual,2025,320,0.0
scaled dual,2025,321,0.0
scaled dual,2025,322,0.0
scaled dual,2025,323,0.0
scaled dual,2025,324,0.0
scaled dual,2025,325,0.0
scaled dual,2025,326,0.0
scaled dual,2025,327,0.0
scaled dual,2025,328,0.0
scaled dual,2025,329,0.0
scaled dual,2025,330,0.0
scaled dual,2025,331,0.0
scaled dual,2025,332,0.0
scaled dual,2025,333,0.0
scaled dual,2025,334,0.0
scaled dual,2025,335,0.0
scaled dual,2025,336,0.0
scaled dual,2025,337,0.0
scaled dual,2025,338,0.0
scaled dual,2025,339,0.0
scaled dual,2025,340,0.0
scaled dual,2025,341,0.0
scaled dual,2025,342,0.0
scaled dual,2025,343,0.0
scaled dual,2025,344,0.0
scaled dual,2025,345,0.0
scaled dual,2025,346,0.0
scaled dual,2025,347,0.0
scaled dual,2025,348,0.0
scaled dual,2025,349,0.0
scaled dual,2025,350,0.0
scaled dual,2025,351,0.0
scaled dual,2025,352,0.0
scaled dual,2025,353,0.0
scaled dual,2025,354,0.0
scaled dual,2025,355,0.0
scaled dual,2025,356,0.0
scaled dual,2025,357,0.0
scaled dual,2025,358,0.0
scaled dual,2025,359,0.0
scaled dual,2025,360,0.0
scaled dual,2025,361,0.0
scaled dual,2025,362,0.0
scaled dual,2025,363,0.0
scaled dual,2025,364,0.0
scaled dual,2025,365,0.0
scaled dual,2025,366,0.0
scaled dual,2025,367,0.0
scaled dual,2025,368,0.0
scaled dual,2025,369,0.0
scaled dual,2025,370,0.0
scaled dual,2025,371,0.0
scaled dual,2025,372,0.0
scaled dual,2025,373,0.0
scaled dual,2025,374,0.0
scaled dual,2025,375,0.0
scaled dual,2025,376,0.0
scaled dual,2025,377,0.0
scaled dual,2025,378,0.0
scaled dual,2025,379,0.0
scaled dual,2025,380,0.004159506000578402
scaled dual,2025,381,0.004137201346457002
scaled dual,2025,382,0.009264989458024498
scaled dual,2025,383,0.00883578065782785
scaled dual,2025,384,0.05606180783361196
scaled dual,2025,385,0.07029516004025936
scaled dual,2025,386,0.1401970758289099
scaled dual,2025,387,0.18814786754548551
scaled dual,2025,388,0.2139909426122904
scaled dual,2025,389,0.2612090721726418
scaled dual,2025,390,0.2905736269056797
scaled dual,2025,391,0.3279552671313286
scaled dual,2025,392,0.354225782006979
scaled dual,2025,393,0.3712564872950316
scaled dual,2025,394,0.3780246045440436
scaled dual,2025,395,0.3727571749687195
scaled dual,2025,396,0.39065967269241814
scaled dual,2025,397,0.46517923481762413
scaled dual,2025,398,0.44774322830140595
scaled dual,2025,399,0.4306198481470347
scaled dual,2025,400,0.4805436094850302
scaled dual,2025,401,0.46771929349750285
scaled dual,2025,402,0.4355641062185169
scaled dual,2025,403,0.46687248017638927
scaled dual,2025,404,0.4214843993540854
scaled dual,2025,405,0.386345710894093
scaled dual,2025,406,0.34667548152618116
scaled dual,2025,407,0.30581031057983643
scaled dual,2025,408,0.31556719098240144
scaled dual,2025,409,0.2868937275372446
scaled dual,2025,410,0.2463660772051663
scaled dual,2025,411,0.20306101806461818
scaled dual,2025,412,0.1662366380728782
scaled dual,2025,413,0.12433926019817598
scaled dual,2025,414,0.08058870406821378
scaled dual,2025,415,0.04440878299996265
scaled dual,2025,416,0.0
scaled dual,2025,417,0.0
scaled dual,2025,418,0.0
scaled dual,2025,419,0.0
scaled dual,2025,420,0.0
scaled dual,2025,421,0.0
scaled dual,2025,422,0.0
scaled dual,2025,423,0.0
scaled dual,2025,424,0.0
scaled dual,2025,425,0.0
scaled dual,2025,426,0.0
scaled dual,2025,427,0.0
scaled dual,2025,428,0.0
scaled dual,2025,429,0.0
scaled dual,2025,430,0.0
scaled dual,2025,431,0.0
scaled dual,2025,432,0.0
scaled dual,2025,433,0.0
scaled dual,2025,434,0.006224834881722926
scaled dual,2025,435,0.0
scaled dual,2025,436,0.0
scaled dual,2025,437,0.0
scaled dual,2025,438,0.0
scaled dual,2025,439,0.0
scaled dual,2025,440,0.0
scaled dual,2025,441,0.0
scaled dual,2025,442,0.0
scaled dual,2025,443,0.0
scaled dual,2025,444,0.0
scaled dual,2025,445,0.0
scaled dual,2025,446,0.0
scaled dual,2025,447,0.0
scaled dual,2025,448,0.0
scaled dual,2025,449,0.0
scaled dual,2025,450,0.015617497786879538
scaled dual,2025,451,0.0
scaled dual,2025,452,0.0
scaled dual,2025,453,0.0
scaled dual,2025,454,0.0
scaled dual,2025,455,0.01892121560871601
scaled dual,2025,456,0.0
scaled dual,2025,457,0.020252494663000106
scaled dual,2025,458,0.0
scaled dual,2025,459,0.0
scaled dual,2025,460,0.0
scaled dual,2025,461,0.0
scaled dual,2025,462,0.0
scaled dual,2025,463,0.0
scaled dual,2025,464,0.0
scaled dual,2025,465,0.0
scaled dual,2025,466,0.0
scaled dual,2025,467,0.0
scaled dual,2025,468,0.0
scaled dual,2025,469,0.030235136449337004
scaled dual,2025,470,0.00011367129161953676
scaled dual,2025,471,0.0
scaled dual,2025,472,0.0
scaled dual,2025,473,0.0
scaled dual,2025,474,0.0
scaled dual,2025,475,0.0
scaled dual,2025,476,0.0
scaled dual,2025,477,0.0
scaled dual,2025,478,0.0
scaled dual,2025,479,0.0
scaled dual,2025,480,0.0
scaled dual,2025,481,0.0
scaled dual,2025,482,0.0
scaled dual,2025,483,0.0
scaled dual,2025,484,0.047202772051095965
scaled dual,2025,485,0.05051598988473416
scaled dual,2025,486,0.09959182858467103
scaled dual,2025,487,0.10263946115970612
scaled dual,2025,488,0.11129763238132001
scaled dual,2025,489,0.12628155142068864
scaled dual,2025,490,0.17579058550298216
scaled dual,2025,491,0.15392874319106342
scaled dual,2025,492,0.1322004758194089
scaled dual,2025,493,0.12277022525668146
scaled dual,2025,494,0.0927707936242223
scaled dual,2025,495,0.0716991715319455
scaled dual,2025,496,0.05180597750470045
scaled dual,2025,497,0.0645490366406739
scaled dual,2025,498,0.11689173141494397
scaled dual,2025,499,0.11737080892547969
scaled dual,2025,500,0.1255514072440565
scaled dual,2025,501,0.12349498232826595
scaled dual,2025,502,0.12151224831119184
scaled dual,2025,503,0.10337069043889646
scaled dual,2025,504,0.12003927888348703
scaled dual,2025,505,0.10530913231894379
scaled dual,2025,506,0.10625509114935999
scaled dual,2025,507,0.11416185734793549
scaled dual,2025,508,0.11357233067974454
scaled dual,2025,509,0.11741519166156655
scaled dual,2025,510,0.12154245993122464
scaled dual,2025,511,0.0998758088611067
scaled dual,2025,512,0.11441798763349659
scaled dual,2025,513,0.08477196497842676
scaled dual,2025,514,0.08225049810484059
scaled dual,2025,515,0.06296256596222527
scaled dual,2025,516,0.057717218045145346
scaled dual,2025,517,0.0507894638366998
scaled dual,2025,518,0.03403458008542665
scaled dual,2025,519,0.01768043046817191
scaled dual,2025,520,0.02421436199918397
scaled dual,2025,521,0.03186014832928784
scaled dual,2025,522,0.027070314940065215
scaled dual,2025,523,0.012599057424813577
scaled dual,2025,524,0.0
scaled dual,2025,525,0.0019274890050292003
scaled dual,2025,526,0.004063361436128614
scaled dual,2025,527,0.0068617581203579865
scaled dual,2025,528,0.012399537712335582
scaled dual,2025,529,0.016587309353053564
scaled dual,2025,530,0.01911110091954469
scaled dual,2025,531,0.009728752933442584
scaled dual,2025,532,0.03178023684769868
scaled dual,2025,533,0.10898031298071145
scaled dual,2025,534,0.1193882018327713
scaled dual,2025,535,0.13044620506465435
scaled dual,2025,536,0.21032635748386383
scaled dual,2025,537,0.21569843150675297
scaled dual,2025,538,0.22980370357632637
scaled dual,2025,539,0.24140528719872237
scaled dual,2025,540,0.24617352891713382
scaled dual,2025,541,0.2681149584427476
scaled dual,2025,542,0.26791499003767966
scaled dual,2025,543,0.2698413288593292
scaled dual,2025,544,0.26985150407999753
scaled dual,2025,545,0.2758924539759755
scaled dual,2025,546,0.26655236940830945
scaled dual,2025,547,0.27520528331398963
scaled dual,2025,548,0.26270515605807304
scaled dual,2025,549,0.24889147281646729
scaled dual,2025,550,0.2504812456294894
scaled dual,2025,551,0.23843747574836016
scaled dual,2025,552,0.2129673288948834
scaled dual,2025,553,0.2711223147250712
scaled dual,2025,554,0.25646389396861197
scaled dual,2025,555,0.2424793270044029
scaled dual,2025,556,0.29684267511591317
scaled dual,2025,557,0.2798608280532062
scaled dual,2025,558,0.2620850238390267
scaled dual,2025,559,0.3121684883721173
scaled dual,2025,560,0.29797317707911136
scaled dual,2025,561,0.2722990193590522
scaled dual,2025,562,0.2678736497461796
scaled dual,2025,563,0.24888401556760076
scaled dual,2025,564,0.2298297103494406
scaled dual,2025,565,0.21465661279857162
scaled dual,2025,566,0.18981648704037074
scaled dual,2025,567,0.16627507198601965
scaled dual,2025,568,0.1501417808607221
scaled dual,2025,569,0.1964270139113069
scaled dual,2025,570,0.24506543833762412
scaled dual,2025,571,0.21253223653882747
scaled dual,2025,572,0.25775923568755393
scaled dual,2025,573,0.23761694546788936
scaled dual,2025,574,0.28139345627278095
scaled dual,2025,575,0.26960256375372416
scaled dual,2025,576,0.2544972804561258
scaled dual,2025,577,0.2174720560945571
scaled dual,2025,578,0.19215912114828831
scaled dual,2025,579,0.17138843499124057
scaled dual,2025,580,0.15248542778193958
scaled dual,2025,581,0.12872843483462937
scaled dual,2025,582,0.11980489360168584
scaled dual,2025,583,0.09636168185621508
scaled dual,2025,584,0.07511828662827619
scaled dual,2025,585,0.04155257871374496
scaled dual,2025,586,0.02215792631730445
scaled dual,2025,587,0.0030077460967005074
scaled dual,2025,588,0.0
scaled dual,2025,589,0.0
scaled dual,2025,590,0.0
scaled dual,2025,591,0.0
scaled dual,2025,592,0.0
scaled dual,2025,593,0.0
scaled dual,2025,594,0.0
scaled dual,2025,595,0.0
scaled dual,2025,596,0.0
scaled dual,2025,597,0.0
scaled dual,2025,598,0.003927532173693179
scaled dual,2025,599,0.0
scaled dual,2025,600,0.0
scaled dual,2025,601,0.0
scaled dual,2025,602,0.0
scaled dual,2025,603,0.0
scaled dual,2025,604,0.0
scaled dual,2025,605,0.0
scaled dual,2025,606,0.0
scaled dual,2025,607,0.003619529828429221
scaled dual,2025,608,0.0
scaled dual,2025,609,0.0
scaled dual,2025,610,0.0
scaled dual,2025,611,0.0
scaled dual,2025,612,0.0
scaled dual,2025,613,0.0
scaled dual,2025,614,0.0
scaled dual,2025,615,0.0
scaled dual,2025,616,0.01002932485193014
scaled dual,2025,617,0.0
scaled dual,2025,618,0.0027698749303817737
scaled dual,2025,619,0.004161345884203908
scaled dual,2025,620,0.01656533375382423
scaled dual,2025,621,0.030704594440758223
scaled dual,2025,622,0.03917741850018501
scaled dual,2025,623,0.03666644763201475
scaled dual,2025,624,0.05813586425036192
scaled dual,2025,625,0.1726546133682132
scaled dual,2025,626,0.19765724431723358
scaled dual,2025,627,0.2137465221807361
scaled dual,2025,628,0.24935801621526482
scaled dual,2025,629,0.25747478634119036
scaled dual,2025,630,0.2525246956199408
scaled dual,2025,631,0.25991965349763635
scaled dual,2025,632,0.2672845529392362
scaled dual,2025,633,0.2987259290739894
scaled dual,2025,634,0.30824051659554247
scaled dual,2025,635,0.4027944850549102
scaled dual,2025,636,0.40170683119446043
scaled dual,2025,637,0.41099411547183995
scaled dual,2025,638,0.4209275094419718
scaled dual,2025,639,0.41852659761905675
scaled dual,2025,640,0.42102192796766763
scaled dual,2025,641,0.4160642004013062
scaled dual,2025,642,0.4171612430363894
scaled dual,2025,643,0.39493211504071957
scaled dual,2025,644,0.38811869930475956
scaled dual,2025,645,0.37566759221255785
scaled dual,2025,646,0.3642552590370179
scaled dual,2025,647,0.3697259601205588
scaled dual,2025,648,0.3576427301019431
scaled dual,2025,649,0.4107999316602946
scaled dual,2025,650,0.39622242886573084
scaled dual,2025,651,0.3939028587564827
scaled dual,2025,652,0.44127961117774256
scaled dual,2025,653,0.42059686981141575
scaled dual,2025,654,0.4144736060127617
scaled dual,2025,655,0.39530141863971957
scaled dual,2025,656,0.372131456937641
scaled dual,2025,657,0.3558562788181008
scaled dual,2025,658,0.3338937582075597
scaled dual,2025,659,0.3100059027969838
scaled dual,2025,660,0.27530037712305794
scaled dual,2025,661,0.24981186458840976
scaled dual,2025,662,0.22454304406419406
scaled dual,2025,663,0.19950539177283655
scaled dual,2025,664,0.165425174701959
scaled dual,2025,665,0.1409919111803175
scaled dual,2025,666,0.1359001709520818
scaled dual,2025,667,0.11696146614849579
scaled dual,2025,668,0.10999400034546863
scaled dual,2025,669,0.09356781758368027
scaled dual,2025,670,0.07276204384863388
scaled dual,2025,671,0.051908581741154314
scaled dual,2025,672,0.03201296627521527
scaled dual,2025,673,0.012646132484078528
scaled dual,2025,674,0.0
scaled dual,2025,675,0.0
scaled dual,2025,676,0.0
scaled dual,2025,677,0.0
scaled dual,2025,678,0.0
scaled dual,2025,679,0.0017092009633779513
scaled dual,2025,680,0.0
scaled dual,2025,681,0.0
scaled dual,2025,682,0.0
scaled dual,2025,683,0.0
scaled dual,2025,684,0.0
scaled dual,2025,685,0.0
scaled dual,2025,686,0.0
scaled dual,2025,687,0.0
scaled dual,2025,688,0.0
scaled dual,2025,689,0.0
scaled dual,2025,690,0.0
scaled dual,2025,691,0.0
scaled dual,2025,692,0.0
scaled dual,2025,693,0.0
scaled dual,2025,694,0.0
scaled dual,2025,695,0.0016788957267999637
scaled dual,2025,696,0.014847890585660932
scaled dual,2025,697,0.08729455217719079
scaled dual,2025,698,0.08849743030965329
scaled dual,2025,699,0.09277561474591495
scaled dual,2025,700,0.0987003029882908
scaled dual,2025,701,0.11712659515440466
scaled dual,2025,702,0.12001305770128967
scaled dual,2025,703,0.12291239578276875
scaled dual,2025,704,0.1263310952112079
scaled dual,2025,705,0.125616091452539
scaled dual,2025,706,0.13170044563710692
scaled dual,2025,707,0.20699853755533698
scaled dual,2025,708,0.22364335864782336
scaled dual,2025,709,0.22709348089993003
scaled dual,2025,710,0.22665032088756565
scaled dual,2025,711,0.2421575361117721
scaled dual,2025,712,0.2466905024647713
scaled dual,2025,713,0.24765101321041588
scaled dual,2025,714,0.24035538658499722
scaled dual,2025,715,0.23240988772362475
scaled dual,2025,716,0.2148360920324922
scaled dual,2025,717,0.1914179840870202
scaled dual,2025,718,0.191080957595259
scaled dual,2025,719,0.18450655182823544
scaled dual,2025,720,0.17493671463802463
scaled dual,2025,721,0.17365506628528243
scaled dual,2025,722,0.1533351355977357
scaled dual,2025,723,0.22295573608949787
scaled dual,2025,724,0.2213902671821416
scaled dual,2025,725,0.22080373005941517
scaled dual,2025,726,0.21359300279989846
scaled dual,2025,727,0.2100049061514438
scaled dual,2025,728,0.22641450775787242
scaled dual,2025,729,0.209509173501283
scaled dual,2025,730,0.2195357928611339
scaled dual,2025,731,0.2887146763689817
scaled dual,2025,732,0.28896401522681125
scaled dual,2025,733,0.3055248310230673
scaled dual,2025,734,0.31850111661478886
scaled dual,2025,735,0.3167226402647794
scaled dual,2025,736,0.29816287664696584
scaled dual,2025,737,0.31189502829685817
scaled dual,2025,738,0.31084119075909267
scaled dual,2025,739,0.31344351610168825
scaled dual,2025,740,0.31137902127578865
scaled dual,2025,741,0.302609795536846
scaled dual,2025,742,0.29376206861808907
scaled dual,2025,743,0.2849180763028563
scaled dual,2025,744,0.2806226867251099
scaled dual,2025,745,0.2711655349098147
scaled dual,2025,746,0.2615213735215367
scaled dual,2025,747,0.3212158821336926
scaled dual,2025,748,0.311763698924333
scaled dual,2025,749,0.3041809082962574
scaled dual,2025,750,0.29512921707704676
scaled dual,2025,751,0.35559854881837977
scaled dual,2025,752,0.3465924737788738
scaled dual,2025,753,0.3408441651053728
scaled dual,2025,754,0.3355296245776118
scaled dual,2025,755,0.3272490311972798
scaled dual,2025,756,0.31600812191143646
scaled dual,2025,757,0.3064286082796754
scaled dual,2025,758,0.2939813522063197
scaled dual,2025,759,0.2993540269322695
scaled dual,2025,760,0.2853696881420912
scaled dual,2025,761,0.27484618594869986
scaled dual,2025,762,0.2644971018470825
scaled dual,2025,763,0.2600901444815101
scaled dual,2025,764,0.2667180697433652
scaled dual,2025,765,0.2635175429843368
scaled dual,2025,766,0.25372956676408664
scaled dual,2025,767,0.23228841915726678
scaled dual,2025,768,0.23966048978269117
scaled dual,2025,769,0.23416110500693338
scaled dual,2025,770,0.22274752385914343
scaled dual,2025,771,0.21485369477421062
scaled dual,2025,772,0.207239462696016
scaled dual,2025,773,0.20547511450946349
scaled dual,2025,774,0.20684999395161885
scaled dual,2025,775,0.20764601450413483
scaled dual,2025,776,0.27111728761345166
scaled dual,2025,777,0.26536123033612985
scaled dual,2025,778,0.32601926665753145
scaled dual,2025,779,0.31479462292045374
scaled dual,2025,780,0.3109592694416644
scaled dual,2025,781,0.3221123793348672
scaled dual,2025,782,0.31313096571713706
scaled dual,2025,783,0.37025524754077216
scaled dual,2025,784,0.3437210064381363
scaled dual,2025,785,0.3338093552365901
scaled dual,2025,786,0.324411854632199
scaled dual,2025,787,0.32179364662617466
scaled dual,2025,788,0.3138182616233828
scaled dual,2025,789,0.3083644697442653
scaled dual,2025,790,0.30523748952895424
scaled dual,2025,791,0.2924209873378279
scaled dual,2025,792,0.27795777179300807
scaled dual,2025,793,0.2575898360833528
scaled dual,2025,794,0.25162485986948036
scaled dual,2025,795,0.2498257686942818
scaled dual,2025,796,0.24919585987925552
scaled dual,2025,797,0.25008399289101385
scaled dual,2025,798,0.24818625602871203
scaled dual,2025,799,0.26123605556786084
scaled dual,2025,800,0.25713517736643576
scaled dual,2025,801,0.2549125672504308
scaled dual,2025,802,0.2526493607833984
scaled dual,2025,803,0.2485062983259561
scaled dual,2025,804,0.24346731286495948
scaled dual,2025,805,0.23743121620267654
scaled dual,2025,806,0.23488081313669706
scaled dual,2025,807,0.23240688562393214
scaled dual,2025,808,0.22631910987198378
scaled dual,2025,809,0.22634384166449334
scaled dual,2025,810,0.22411840032786157
scaled dual,2025,811,0.22199786316603448
scaled dual,2025,812,0.22616661254316595
scaled dual,2025,813,0.20495192533358958
scaled dual,2025,814,0.20083915414288667
scaled dual,2025,815,0.20903215767815736
scaled dual,2025,816,0.20689804648980525
scaled dual,2025,817,0.18540229311212925
scaled dual,2025,818,0.18279737973585752
scaled dual,2025,819,0.1868263375945392
scaled dual,2025,820,0.25579767586663393
scaled dual,2025,821,0.25352235754951863
scaled dual,2025,822,0.2624522607587281
scaled dual,2025,823,0.33131777284666925
scaled dual,2025,824,0.33041935907676845
scaled dual,2025,825,0.3246695323474708
scaled dual,2025,826,0.3126982752420011
scaled dual,2025,827,0.32640654312446743
scaled dual,2025,828,0.32762560764327675
scaled dual,2025,829,0.325551250111312
scaled dual,2025,830,0.3156345837377015
scaled dual,2025,831,0.3085565326921645
scaled dual,2025,832,0.2884583685360852
scaled dual,2025,833,0.28550006480887563
scaled dual,2025,834,0.28072968674823673
scaled dual,2025,835,0.27507887357845934
scaled dual,2025,836,0.2704521799646321
scaled dual,2025,837,0.24402350427582892
scaled dual,2025,838,0.24186387950554522
scaled dual,2025,839,0.23995621940121087
scaled dual,2025,840,0.235576903689653
scaled dual,2025,841,0.2350078474916521
scaled dual,2025,842,0.23732609150931272
scaled dual,2025,843,0.23205295758321914
scaled dual,2025,844,0.240167185198516
scaled dual,2025,845,0.2341847513429824
scaled dual,2025,846,0.23398469446226988
scaled dual,2025,847,0.20910401891917024
scaled dual,2025,848,0.2093404589593414
scaled dual,2025,849,0.20961177237331902
scaled dual,2025,850,0.20340866163373028
scaled dual,2025,851,0.1787135032191876
scaled dual,2025,852,0.17367188211530482
scaled dual,2025,853,0.18643005661666429
scaled dual,2025,854,0.25582496039569413
scaled dual,2025,855,0.26466046474874055
scaled dual,2025,856,0.23947751682251728
scaled dual,2025,857,0.23447691582143343
scaled dual,2025,858,0.30231326058507
scaled dual,2025,859,0.2775587303563956
scaled dual,2025,860,0.2705671479552988
scaled dual,2025,861,0.2691959017142657
scaled dual,2025,862,0.27087635740637817
scaled dual,2025,863,0.27428748983889856
scaled dual,2025,864,0.26914757695049085
scaled dual,2025,865,0.2793696203827862
scaled dual,2025,866,0.27620876796543636
scaled dual,2025,867,0.2694555901736025
scaled dual,2025,868,0.2739680953696374
scaled dual,2025,869,0.24667215114459434
scaled dual,2025,870,0.23766305861994663
scaled dual,2025,871,0.30002811608836094
scaled dual,2025,872,0.2940555821917955
scaled dual,2025,873,0.28113205241039435
scaled dual,2025,874,0.25805332539603154
scaled dual,2025,875,0.2541602718271319
scaled dual,2025,876,0.2451387275196616
scaled dual,2025,877,0.23555960969999473
scaled dual,2025,878,0.22599173760041635
scaled dual,2025,879,0.21694149924442213
scaled dual,2025,880,0.18842504980042618
scaled dual,2025,881,0.17735516393557232
scaled dual,2025,882,0.18737666102126282
scaled dual,2025,883,0.18176842326298398
scaled dual,2025,884,0.1855523361824457
scaled dual,2025,885,0.1808443148247902
scaled dual,2025,886,0.24836867583915634
scaled dual,2025,887,0.22862866109237118
scaled dual,2025,888,0.22435281066224022
scaled dual,2025,889,0.21634585848078175
scaled dual,2025,890,0.2168090895377104
scaled dual,2025,891,0.22996157204732343
scaled dual,2025,892,0.2057081166468565
scaled dual,2025,893,0.20086099294945642
scaled dual,2025,894,0.19771041302010461
scaled dual,2025,895,0.27036072691902563
scaled dual,2025,896,0.2641682705096905
scaled dual,2025,897,0.2529440179280941
scaled dual,2025,898,0.25310346087440894
scaled dual,2025,899,0.24512347048148558
scaled dual,2025,900,0.24976224904879973
scaled dual,2025,901,0.23853316755965398
scaled dual,2025,902,0.2362730158306663
scaled dual,2025,903,0.24107851510867523
scaled dual,2025,904,0.24538401523605036
scaled dual,2025,905,0.2496031025983398
scaled dual,2025,906,0.22760732213035273
scaled dual,2025,907,0.21867469584569382
scaled dual,2025,908,0.20844121215865064
scaled dual,2025,909,0.20198606690391946
scaled dual,2025,910,0.21394767655059743
scaled dual,2025,911,0.20824895149096895
scaled dual,2025,912,0.20712566522881437
scaled dual,2025,913,0.27841189889237333
scaled dual,2025,914,0.28995619686320473
scaled dual,2025,915,0.2866580488719051
scaled dual,2025,916,0.2846954500488942
scaled dual,2025,917,0.29764097871258904
scaled dual,2025,918,0.2694856542535131
scaled dual,2025,919,0.26935522304847886
scaled dual,2025,920,0.24535398377105644
scaled dual,2025,921,0.24044729268178394
scaled dual,2025,922,0.25267842708155563
scaled dual,2025,923,0.23992513841018132
scaled dual,2025,924,0.3040717693977063
scaled dual,2025,925,0.29996928000822715
scaled dual,2025,926,0.29853610081598214
scaled dual,2025,927,0.29407425129786186
scaled dual,2025,928,0.2844266952387994
scaled dual,2025,929,0.280013498011977
scaled dual,2025,930,0.2688961612619465
scaled dual,2025,931,0.25993946494534664
scaled dual,2025,932,0.24895636437460833
scaled dual,2025,933,0.24555236691609078
scaled dual,2025,934,0.23482122635468894
scaled dual,2025,935,0.2242877636663621
scaled dual,2025,936,0.2128764037229126
scaled dual,2025,937,0.2018587790243333
scaled dual,2025,938,0.19610087772831375
scaled dual,2025,939,0.19726840285584385
scaled dual,2025,940,0.19873834239319021
scaled dual,2025,941,0.19719885272905285
scaled dual,2025,942,0.17340973613783772
scaled dual,2025,943,0.165729138012976
scaled dual,2025,944,0.16806282335892375
scaled dual,2025,945,0.1702656252868479
scaled dual,2025,946,0.16223625151440557
scaled dual,2025,947,0.15596768742427286
scaled dual,2025,948,0.15916931418702063
scaled dual,2025,949,0.17915151109919009
scaled dual,2025,950,0.18559915093705115
scaled dual,2025,951,0.18643410542979894
scaled dual,2025,952,0.1918867761082953
scaled dual,2025,953,0.19695045197382627
scaled dual,2025,954,0.20032984958961664
scaled dual,2025,955,0.20403463734313904
scaled dual,2025,956,0.2096494279988116
scaled dual,2025,957,0.2786869833059615
scaled dual,2025,958,0.28694891402497946
scaled dual,2025,959,0.2848445585928863
scaled dual,2025,960,0.2749521950818604
scaled dual,2025,961,0.27284410970285594
scaled dual,2025,962,0.26385681943968
scaled dual,2025,963,0.2542074147053069
scaled dual,2025,964,0.2508536853827542
scaled dual,2025,965,0.2576263847388333
scaled dual,2025,966,0.25116409623995484
scaled dual,2025,967,0.2444322038255638
scaled dual,2025,968,0.25007318327203454
scaled dual,2025,969,0.24143493873998584
scaled dual,2025,970,0.23395080776885213
scaled dual,2025,971,0.22484569588676157
scaled dual,2025,972,0.21526744885370197
scaled dual,2025,973,0.18755992291495266
scaled dual,2025,974,0.17807134361937704
scaled dual,2025,975,0.17320201253518525
scaled dual,2025,976,0.16052515285089675
scaled dual,2025,977,0.13723390268161956
scaled dual,2025,978,0.13228685738518897
scaled dual,2025,979,0.128063142392785
scaled dual,2025,980,0.13627370601520006
scaled dual,2025,981,0.2035811061225838
scaled dual,2025,982,0.18953108580783073
scaled dual,2025,983,0.18058076439425413
scaled dual,2025,984,0.17505744462832873
scaled dual,2025,985,0.18814797556027835
scaled dual,2025,986,0.1830282909981913
scaled dual,2025,987,0.16240277474746173
scaled dual,2025,988,0.16467572389170593
scaled dual,2025,989,0.16051510600373214
scaled dual,2025,990,0.14843629511073297
scaled dual,2025,991,0.14525399433448977
scaled dual,2025,992,0.1486914785392589
scaled dual,2025,993,0.14250251458957858
scaled dual,2025,994,0.13724087318405576
scaled dual,2025,995,0.15139445295557447
scaled dual,2025,996,0.12839252745732732
scaled dual,2025,997,0.12410327063873478
scaled dual,2025,998,0.12627887794748016
scaled dual,2025,999,0.12276884941384264
scaled dual,2025,1000,0.11488536266610094
scaled dual,2025,1001,0.1921348734013743
scaled dual,2025,1002,0.1911915931664414
scaled dual,2025,1003,0.19329759342596003
scaled dual,2025,1004,0.20039379699155757
scaled dual,2025,1005,0.20583813233301113
scaled dual,2025,1006,0.22283352652564714
scaled dual,2025,1007,0.22616559898480842
scaled dual,2025,1008,0.2272873635776348
scaled dual,2025,1009,0.2246774443425245
scaled dual,2025,1010,0.2293048514612026
scaled dual,2025,1011,0.2994546480663128
scaled dual,2025,1012,0.29393624568358134
scaled dual,2025,1013,0.2924076012708254
scaled dual,2025,1014,0.2861462083645172
scaled dual,2025,1015,0.2839850329421468
scaled dual,2025,1016,0.27643599344417524
scaled dual,2025,1017,0.26849650161340904
scaled dual,2025,1018,0.26359107246622515
scaled dual,2025,1019,0.2603006591089077
scaled dual,2025,1020,0.2611819981224842
scaled dual,2025,1021,0.2584934938885279
scaled dual,2025,1022,0.2637099252827473
scaled dual,2025,1023,0.2551935955323286
scaled dual,2025,1024,0.2325342523865409
scaled dual,2025,1025,0.2098967208154507
scaled dual,2025,1026,0.20089196825400069
scaled dual,2025,1027,0.26415611522272303
scaled dual,2025,1028,0.26219042906537726
scaled dual,2025,1029,0.2530879295431085
scaled dual,2025,1030,0.24814493549987748
scaled dual,2025,1031,0.24040583169087842
scaled dual,2025,1032,0.23235911203548387
scaled dual,2025,1033,0.21816338630393223
scaled dual,2025,1034,0.2866518058814116
scaled dual,2025,1035,0.2858555954508491
scaled dual,2025,1036,0.2788845766521998
scaled dual,2025,1037,0.27213247919455247
scaled dual,2025,1038,0.34474880913272576
scaled dual,2025,1039,0.3575879481621094
scaled dual,2025,1040,0.3504466370306917
scaled dual,2025,1041,0.3418176964111634
scaled dual,2025,1042,0.339789332244546
scaled dual,2025,1043,0.3304897415824242
scaled dual,2025,1044,0.3264814228750773
scaled dual,2025,1045,0.32010883005336005
scaled dual,2025,1046,0.31881947034970004
scaled dual,2025,1047,0.31273654213175256
scaled dual,2025,1048,0.28889014221727927
scaled dual,2025,1049,0.29576959908008654
scaled dual,2025,1050,0.26795865908265193
scaled dual,2025,1051,0.2607551123201855
scaled dual,2025,1052,0.2758152414858349
scaled dual,2025,1053,0.2643053988367327
scaled dual,2025,1054,0.25623043216765007
scaled dual,2025,1055,0.24549065358936867
scaled dual,2025,1056,0.24335585787892422
scaled dual,2025,1057,0.24340555377304635
scaled dual,2025,1058,0.25624914918094954
scaled dual,2025,1059,0.32233884502202353
scaled dual,2025,1060,0.3161612664908179
scaled dual,2025,1061,0.3060209430009135
scaled dual,2025,1062,0.37602071285247884
scaled dual,2025,1063,0.36819791574031197
scaled dual,2025,1064,0.3597942853346475
scaled dual,2025,1065,0.3486051017045983
scaled dual,2025,1066,0.3428595218062409
scaled dual,2025,1067,0.33404367405921304
scaled dual,2025,1068,0.396481570266188
scaled dual,2025,1069,0.388659071177245
scaled dual,2025,1070,0.3833369915932425
scaled dual,2025,1071,0.3791727136075505
scaled dual,2025,1072,0.43798943206667984
scaled dual,2025,1073,0.43344719078391875
scaled dual,2025,1074,0.42574044112116183
scaled dual,2025,1075,0.420555992387236
scaled dual,2025,1076,0.4219860620051631
scaled dual,2025,1077,0.4184451694414028
scaled dual,2025,1078,0.41145487692207183
scaled dual,2025,1079,0.39692478775978174
scaled dual,2025,1080,0.3821979567036041
scaled dual,2025,1081,0.37791622962802734
scaled dual,2025,1082,0.3719014742225417
scaled dual,2025,1083,0.36394606143236247
scaled dual,2025,1084,0.34911820515990344
scaled dual,2025,1085,0.33858876112848607
scaled dual,2025,1086,0.3324096971377739
scaled dual,2025,1087,0.32215578489005653
scaled dual,2025,1088,0.3288753895461568
scaled dual,2025,1089,0.33959994204342453
scaled dual,2025,1090,0.3099752210639426
scaled dual,2025,1091,0.2816174084506938
scaled dual,2025,1092,0.27152240311727016
scaled dual,2025,1093,0.26344216981902807
scaled dual,2025,1094,0.25373728619888514
scaled dual,2025,1095,0.23020943120122045
scaled dual,2025,1096,0.22401519130915493
scaled dual,2025,1097,0.2141521318629393
scaled dual,2025,1098,0.2092924539372334
scaled dual,2025,1099,0.2665250299498448
scaled dual,2025,1100,0.24496383486315698
scaled dual,2025,1101,0.3045774860493848
scaled dual,2025,1102,0.298987884055824
scaled dual,2025,1103,0.2983914097212264
scaled dual,2025,1104,0.2702340852469215
scaled dual,2025,1105,0.32926342464983555
scaled dual,2025,1106,0.32587145987898203
scaled dual,2025,1107,0.3258608712628493
scaled dual,2025,1108,0.3228324715420613
scaled dual,2025,1109,0.29583526067435834
scaled dual,2025,1110,0.2903629401326189
scaled dual,2025,1111,0.34683027632534597
scaled dual,2025,1112,0.3327031145617375
scaled dual,2025,1113,0.3881326221302161
scaled dual,2025,1114,0.3902507295832047
scaled dual,2025,1115,0.38776854123920296
scaled dual,2025,1116,0.38671360008418654
scaled dual,2025,1117,0.3697931225225339
scaled dual,2025,1118,0.3499214327335367
scaled dual,2025,1119,0.34259553812444304
scaled dual,2025,1120,0.3342150184884677
scaled dual,2025,1121,0.3848812767490754
scaled dual,2025,1122,0.37612718965858316
scaled dual,2025,1123,0.4257457007095227
scaled dual,2025,1124,0.40272723026573753
scaled dual,2025,1125,0.4025819072127352
scaled dual,2025,1126,0.4497095215320597
scaled dual,2025,1127,0.4308778955414901
scaled dual,2025,1128,0.4344145469740043
scaled dual,2025,1129,0.4255619492381821
scaled dual,2025,1130,0.4032211463525901
scaled dual,2025,1131,0.38922516137361624
scaled dual,2025,1132,0.37651531890034773
scaled dual,2025,1133,0.3714780656993399
scaled dual,2025,1134,0.412275480479003
scaled dual,2025,1135,0.41353786546737054
scaled dual,2025,1136,0.40705587483942607
scaled dual,2025,1137,0.3923616074770699
scaled dual,2025,1138,0.3917225810140381
scaled dual,2025,1139,0.38609146531671384
scaled dual,2025,1140,0.36451337836682896
scaled dual,2025,1141,0.3481011701002727
scaled dual,2025,1142,0.32225697848945956
scaled dual,2025,1143,0.325407363884152
scaled dual,2025,1144,0.36096282955259185
scaled dual,2025,1145,0.34264938212931256
scaled dual,2025,1146,0.3159286716207872
scaled dual,2025,1147,0.35007670398801666
scaled dual,2025,1148,0.38383580673486095
scaled dual,2025,1149,0.3542727369815121
scaled dual,2025,1150,0.3494282861799012
scaled dual,2025,1151,0.34427850127220255
scaled dual,2025,1152,0.32933480709791285
scaled dual,2025,1153,0.3106302367895852
scaled dual,2025,1154,0.34092678464949233
scaled dual,2025,1155,0.33460992217064006
scaled dual,2025,1156,0.3143638733029376
scaled dual,2025,1157,0.30652509935200317
scaled dual,2025,1158,0.33596466280520065
scaled dual,2025,1159,0.31266042534262045
scaled dual,2025,1160,0.2892816867306839
scaled dual,2025,1161,0.2731604236364375
scaled dual,2025,1162,0.2587007005512725
scaled dual,2025,1163,0.22983120301738486
scaled dual,2025,1164,0.2585357108153413
scaled dual,2025,1165,0.23869810743257508
scaled dual,2025,1166,0.2155637222528468
scaled dual,2025,1167,0.19730356510728703
scaled dual,2025,1168,0.17428623087704287
scaled dual,2025,1169,0.1564848385751258
scaled dual,2025,1170,0.14393263641744958
scaled dual,2025,1171,0.13797321554273473
scaled dual,2025,1172,0.11987365100532876
scaled dual,2025,1173,0.10428690653294431
scaled dual,2025,1174,0.13396609928459036
scaled dual,2025,1175,0.12100516293197977
scaled dual,2025,1176,0.15124068122357237
scaled dual,2025,1177,0.1289651361107837
scaled dual,2025,1178,0.11797953493893254
scaled dual,2025,1179,0.1015675641596328
scaled dual,2025,1180,0.08678806681186069
scaled dual,2025,1181,0.07965966381132711
scaled dual,2025,1182,0.05778279926627983
scaled dual,2025,1183,0.08923104856163372
scaled dual,2025,1184,0.06322910487651934
scaled dual,2025,1185,0.0503927794843923
scaled dual,2025,1186,0.025178585685790674
scaled dual,2025,1187,0.021295143365861073
scaled dual,2025,1188,0.020104028880597247
scaled dual,2025,1189,0.014328437112272871
scaled dual,2025,1190,0.0
scaled dual,2025,1191,0.0
scaled dual,2025,1192,0.0
scaled dual,2025,1193,0.0
scaled dual,2025,1194,0.0
scaled dual,2025,1195,0.00023425608873367185
scaled dual,2025,1196,0.03736172907054425
scaled dual,2025,1197,0.029772493690252307
scaled dual,2025,1198,0.024697107486426832
scaled dual,2025,1199,0.005128940381109715
scaled dual,2025,1200,0.0
scaled dual,2025,1201,0.03976534172892571
scaled dual,2025,1202,0.08014127716422081
scaled dual,2025,1203,0.06107863195240498
scaled dual,2025,1204,0.04231474105268718
scaled dual,2025,1205,0.0533517336472869
scaled dual,2025,1206,0.06454633861780168
scaled dual,2025,1207,0.04579124871641399
scaled dual,2025,1208,0.0566965150460601
scaled dual,2025,1209,0.06456600505858662
scaled dual,2025,1210,0.07400910425931218
scaled dual,2025,1211,0.07723427485674622
scaled dual,2025,1212,0.07662417061626914
scaled dual,2025,1213,0.08513209622353318
scaled dual,2025,1214,0.08305908445268873
scaled dual,2025,1215,0.0885621536523104
scaled dual,2025,1216,0.09652379337698225
scaled dual,2025,1217,0.08137944575399164
scaled dual,2025,1218,0.07758842322975401
scaled dual,2025,1219,0.08343583498150114
scaled dual,2025,1220,0.0993889814242721
scaled dual,2025,1221,0.09415571276098494
scaled dual,2025,1222,0.10252213787287479
scaled dual,2025,1223,0.10969254922121768
scaled dual,2025,1224,0.11632449779659515
scaled dual,2025,1225,0.11597270984202629
scaled dual,2025,1226,0.11181514669209724
scaled dual,2025,1227,0.16066679742187268
scaled dual,2025,1228,0.15333210647106177
scaled dual,2025,1229,0.16045222640037543
scaled dual,2025,1230,0.15067555643618114
scaled dual,2025,1231,0.1398502731323243
scaled dual,2025,1232,0.1343109346181155
scaled dual,2025,1233,0.12219550412148245
scaled dual,2025,1234,0.10418842922896154
scaled dual,2025,1235,0.09353305175900467
scaled dual,2025,1236,0.0762793469801546
scaled dual,2025,1237,0.08659180320799359
scaled dual,2025,1238,0.0693320122361184
scaled dual,2025,1239,0.05949029870331296
scaled dual,2025,1240,0.04291879702359447
scaled dual,2025,1241,0.040697439536452384
scaled dual,2025,1242,0.032064675837755297
scaled dual,2025,1243,0.010900238137692305
scaled dual,2025,1244,0.002698900308460088
scaled dual,2025,1245,0.0010983158834279479
scaled dual,2025,1246,0.0
scaled dual,2025,1247,0.0
scaled dual,2025,1248,0.0
scaled dual,2025,1249,0.0
scaled dual,2025,1250,0.061341636404395106
scaled dual,2025,1251,0.06171736970543862
scaled dual,2025,1252,0.1272281926870346
scaled dual,2025,1253,0.14163604680448771
scaled dual,2025,1254,0.14020844157785178
scaled dual,2025,1255,0.1322223510220647
scaled dual,2025,1256,0.13494340136647226
scaled dual,2025,1257,0.12740984044969084
scaled dual,2025,1258,0.12661331802606585
scaled dual,2025,1259,0.11965859271585944
scaled dual,2025,1260,0.1896452681720257
scaled dual,2025,1261,0.20970460653305056
scaled dual,2025,1262,0.19235133405774835
scaled dual,2025,1263,0.18696878835558894
scaled dual,2025,1264,0.18874566387385133
scaled dual,2025,1265,0.17161279354244474
scaled dual,2025,1266,0.16763051461428408
scaled dual,2025,1267,0.16087711796164517
scaled dual,2025,1268,0.13863657195121054
scaled dual,2025,1269,0.15724816936999564
scaled dual,2025,1270,0.1761118478700519
scaled dual,2025,1271,0.16018288426101213
scaled dual,2025,1272,0.1419931118190289
scaled dual,2025,1273,0.13633622176945215
scaled dual,2025,1274,0.14712938014417892
scaled dual,2025,1275,0.1245507523976267
scaled dual,2025,1276,0.1277143392898143
scaled dual,2025,1277,0.1390635344944895
scaled dual,2025,1278,0.14831311883404857
scaled dual,2025,1279,0.14414150202646858
scaled dual,2025,1280,0.14027344049885876
scaled dual,2025,1281,0.14771945813670762
scaled dual,2025,1282,0.2219364242441953
scaled dual,2025,1283,0.20519347073510297
scaled dual,2025,1284,0.1892366931773723
scaled dual,2025,1285,0.1671138942800463
scaled dual,2025,1286,0.17731789799407133
scaled dual,2025,1287,0.17070293778553614
scaled dual,2025,1288,0.17647390658035883
scaled dual,2025,1289,0.172324627544731
scaled dual,2025,1290,0.1761033716239036
scaled dual,2025,1291,0.15958452692255387
scaled dual,2025,1292,0.15607103852555165
scaled dual,2025,1293,0.1419215483032168
scaled dual,2025,1294,0.14547383664175878
scaled dual,2025,1295,0.14600302862003456
scaled dual,2025,1296,0.15433016588911425
scaled dual,2025,1297,0.2301348507218064
scaled dual,2025,1298,0.2536635891906918
scaled dual,2025,1299,0.2509674760513009
scaled dual,2025,1300,0.25680756295099866
scaled dual,2025,1301,0.23435103857889783
scaled dual,2025,1302,0.2311157781444491
scaled dual,2025,1303,0.22488271607086074
scaled dual,2025,1304,0.2024737962521614
scaled dual,2025,1305,0.193740957286209
scaled dual,2025,1306,0.19920194467529667
scaled dual,2025,1307,0.20670816766098155
scaled dual,2025,1308,0.1849892647378148
scaled dual,2025,1309,0.18874271875247373
scaled dual,2025,1310,0.259462689664215
scaled dual,2025,1311,0.2523899844102563
scaled dual,2025,1312,0.24520816540345564
scaled dual,2025,1313,0.22772755319252624
scaled dual,2025,1314,0.22961013847962036
scaled dual,2025,1315,0.22510253308340922
scaled dual,2025,1316,0.22444976029917613
scaled dual,2025,1317,0.2236846187897028
scaled dual,2025,1318,0.22314052669331447
scaled dual,2025,1319,0.22631295649334804
scaled dual,2025,1320,0.24353657128289358
scaled dual,2025,1321,0.24545766675844805
scaled dual,2025,1322,0.24674314854666607
scaled dual,2025,1323,0.23610657447949068
scaled dual,2025,1324,0.21817842917516844
scaled dual,2025,1325,0.21800010005012171
scaled dual,2025,1326,0.22087846940383332
scaled dual,2025,1327,0.2023310784064235
scaled dual,2025,1328,0.20444289943203348
scaled dual,2025,1329,0.20303393928334135
scaled dual,2025,1330,0.18387453431263584
scaled dual,2025,1331,0.24998398350551743
scaled dual,2025,1332,0.2568308021686973
scaled dual,2025,1333,0.2652259259857239
scaled dual,2025,1334,0.26235511070117373
scaled dual,2025,1335,0.2546592295728626
scaled dual,2025,1336,0.2508484443835916
scaled dual,2025,1337,0.2240091578848662
scaled dual,2025,1338,0.21908540030941387
scaled dual,2025,1339,0.196803661901504
scaled dual,2025,1340,0.1901206266693773
scaled dual,2025,1341,0.18225026225671193
scaled dual,2025,1342,0.18110189547762295
scaled dual,2025,1343,0.2466164623759689
scaled dual,2025,1344,0.2405118157155814
scaled dual,2025,1345,0.23726805230602643
scaled dual,2025,1346,0.23649824021384142
scaled dual,2025,1347,0.30291529593989275
scaled dual,2025,1348,0.2996535812877121
scaled dual,2025,1349,0.36302651604637526
scaled dual,2025,1350,0.35937512205913685
scaled dual,2025,1351,0.34467641228809975
scaled dual,2025,1352,0.3183970462344589
scaled dual,2025,1353,0.3176854045502844
scaled dual,2025,1354,0.31415351787582063
scaled dual,2025,1355,0.3755507728643718
scaled dual,2025,1356,0.36864622721448564
scaled dual,2025,1357,0.35779488550499106
scaled dual,2025,1358,0.3549764384888115
scaled dual,2025,1359,0.3523409451358023
scaled dual,2025,1360,0.3406772107444706
scaled dual,2025,1361,0.3573814967833462
scaled dual,2025,1362,0.3314663430489602
scaled dual,2025,1363,0.32956656659022
scaled dual,2025,1364,0.3297976142726841
scaled dual,2025,1365,0.3280708868615332
scaled dual,2025,1366,0.3316890709288421
scaled dual,2025,1367,0.3308163104392591
scaled dual,2025,1368,0.32933600632473853
scaled dual,2025,1369,0.3253174477256837
scaled dual,2025,1370,0.3186295835860076
scaled dual,2025,1371,0.3138932872749868
scaled dual,2025,1372,0.3098582582361999
scaled dual,2025,1373,0.2985522122494879
scaled dual,2025,1374,0.3135232697241011
scaled dual,2025,1375,0.30839915672317175
scaled dual,2025,1376,0.3194980496726933
scaled dual,2025,1377,0.33019686041399865
scaled dual,2025,1378,0.31980669101700215
scaled dual,2025,1379,0.2908388737589124
scaled dual,2025,1380,0.286259183995426
scaled dual,2025,1381,0.28464996621012717
scaled dual,2025,1382,0.2894105478003624
scaled dual,2025,1383,0.28608159631490737
scaled dual,2025,1384,0.27781437672674686
scaled dual,2025,1385,0.2759468659386042
scaled dual,2025,1386,0.26613637033849985
scaled dual,2025,1387,0.2615828088298443
scaled dual,2025,1388,0.32523795295506747
scaled dual,2025,1389,0.33674475122243197
scaled dual,2025,1390,0.3126456765085462
scaled dual,2025,1391,0.30116984575986894
scaled dual,2025,1392,0.28954164132475885
scaled dual,2025,1393,0.27786087770015033
scaled dual,2025,1394,0.2696753676980737
scaled dual,2025,1395,0.26743261307477983
scaled dual,2025,1396,0.23694546643644604
scaled dual,2025,1397,0.29879761662334237
scaled dual,2025,1398,0.35821121972054276
scaled dual,2025,1399,0.3466738658025864
scaled dual,2025,1400,0.340321017019451
scaled dual,2025,1401,0.3226465500146154
scaled dual,2025,1402,0.31675453361123834
scaled dual,2025,1403,0.3089552523940805
scaled dual,2025,1404,0.31871290579438244
scaled dual,2025,1405,0.2946000312082473
scaled dual,2025,1406,0.28228444552049076
scaled dual,2025,1407,0.2802785960771147
scaled dual,2025,1408,0.2687183875031773
scaled dual,2025,1409,0.3285619915463034
scaled dual,2025,1410,0.302326341774315
scaled dual,2025,1411,0.30072112401947415
scaled dual,2025,1412,0.3084179701097313
scaled dual,2025,1413,0.3117369528301064
scaled dual,2025,1414,0.3032571868039671
scaled dual,2025,1415,0.29072870543226637
scaled dual,2025,1416,0.2839035084657375
scaled dual,2025,1417,0.2747652228735391
scaled dual,2025,1418,0.2627239489369098
scaled dual,2025,1419,0.2538060608319942
scaled dual,2025,1420,0.3123061109893028
scaled dual,2025,1421,0.37178811041638293
scaled dual,2025,1422,0.36466930935159364
scaled dual,2025,1423,0.3604795364104215
scaled dual,2025,1424,0.3304260787554089
scaled dual,2025,1425,0.3178975182212893
scaled dual,2025,1426,0.2930501956678931
scaled dual,2025,1427,0.28915426896885077
scaled dual,2025,1428,0.2760765121690933
scaled dual,2025,1429,0.24535753140226046
scaled dual,2025,1430,0.23299541218206327
scaled dual,2025,1431,0.22707102766260545
scaled dual,2025,1432,0.22535739464685361
scaled dual,2025,1433,0.214573927726597
scaled dual,2025,1434,0.20590596003457945
scaled dual,2025,1435,0.21043935945257586
scaled dual,2025,1436,0.18342632774263662
scaled dual,2025,1437,0.18223944611847442
scaled dual,2025,1438,0.1804131091013555
scaled dual,2025,1439,0.24083175826817793
scaled dual,2025,1440,0.23268327765166802
scaled dual,2025,1441,0.2439335058629517
scaled dual,2025,1442,0.22343811400234742
scaled dual,2025,1443,0.22294029001146598
scaled dual,2025,1444,0.2170691538602118
scaled dual,2025,1445,0.21713752277195497
scaled dual,2025,1446,0.22088834114372774
scaled dual,2025,1447,0.21968442562967583
scaled dual,2025,1448,0.2264071595296268
scaled dual,2025,1449,0.21664349548518702
scaled dual,2025,1450,0.278879825547338
scaled dual,2025,1451,0.2815829293057327
scaled dual,2025,1452,0.276760262139142
scaled dual,2025,1453,0.26744204036891506
scaled dual,2025,1454,0.2684945005923514
scaled dual,2025,1455,0.2650337436795239
scaled dual,2025,1456,0.2564090266078715
scaled dual,2025,1457,0.25802681826055096
scaled dual,2025,1458,0.3181920079886918
scaled dual,2025,1459,0.30828732308000373
scaled dual,2025,1460,0.2999617514759307
scaled dual,2025,1461,0.2937012898921971
scaled dual,2025,1462,0.35219837844371843
scaled dual,2025,1463,0.3478972519189124
scaled dual,2025,1464,0.356307602860034
scaled dual,2025,1465,0.3306168047338729
scaled dual,2025,1466,0.3379570613801484
scaled dual,2025,1467,0.3308325559645896
scaled dual,2025,1468,0.3813317722082143
scaled dual,2025,1469,0.3694174561649566
scaled dual,2025,1470,0.41821662686765243
scaled dual,2025,1471,0.40241897508502056
scaled dual,2025,1472,0.3871331036835914
scaled dual,2025,1473,0.36779732950031807
scaled dual,2025,1474,0.34779075160622647
scaled dual,2025,1475,0.3274476356431847
scaled dual,2025,1476,0.31009927589446357
scaled dual,2025,1477,0.3105455010011797
scaled dual,2025,1478,0.2897952946275478
scaled dual,2025,1479,0.25330755515024117
scaled dual,2025,1480,0.23238249296322516
scaled dual,2025,1481,0.22811196038499526
scaled dual,2025,1482,0.2095628464408224
scaled dual,2025,1483,0.25195216158405
scaled dual,2025,1484,0.2427662434987729
scaled dual,2025,1485,0.22466473715379887
scaled dual,2025,1486,0.20678697640076332
scaled dual,2025,1487,0.24810508431866818
scaled dual,2025,1488,0.23146106986329013
scaled dual,2025,1489,0.21537483381107503
scaled dual,2025,1490,0.21255415627732926
scaled dual,2025,1491,0.19761469962075406
scaled dual,2025,1492,0.18159627316519672
scaled dual,2025,1493,0.1635568906925624
scaled dual,2025,1494,0.14466513851657564
scaled dual,2025,1495,0.12585664192214663
scaled dual,2025,1496,0.10767832474783118
scaled dual,2025,1497,0.0976575318537658
scaled dual,2025,1498,0.08762169810012038
scaled dual,2025,1499,0.07376757217571195
scaled dual,2025,1500,0.05719661997631248
