date,arm,seed,ret
620,unconstrained,7,0.0025575885324488797
621,unconstrained,7,-0.003631846884218797
622,unconstrained,7,0.006642622334791758
623,unconstrained,7,0.004202659325938216
624,unconstrained,7,0.006571788414901048
625,unconstrained,7,0.005315486016885766
626,unconstrained,7,0.0039122257215485215
627,unconstrained,7,0.006800702357712009
628,unconstrained,7,0.002550386704563161
629,unconstrained,7,-0.0021634073436805103
630,unconstrained,7,0.01199734742402154
631,unconstrained,7,0.008461873222703012
632,unconstrained,7,0.005088681935257146
633,unconstrained,7,-0.041535511708523556
634,unconstrained,7,0.023942491671869213
635,unconstrained,7,-0.07069250536415098
636,unconstrained,7,-0.0629297737509112
637,unconstrained,7,0.07039906366226115
638,unconstrained,7,-0.006892714205139947
639,unconstrained,7,0.050541330685259636
640,unconstrained,7,0.01627861261612549
641,unconstrained,7,0.0008837717229187608
642,unconstrained,7,-0.007166561411274389
643,unconstrained,7,0.007834670277599265
644,unconstrained,7,-0.0012341645125313317
645,unconstrained,7,0.011567958916415894
646,unconstrained,7,0.008226873749568554
647,unconstrained,7,0.0035084117441213174
648,unconstrained,7,-0.004548037737634717
649,unconstrained,7,0.009505683797284262
650,unconstrained,7,-0.005158264341509302
651,unconstrained,7,0.014667412383034917
652,unconstrained,7,0.013716470938293491
653,unconstrained,7,0.006770423341613021
654,unconstrained,7,0.009590888369925091
655,unconstrained,7,0.012967338537879057
656,unconstrained,7,0.010988719715695964
657,unconstrained,7,-0.014620355757833442
658,unconstrained,7,0.009299770158977472
659,unconstrained,7,0.004428065092911407
660,unconstrained,7,-0.007350164674566611
661,unconstrained,7,-0.006356881726110435
662,unconstrained,7,-0.0034061063388083116
663,unconstrained,7,-0.0035563540616948917
664,unconstrained,7,0.0037544323067798258
665,unconstrained,7,0.01264587422562482
666,unconstrained,7,0.0015765639131608558
667,unconstrained,7,-0.007452231885681207
668,unconstrained,7,-0.024781925685431406
669,unconstrained,7,0.035978810364704454
670,unconstrained,7,0.005421904783906035
671,unconstrained,7,0.0025608751647248776
672,unconstrained,7,0.004910367374730569
673,unconstrained,7,0.0005177611043067507
674,unconstrained,7,0.002564899157272113
675,unconstrained,7,0.00261169452208459
676,unconstrained,7,0.0017906918911304351
677,unconstrained,7,0.006803473642249031
678,unconstrained,7,-0.0035350741676498094
679,unconstrained,7,-0.005556080219024179
680,unconstrained,7,0.008389834789974845
681,unconstrained,7,-0.013722944804145685
682,unconstrained,7,0.013471891835091038
683,unconstrained,7,0.00425771530258719
684,unconstrained,7,-0.010949087846916066
685,unconstrained,7,-0.01285458655823153
686,unconstrained,7,-0.0038711387730541334
687,unconstrained,7,0.006019057060779538
688,unconstrained,7,-0.005960491087856856
689,unconstrained,7,0.011157595891789246
690,unconstrained,7,0.007123690621909861
691,unconstrained,7,0.011081881399655616
692,unconstrained,7,0.010518930374508155
693,unconstrained,7,0.0008996062364760545
694,unconstrained,7,-0.0018280288607154488
695,unconstrained,7,0.008718379193439289
696,unconstrained,7,-0.008975148249755009
697,unconstrained,7,0.0001958556246421185
698,unconstrained,7,0.007525023284263765
699,unconstrained,7,0.005781618446849667
700,unconstrained,7,0.005984109529205605
701,unconstrained,7,-0.005779041221434584
702,unconstrained,7,0.006517769664132314
703,unconstrained,7,0.013489562175536755
704,unconstrained,7,0.004338539271924428
705,unconstrained,7,-0.00127333057697887
706,unconstrained,7,0.008722133092021555
707,unconstrained,7,0.0005366001975175876
708,unconstrained,7,-0.0010265209424501986
709,unconstrained,7,0.005029862168396573
710,unconstrained,7,0.0004498274834855563
711,unconstrained,7,0.007019232322828381
712,unconstrained,7,0.0014404392416357164
713,unconstrained,7,-0.007722317657428061
714,unconstrained,7,-0.0015162707384803686
715,unconstrained,7,-0.0018496281799365124
716,unconstrained,7,-0.010620340357670474
717,unconstrained,7,-0.00376785479064335
718,unconstrained,7,0.014043074092010522
719,unconstrained,7,0.004978018594803042
720,unconstrained,7,0.011197442297925098
721,unconstrained,7,0.013499170199207832
722,unconstrained,7,-0.0032917273602844203
723,unconstrained,7,0.002192944225975814
724,unconstrained,7,-0.008901256977772047
725,unconstrained,7,0.002635412766821819
726,unconstrained,7,0.007729788203529778
727,unconstrained,7,-0.003862170934248229
728,unconstrained,7,0.007343638834969633
729,unconstrained,7,0.0037652231505440293
730,unconstrained,7,-0.019954620463993312
731,unconstrained,7,-0.0003059177523961523
732,unconstrained,7,-0.020321747961782186
733,unconstrained,7,0.0009928335523797503
734,unconstrained,7,-0.0011653786103517458
735,unconstrained,7,-0.00714379950537291
736,unconstrained,7,-0.003821435259347733
737,unconstrained,7,0.0017887353525082392
738,unconstrained,7,0.006867669658271885
739,unconstrained,7,-0.022523107815107628
740,unconstrained,7,0.020567317600812613
741,unconstrained,7,-0.0007594374375629445
742,unconstrained,7,0.007054830337565147
743,unconstrained,7,-0.01841109012716871
744,unconstrained,7,-0.014918609193601702
745,unconstrained,7,-0.01522369627055918
746,unconstrained,7,-0.015732562403297297
747,unconstrained,7,-0.0132028883140035
748,unconstrained,7,-0.008497809266531358
749,unconstrained,7,-0.0062025389184003
750,unconstrained,7,0.03239786464751641
751,unconstrained,7,-0.011256030701772116
752,unconstrained,7,-0.02579478085263691
753,unconstrained,7,-0.03050513324555551
754,unconstrained,7,0.027181967513574077
755,unconstrained,7,-0.002302625272919109
756,unconstrained,7,-0.002143161156304722
757,unconstrained,7,0.0037044177206962984
758,unconstrained,7,0.017457222375714555
759,unconstrained,7,0.01814889380266587
760,unconstrained,7,0.0004245681060020069
761,unconstrained,7,0.013520230521354436
762,unconstrained,7,-0.014385302890297377
763,unconstrained,7,-0.015459869805231431
764,unconstrained,7,-0.023399755238652762
765,unconstrained,7,0.01120675689294473
766,unconstrained,7,-0.02647105790142754
767,unconstrained,7,-0.024711894446434825
768,unconstrained,7,-0.020183758277093164
769,unconstrained,7,0.0075785072907628695
770,unconstrained,7,-0.01710317703255249
771,unconstrained,7,0.0024509334292008105
772,unconstrained,7,0.02821525365017778
773,unconstrained,7,-0.017679515934340275
774,unconstrained,7,0.040650042361444275
775,unconstrained,7,0.0013021991653959458
776,unconstrained,7,0.016808749979103893
777,unconstrained,7,0.020563244776064315
778,unconstrained,7,-0.016517884839129474
779,unconstrained,7,-0.005702895124888082
780,unconstrained,7,-0.0131116573752484
781,unconstrained,7,-0.006858244292855195
782,unconstrained,7,0.02599174556096067
783,unconstrained,7,0.01952047829595061
784,unconstrained,7,-0.003935267207606511
785,unconstrained,7,0.011051477107337875
786,unconstrained,7,0.0038567287753802633
787,unconstrained,7,-0.013437512552477606
788,unconstrained,7,-0.005050031564680353
789,unconstrained,7,-0.016191248535962512
790,unconstrained,7,0.015235051360393803
791,unconstrained,7,-0.00937452225677722
792,unconstrained,7,0.014577777195889811
793,unconstrained,7,0.006097645739310442
794,unconstrained,7,0.015141269486662522
795,unconstrained,7,0.007490701314919748
796,unconstrained,7,-0.004534232597668095
797,unconstrained,7,-0.003867165285988913
798,unconstrained,7,0.009582970357232852
799,unconstrained,7,-0.005756444078429677
800,unconstrained,7,-0.002927215018807397
801,unconstrained,7,-0.002857990738915954
802,unconstrained,7,0.0003103386748498447
803,unconstrained,7,0.011761082402338125
804,unconstrained,7,0.0022285002838706497
805,unconstrained,7,0.012219069362594278
806,unconstrained,7,-0.006599796252949885
807,unconstrained,7,0.009242502193063657
808,unconstrained,7,-0.015315463484046303
809,unconstrained,7,0.018843306136983203
810,unconstrained,7,0.005545882860130346
811,unconstrained,7,-0.0009718138931728398
812,unconstrained,7,-0.018962193144077027
813,unconstrained,7,-0.005301364188963851
814,unconstrained,7,-0.015143722121026937
815,unconstrained,7,0.010262971562881869
816,unconstrained,7,0.012912577847019574
817,unconstrained,7,-0.00760883742147287
818,unconstrained,7,-0.004276134080239772
819,unconstrained,7,-0.01675307365520278
820,unconstrained,7,-0.01644169697728356
821,unconstrained,7,-0.011532206429987441
822,unconstrained,7,0.017605062823454497
823,unconstrained,7,-0.02142415214439676
824,unconstrained,7,-0.00443669023492201
825,unconstrained,7,0.03630716886020678
826,unconstrained,7,0.0032774075488818766
827,unconstrained,7,0.01675575971655496
828,unconstrained,7,0.004544050471956919
829,unconstrained,7,0.016956057526962134
830,unconstrained,7,0.001633651158255491
831,unconstrained,7,0.023654760552946904
832,unconstrained,7,0.00416706834023254
833,unconstrained,7,0.0024030636669558334
834,unconstrained,7,-0.012676374070848043
835,unconstrained,7,0.009488880613483056
836,unconstrained,7,-0.0015128658425492651
837,unconstrained,7,0.004555628758959038
838,unconstrained,7,0.011923328872973468
839,unconstrained,7,0.0010223586207275598
840,unconstrained,7,-0.004741209508641719
841,unconstrained,7,0.010541682741826286
842,unconstrained,7,0.008719327614439921
843,unconstrained,7,0.0056497223008782965
844,unconstrained,7,-0.006561723102867459
845,unconstrained,7,0.013110110331043806
846,unconstrained,7,0.005529492116748918
847,unconstrained,7,-0.006350102754543963
848,unconstrained,7,-0.007431113844028817
849,unconstrained,7,-0.0140201759006465
850,unconstrained,7,0.007527345066609802
851,unconstrained,7,0.006476567543124723
852,unconstrained,7,0.010381209724484608
853,unconstrained,7,0.012470673343737491
854,unconstrained,7,-0.002814473758255104
855,unconstrained,7,-0.0043436939650140245
856,unconstrained,7,0.007561919665115298
857,unconstrained,7,0.01779480640483966
858,unconstrained,7,0.0012544781580935878
859,unconstrained,7,-0.006289740922441892
860,unconstrained,7,0.013785049210808429
861,unconstrained,7,0.008568207853279577
862,unconstrained,7,-0.011221425015483509
863,unconstrained,7,-0.0030688158939901422
864,unconstrained,7,0.006976578996928115
865,unconstrained,7,-0.003987764141685566
866,unconstrained,7,0.02265187748888332
867,unconstrained,7,0.008246806142127186
868,unconstrained,7,-0.003287210348862032
869,unconstrained,7,-0.009131974834082702
870,unconstrained,7,0.02204586155305299
871,unconstrained,7,0.0050239124456121515
872,unconstrained,7,0.0026187566478682585
873,unconstrained,7,-0.003972962355688733
874,unconstrained,7,0.0006345222167046094
875,unconstrained,7,0.0058719875825059544
876,unconstrained,7,-0.0075305428383710665
877,unconstrained,7,-0.008680570213505783
878,unconstrained,7,0.02420018888995921
879,unconstrained,7,-0.018760906949427773
880,unconstrained,7,0.013499777071481384
881,unconstrained,7,0.012675560390228106
882,unconstrained,7,0.004927495489096474
883,unconstrained,7,-0.01213459192272193
884,unconstrained,7,-0.01241658570797806
885,unconstrained,7,-0.00040568766683460956
886,unconstrained,7,-0.0026023968325462987
620,unconstrained,13,0.0029892167364127496
621,unconstrained,13,-0.0034391188801679725
622,unconstrained,13,0.007142463101593264
623,unconstrained,13,0.005172822402949713
624,unconstrained,13,0.006324102844669315
625,unconstrained,13,0.0047651432283395915
626,unconstrained,13,0.004452838956525678
627,unconstrained,13,0.0069605075452234795
628,unconstrained,13,0.0005015184083798613
629,unconstrained,13,-0.002961421973152253
630,unconstrained,13,0.013063167824302255
631,unconstrained,13,0.008837350928504087
632,unconstrained,13,0.004242560986996022
633,unconstrained,13,-0.045209737682438474
634,unconstrained,13,0.02389518554610071
635,unconstrained,13,-0.07294480085384242
636,unconstrained,13,-0.07302692962249668
637,unconstrained,13,0.07671172677043932
638,unconstrained,13,-0.008504632466758059
639,unconstrained,13,0.05627009210419698
640,unconstrained,13,0.015877188234564504
641,unconstrained,13,0.001066042942784711
642,unconstrained,13,-0.0073650260981522695
643,unconstrained,13,0.007796795132994675
644,unconstrained,13,-0.0011538284078627117
645,unconstrained,13,0.012280599029801822
646,unconstrained,13,0.008415489817823623
647,unconstrained,13,0.003256811447512114
648,unconstrained,13,-0.00446154146177205
649,unconstrained,13,0.009603492295239976
650,unconstrained,13,-0.005247960564608669
651,unconstrained,13,0.01481843566289547
652,unconstrained,13,0.014018218811967388
653,unconstrained,13,0.007356885038881709
654,unconstrained,13,0.010927539488953707
655,unconstrained,13,0.014044556107245467
656,unconstrained,13,0.011380551967574896
657,unconstrained,13,-0.016237790147582774
658,unconstrained,13,0.009594110600481197
659,unconstrained,13,0.004453392524666899
660,unconstrained,13,-0.007336034209121988
661,unconstrained,13,-0.005871904873753257
662,unconstrained,13,-0.003909989948271595
663,unconstrained,13,-0.004502269190563725
664,unconstrained,13,0.004653476155170237
665,unconstrained,13,0.012654053912710437
666,unconstrained,13,0.0011743748364482943
667,unconstrained,13,-0.0076005241912343756
668,unconstrained,13,-0.025391114991278194
669,unconstrained,13,0.03789765640630887
670,unconstrained,13,0.004761312852689562
671,unconstrained,13,0.0028662934346880965
672,unconstrained,13,0.004246691254826979
673,unconstrained,13,0.001305635957087616
674,unconstrained,13,0.0024467873676423772
675,unconstrained,13,0.002857773460553464
676,unconstrained,13,0.0022573863781660056
677,unconstrained,13,0.007121126886584808
678,unconstrained,13,-0.004226933611626852
679,unconstrained,13,-0.005994947572090104
680,unconstrained,13,0.008893745243667612
681,unconstrained,13,-0.014221078335691285
682,unconstrained,13,0.013924606571719265
683,unconstrained,13,0.004369595230844553
684,unconstrained,13,-0.011455088030099087
685,unconstrained,13,-0.014398275752955622
686,unconstrained,13,-0.0037111099778176404
687,unconstrained,13,0.006092093385213376
688,unconstrained,13,-0.0059548885253404545
689,unconstrained,13,0.0120344548202615
690,unconstrained,13,0.007487744406000094
691,unconstrained,13,0.011369741707268307
692,unconstrained,13,0.01027040635882524
693,unconstrained,13,0.0007914456370770182
694,unconstrained,13,-0.0017881660092060722
695,unconstrained,13,0.008652521037229329
696,unconstrained,13,-0.008559118437086946
697,unconstrained,13,0.00020603547339655224
698,unconstrained,13,0.007320311420303446
699,unconstrained,13,0.005679773873512415
700,unconstrained,13,0.005854088299572392
701,unconstrained,13,-0.006714594380627469
702,unconstrained,13,0.0077168372997820246
703,unconstrained,13,0.013215100644065792
704,unconstrained,13,0.0042120588418380666
705,unconstrained,13,-0.0019416612602189147
706,unconstrained,13,0.008948812308177448
707,unconstrained,13,0.00012704975594355353
708,unconstrained,13,-0.0009692718237553263
709,unconstrained,13,0.005008480709313227
710,unconstrained,13,0.0003674314988760498
711,unconstrained,13,0.007674962386384715
712,unconstrained,13,0.002098071511022275
713,unconstrained,13,-0.00808178910999454
714,unconstrained,13,-0.001582733803164348
715,unconstrained,13,-0.0015042731940391556
716,unconstrained,13,-0.010693263146845891
717,unconstrained,13,-0.0037757813482867946
718,unconstrained,13,0.013724443110544817
719,unconstrained,13,0.00473418053979957
720,unconstrained,13,0.01057627481918406
721,unconstrained,13,0.014336719957870074
722,unconstrained,13,-0.0037152483541712986
723,unconstrained,13,0.0017350286174829387
724,unconstrained,13,-0.010537048842114923
725,unconstrained,13,0.003269210075068488
726,unconstrained,13,0.008816384733927025
727,unconstrained,13,-0.0039128666312925504
728,unconstrained,13,0.008405452456443474
729,unconstrained,13,0.0036992573575546604
730,unconstrained,13,-0.020652939712086593
731,unconstrained,13,-0.00010923032906704481
732,unconstrained,13,-0.02122211051173989
733,unconstrained,13,-9.750683265084348e-05
734,unconstrained,13,-0.0014346070812169564
735,unconstrained,13,-0.00808211436459097
736,unconstrained,13,-0.003365287269922167
737,unconstrained,13,0.002603324361583106
738,unconstrained,13,0.004649141229929397
739,unconstrained,13,-0.023171548861783468
740,unconstrained,13,0.022263980393463903
741,unconstrained,13,-0.0016690070375994987
742,unconstrained,13,0.007667714496634774
743,unconstrained,13,-0.019398811544785864
744,unconstrained,13,-0.014637043531390155
745,unconstrained,13,-0.016212470161769636
746,unconstrained,13,-0.0167616246286792
747,unconstrained,13,-0.013617061416732667
748,unconstrained,13,-0.010070064686730829
749,unconstrained,13,-0.006687676817009035
750,unconstrained,13,0.03638917413629749
751,unconstrained,13,-0.01251117320527743
752,unconstrained,13,-0.028190324104004585
753,unconstrained,13,-0.03183621543338565
754,unconstrained,13,0.02810421862595396
755,unconstrained,13,-0.002903696858738278
756,unconstrained,13,-0.0016477461851939156
757,unconstrained,13,0.004020355220948782
758,unconstrained,13,0.018764967887895005
759,unconstrained,13,0.019318057021904447
760,unconstrained,13,0.0010538608738509636
761,unconstrained,13,0.014196022865879992
762,unconstrained,13,-0.016220021552481218
763,unconstrained,13,-0.016716940509541617
764,unconstrained,13,-0.02396736454132211
765,unconstrained,13,0.012631203247259266
766,unconstrained,13,-0.027834788437935753
767,unconstrained,13,-0.02611757654034933
768,unconstrained,13,-0.02012581393774887
769,unconstrained,13,0.008127411232577295
770,unconstrained,13,-0.017553603384320646
771,unconstrained,13,0.004030444929309406
772,unconstrained,13,0.02897688724063857
773,unconstrained,13,-0.01852099216824104
774,unconstrained,13,0.042136979566376145
775,unconstrained,13,0.0010378914953536999
776,unconstrained,13,0.017069258368096533
777,unconstrained,13,0.020762269939709897
778,unconstrained,13,-0.01644798210462987
779,unconstrained,13,-0.006099397108718124
780,unconstrained,13,-0.012563107110352651
781,unconstrained,13,-0.006913299578026089
782,unconstrained,13,0.027246735133794872
783,unconstrained,13,0.02012797970048365
784,unconstrained,13,-0.004376103388565015
785,unconstrained,13,0.011024979305502346
786,unconstrained,13,0.004316013245296574
787,unconstrained,13,-0.014712730853203458
788,unconstrained,13,-0.005123764070789307
789,unconstrained,13,-0.01647374411320863
790,unconstrained,13,0.015913695983305214
791,unconstrained,13,-0.010925271515619006
792,unconstrained,13,0.0154178581722358
793,unconstrained,13,0.006151139077417535
794,unconstrained,13,0.01692873914922188
795,unconstrained,13,0.0064606981362857465
796,unconstrained,13,-0.003496972952034234
797,unconstrained,13,-0.0038330271646405912
798,unconstrained,13,0.009551854526394779
799,unconstrained,13,-0.005382422131406463
800,unconstrained,13,-0.0029686180148878367
801,unconstrained,13,-0.0023599211861907747
802,unconstrained,13,-0.00010970994121213409
803,unconstrained,13,0.012390079341233005
804,unconstrained,13,0.00241754074842327
805,unconstrained,13,0.011772737545568939
806,unconstrained,13,-0.007461257723192985
807,unconstrained,13,0.01026700755131241
808,unconstrained,13,-0.015173469043995264
809,unconstrained,13,0.019177039616096295
810,unconstrained,13,0.00544759268351575
811,unconstrained,13,-0.0007355908954900607
812,unconstrained,13,-0.0184173607545358
813,unconstrained,13,-0.004928231288482419
814,unconstrained,13,-0.015350074751154484
815,unconstrained,13,0.010216487312717742
816,unconstrained,13,0.013581159224516654
817,unconstrained,13,-0.008119240878755169
818,unconstrained,13,-0.004019408587107073
819,unconstrained,13,-0.016755992528518966
820,unconstrained,13,-0.01611785220212753
821,unconstrained,13,-0.010709137446974918
822,unconstrained,13,0.0166539925264584
823,unconstrained,13,-0.020956252908716753
824,unconstrained,13,-0.004174165070557774
825,unconstrained,13,0.0384020156433279
826,unconstrained,13,0.0026844091616330078
827,unconstrained,13,0.017666564134067222
828,unconstrained,13,0.004863737977015888
829,unconstrained,13,0.018870139903290516
830,unconstrained,13,0.0012628573450052128
831,unconstrained,13,0.02496583316001259
832,unconstrained,13,0.004926409727381807
833,unconstrained,13,0.002419728694489999
834,unconstrained,13,-0.013747020775670643
835,unconstrained,13,0.010670629969779542
836,unconstrained,13,-0.0021946760903176253
837,unconstrained,13,0.004483141248170107
838,unconstrained,13,0.012400015240729674
839,unconstrained,13,0.0007922197224768194
840,unconstrained,13,-0.005314651805328395
841,unconstrained,13,0.011277941993074466
842,unconstrained,13,0.009011876279485593
843,unconstrained,13,0.006382665051126069
844,unconstrained,13,-0.0073893664810997855
845,unconstrained,13,0.013851939026624176
846,unconstrained,13,0.00565875187377
847,unconstrained,13,-0.006649336236607075
848,unconstrained,13,-0.0077804162166740815
849,unconstrained,13,-0.014019636283705676
850,unconstrained,13,0.00787383592005468
851,unconstrained,13,0.0072666989306824385
852,unconstrained,13,0.010185189352252325
853,unconstrained,13,0.012594147777220246
854,unconstrained,13,-0.0033600087694243405
855,unconstrained,13,-0.004009415236440084
856,unconstrained,13,0.00743859351536735
857,unconstrained,13,0.016908013026370954
858,unconstrained,13,0.0017702617484196862
859,unconstrained,13,-0.005916091903759962
860,unconstrained,13,0.014049547860826052
861,unconstrained,13,0.00904116155396744
862,unconstrained,13,-0.010554456008390688
863,unconstrained,13,-0.0025810458802415686
864,unconstrained,13,0.004710065810701983
865,unconstrained,13,-0.0031318522527278053
866,unconstrained,13,0.023411179223907137
867,unconstrained,13,0.008654276615009225
868,unconstrained,13,-0.0026931645127924475
869,unconstrained,13,-0.00961990551289164
870,unconstrained,13,0.02215400636185042
871,unconstrained,13,0.00602698115039989
872,unconstrained,13,0.0027884997255228266
873,unconstrained,13,-0.004146812652329774
874,unconstrained,13,0.0012283628388894794
875,unconstrained,13,0.006540820573073238
876,unconstrained,13,-0.007845302264301602
877,unconstrained,13,-0.008264952188081284
878,unconstrained,13,0.024787676834914844
879,unconstrained,13,-0.018301383489191875
880,unconstrained,13,0.013202589955174758
881,unconstrained,13,0.012132903581080316
882,unconstrained,13,0.004979944402439855
883,unconstrained,13,-0.01143861523833607
884,unconstrained,13,-0.012322702122247472
885,unconstrained,13,-0.00012830499497517637
886,unconstrained,13,-0.0028493240351921707
620,unconstrained,23,0.0025997934309185374
621,unconstrained,23,-0.004356842183464414
622,unconstrained,23,0.007229490910879134
623,unconstrained,23,0.002966538862646597
624,unconstrained,23,0.006606395627908574
625,unconstrained,23,0.005743482836561885
626,unconstrained,23,0.0036760468601545887
627,unconstrained,23,0.006614035927607138
628,unconstrained,23,0.004298248161575053
629,unconstrained,23,0.0001639350781681373
630,unconstrained,23,0.011267069240436432
631,unconstrained,23,0.008407254537073153
632,unconstrained,23,0.006385184245167858
633,unconstrained,23,-0.03715391063960027
634,unconstrained,23,0.03193215942269612
635,unconstrained,23,-0.07847223957225086
636,unconstrained,23,-0.06121749656044972
637,unconstrained,23,0.07774186330254704
638,unconstrained,23,-0.007577099165659095
639,unconstrained,23,0.051999734345329486
640,unconstrained,23,0.017163628841027328
641,unconstrained,23,0.0025636896514376513
642,unconstrained,23,-0.008030469563839395
643,unconstrained,23,0.005846213992640997
644,unconstrained,23,-0.00021324789558183668
645,unconstrained,23,0.011395939637920901
646,unconstrained,23,0.007774056155557704
647,unconstrained,23,0.0004980292614799661
648,unconstrained,23,-0.0016239426655063045
649,unconstrained,23,0.009275276735660594
650,unconstrained,23,-0.0037502516261789017
651,unconstrained,23,0.013924436568674179
652,unconstrained,23,0.01513455058085239
653,unconstrained,23,0.007393261518833986
654,unconstrained,23,0.011626256702213227
655,unconstrained,23,0.014157305495232921
656,unconstrained,23,0.01076492168452189
657,unconstrained,23,-0.018042638577138847
658,unconstrained,23,0.010746198698954412
659,unconstrained,23,0.0023579613999318906
660,unconstrained,23,-0.0064456059294298864
661,unconstrained,23,-0.005367435143142154
662,unconstrained,23,-0.004220449015950738
663,unconstrained,23,-0.003397561865166166
664,unconstrained,23,0.00327764840372239
665,unconstrained,23,0.011038600334752261
666,unconstrained,23,0.002371555604424174
667,unconstrained,23,-0.009838220278118212
668,unconstrained,23,-0.025268421631957614
669,unconstrained,23,0.03825771099244758
670,unconstrained,23,0.004087841328090739
671,unconstrained,23,0.0052325804914859836
672,unconstrained,23,0.0038423261959113133
673,unconstrained,23,-0.002723633540598528
674,unconstrained,23,0.005112215381406968
675,unconstrained,23,0.0009281832678091759
676,unconstrained,23,0.002640063101193243
677,unconstrained,23,0.007247007521795449
678,unconstrained,23,-0.008782759678102603
679,unconstrained,23,-0.005511275839334721
680,unconstrained,23,0.008792319541960735
681,unconstrained,23,-0.013899407757603857
682,unconstrained,23,0.010391036284755474
683,unconstrained,23,0.0035123522450776585
684,unconstrained,23,-0.013986248323112816
685,unconstrained,23,-0.013548957076798835
686,unconstrained,23,-0.007402596808693248
687,unconstrained,23,0.0037264875734640095
688,unconstrained,23,-0.0069562881518098465
689,unconstrained,23,0.012946365962660328
690,unconstrained,23,0.008027879172533111
691,unconstrained,23,0.011386525946625436
692,unconstrained,23,0.011562765416688216
693,unconstrained,23,0.001579584318432676
694,unconstrained,23,-0.0031126881631658365
695,unconstrained,23,0.009075775503753991
696,unconstrained,23,-0.010284062820600784
697,unconstrained,23,0.0007169639003555381
698,unconstrained,23,0.007778581919417256
699,unconstrained,23,0.006748252833825911
700,unconstrained,23,0.0074846813914240615
701,unconstrained,23,-0.0037137408251125743
702,unconstrained,23,0.004373550119273273
703,unconstrained,23,0.01530622527750591
704,unconstrained,23,0.005404160573692709
705,unconstrained,23,-0.0004856972764724182
706,unconstrained,23,0.00892589910599616
707,unconstrained,23,0.0011283198178296523
708,unconstrained,23,-0.0019069443705052103
709,unconstrained,23,0.005521397247491195
710,unconstrained,23,0.0018895270744304735
711,unconstrained,23,0.006217223826956434
712,unconstrained,23,0.0010482586906936696
713,unconstrained,23,-0.007694457236027612
714,unconstrained,23,-0.0011061123472440684
715,unconstrained,23,-0.0031823308194114065
716,unconstrained,23,-0.011742558071332409
717,unconstrained,23,-0.005863122375389798
718,unconstrained,23,0.015818469598149056
719,unconstrained,23,0.0043590102473479095
720,unconstrained,23,0.013269692764136826
721,unconstrained,23,0.014816414906739812
722,unconstrained,23,-0.005029455463689321
723,unconstrained,23,0.0026709825773693274
724,unconstrained,23,-0.00764347109507626
725,unconstrained,23,0.005717389198550283
726,unconstrained,23,0.0041474548404018385
727,unconstrained,23,-0.002484001511192857
728,unconstrained,23,0.006171034744481222
729,unconstrained,23,0.0035367533250245786
730,unconstrained,23,-0.024234005583527576
731,unconstrained,23,-0.00035410618013749176
732,unconstrained,23,-0.01972636008705287
733,unconstrained,23,-0.0001956570032263489
734,unconstrained,23,-0.003735562820390924
735,unconstrained,23,-0.008387791271963513
736,unconstrained,23,-0.0038032083675283252
737,unconstrained,23,0.0008414053790927984
738,unconstrained,23,0.0069404594194172105
739,unconstrained,23,-0.02645820560443799
740,unconstrained,23,0.020504113046391586
741,unconstrained,23,-0.005363296928835361
742,unconstrained,23,0.01080006338890408
743,unconstrained,23,-0.025008689803504427
744,unconstrained,23,-0.019046926884195323
745,unconstrained,23,-0.016154931325909175
746,unconstrained,23,-0.017073263329060003
747,unconstrained,23,-0.018537822238995
748,unconstrained,23,-0.006860845716800991
749,unconstrained,23,-0.0037548686073957498
750,unconstrained,23,0.03430298956849225
751,unconstrained,23,-0.014568944618436446
752,unconstrained,23,-0.029298379312783042
753,unconstrained,23,-0.032169824221806
754,unconstrained,23,0.02832275920151325
755,unconstrained,23,0.0010059218519414715
756,unconstrained,23,-0.005156533970950975
757,unconstrained,23,0.00746455950516676
758,unconstrained,23,0.020396026972366747
759,unconstrained,23,0.017122220233307846
760,unconstrained,23,-7.605197670993058e-05
761,unconstrained,23,0.012647872325994831
762,unconstrained,23,-0.01751277344286399
763,unconstrained,23,-0.015562651232395268
764,unconstrained,23,-0.026212494840457845
765,unconstrained,23,0.009927210793762404
766,unconstrained,23,-0.027698187332819302
767,unconstrained,23,-0.026713678836006886
768,unconstrained,23,-0.023161890064281893
769,unconstrained,23,0.005332927951938204
770,unconstrained,23,-0.018957815885891714
771,unconstrained,23,-0.0017810945882747687
772,unconstrained,23,0.032379313048687276
773,unconstrained,23,-0.02110356430016277
774,unconstrained,23,0.04505236302525058
775,unconstrained,23,0.003305409392693398
776,unconstrained,23,0.020238446945383452
777,unconstrained,23,0.02452357692023785
778,unconstrained,23,-0.016900105969309766
779,unconstrained,23,-0.00492909910025312
780,unconstrained,23,-0.017527455946525335
781,unconstrained,23,-0.009359265099772253
782,unconstrained,23,0.031513742178658495
783,unconstrained,23,0.020663132610286426
784,unconstrained,23,-0.004691739518129503
785,unconstrained,23,0.01155222739977089
786,unconstrained,23,0.004677033718604741
787,unconstrained,23,-0.017240305285252316
788,unconstrained,23,-0.005861150371000035
789,unconstrained,23,-0.017724428430017834
790,unconstrained,23,0.01605966166025682
791,unconstrained,23,-0.006152224944463799
792,unconstrained,23,0.01579007413672284
793,unconstrained,23,0.006125799432188678
794,unconstrained,23,0.015062508921511642
795,unconstrained,23,0.009109858198080939
796,unconstrained,23,-0.00736005517470723
797,unconstrained,23,-0.0041792392529107604
798,unconstrained,23,0.011450970210922624
799,unconstrained,23,-0.006698390901360762
800,unconstrained,23,-0.003729319484108473
801,unconstrained,23,-0.005587400866220309
802,unconstrained,23,-0.00015548375055788097
803,unconstrained,23,0.01302395624033516
804,unconstrained,23,0.002250039571738158
805,unconstrained,23,0.012767826111306276
806,unconstrained,23,-0.0059732743470390206
807,unconstrained,23,0.009137060061174427
808,unconstrained,23,-0.01842171750512272
809,unconstrained,23,0.021044838790313585
810,unconstrained,23,0.0052664985968624055
811,unconstrained,23,-0.0030153733355327596
812,unconstrained,23,-0.021489631762542986
813,unconstrained,23,-0.006401690495586466
814,unconstrained,23,-0.01656590600127929
815,unconstrained,23,0.011040934001738912
816,unconstrained,23,0.012477120421032661
817,unconstrained,23,-0.008376994998376524
818,unconstrained,23,-0.005848279599375363
819,unconstrained,23,-0.018182014650588257
820,unconstrained,23,-0.01834580925606108
821,unconstrained,23,-0.014496780614855122
822,unconstrained,23,0.019113410808929324
823,unconstrained,23,-0.026223262641200232
824,unconstrained,23,-0.0033141618915694033
825,unconstrained,23,0.04147304328477833
826,unconstrained,23,0.003663328834440505
827,unconstrained,23,0.020014548104378624
828,unconstrained,23,0.004309859102087596
829,unconstrained,23,0.02180644307791399
830,unconstrained,23,0.0035081145565931788
831,unconstrained,23,0.030113807726854513
832,unconstrained,23,0.0037377814235187872
833,unconstrained,23,0.0029487160455439064
834,unconstrained,23,-0.01646997555865676
835,unconstrained,23,0.010125778688376386
836,unconstrained,23,-0.004901413494276545
837,unconstrained,23,0.0036710054902299462
838,unconstrained,23,0.015390970336520161
839,unconstrained,23,-0.002032822260938778
840,unconstrained,23,-0.006384801475038176
841,unconstrained,23,0.012276927829859768
842,unconstrained,23,0.009628081592844331
843,unconstrained,23,0.007573988828615993
844,unconstrained,23,-0.010728692547510014
845,unconstrained,23,0.014230927150883633
846,unconstrained,23,0.006057381791294892
847,unconstrained,23,-0.01035949642314092
848,unconstrained,23,-0.009500256172418304
849,unconstrained,23,-0.015460063643732947
850,unconstrained,23,0.0064650762751136005
851,unconstrained,23,0.009597577856809989
852,unconstrained,23,0.010305100172226264
853,unconstrained,23,0.013769886954305128
854,unconstrained,23,-0.0029576282659079514
855,unconstrained,23,-0.005194966286003327
856,unconstrained,23,0.009185022153242484
857,unconstrained,23,0.020308038210279215
858,unconstrained,23,0.0005193535227144565
859,unconstrained,23,-0.008430988225589258
860,unconstrained,23,0.014758465050353374
861,unconstrained,23,0.010395647471580834
862,unconstrained,23,-0.011850107653997247
863,unconstrained,23,-0.0027412118326272136
864,unconstrained,23,0.011937059124444807
865,unconstrained,23,-0.005704619658252841
866,unconstrained,23,0.023919350788612546
867,unconstrained,23,0.009651840515562699
868,unconstrained,23,-0.005060126192773681
869,unconstrained,23,-0.005706367076606331
870,unconstrained,23,0.02239144242244907
871,unconstrained,23,0.0036381020123543457
872,unconstrained,23,0.002329276402993804
873,unconstrained,23,-0.007469608336741877
874,unconstrained,23,-0.0010080719655186931
875,unconstrained,23,0.006258237084839056
876,unconstrained,23,-0.009604473263320723
877,unconstrained,23,-0.009302967934369603
878,unconstrained,23,0.025685192485362253
879,unconstrained,23,-0.020699488725582166
880,unconstrained,23,0.012730214094135375
881,unconstrained,23,0.01645961916062028
882,unconstrained,23,0.005651758818499515
883,unconstrained,23,-0.01617704977429105
884,unconstrained,23,-0.013838429699059166
885,unconstrained,23,-0.0016538602010262584
886,unconstrained,23,-0.0020793174966486487
620,unconstrained,42,0.003047179266962253
621,unconstrained,42,-0.000568773203312209
622,unconstrained,42,0.00752344933926565
623,unconstrained,42,0.007253047181204862
624,unconstrained,42,0.007089546611876396
625,unconstrained,42,0.004549545694906107
626,unconstrained,42,0.005055005592223869
627,unconstrained,42,0.007104051476854208
628,unconstrained,42,-0.0032986671341633613
629,unconstrained,42,-0.005899197343282598
630,unconstrained,42,0.013631912443106024
631,unconstrained,42,0.009449252990733991
632,unconstrained,42,0.003492682069951102
633,unconstrained,42,-0.054747445031557034
634,unconstrained,42,0.015921268391722088
635,unconstrained,42,-0.07296572483585034
636,unconstrained,42,-0.08762218144034994
637,unconstrained,42,0.07985871085648054
638,unconstrained,42,-0.01083607556153855
639,unconstrained,42,0.06698983507878047
640,unconstrained,42,0.012641141184112685
641,unconstrained,42,-0.0024803700058413348
642,unconstrained,42,-0.005757182152284362
643,unconstrained,42,0.013521845393484874
644,unconstrained,42,-0.002630431018192102
645,unconstrained,42,0.014818584751847077
646,unconstrained,42,0.011168917782028746
647,unconstrained,42,0.010057647304763235
648,unconstrained,42,-0.009871211020902085
649,unconstrained,42,0.010958382547988343
650,unconstrained,42,-0.007956182429816818
651,unconstrained,42,0.017690653388128037
652,unconstrained,42,0.012878441050718604
653,unconstrained,42,0.0077934140657131236
654,unconstrained,42,0.013071926746547096
655,unconstrained,42,0.016307932528873716
656,unconstrained,42,0.015073677705778924
657,unconstrained,42,-0.01355611893714148
658,unconstrained,42,0.0067047110646295625
659,unconstrained,42,0.011100428342482201
660,unconstrained,42,-0.01121909925445505
661,unconstrained,42,-0.007745532963619998
662,unconstrained,42,-0.0018684735803099184
663,unconstrained,42,-0.010669006047205075
664,unconstrained,42,0.008418443500943758
665,unconstrained,42,0.017553254413816572
666,unconstrained,42,-0.0011916518421823655
667,unconstrained,42,-0.004204591943673617
668,unconstrained,42,-0.026985140356001375
669,unconstrained,42,0.03955222254513159
670,unconstrained,42,0.004607974955111271
671,unconstrained,42,-0.0001673125775832846
672,unconstrained,42,0.004061984103893247
673,unconstrained,42,0.0074984217372013025
674,unconstrained,42,-0.00078958588339921
675,unconstrained,42,0.006631082046842049
676,unconstrained,42,0.0014411126358369268
677,unconstrained,42,0.0074292109137695786
678,unconstrained,42,0.0010712276827572842
679,unconstrained,42,-0.007073042775460743
680,unconstrained,42,0.00938591417288737
681,unconstrained,42,-0.014740410089931858
682,unconstrained,42,0.017802120014939204
683,unconstrained,42,0.00597607190984348
684,unconstrained,42,-0.008751019644348443
685,unconstrained,42,-0.016069480395620023
686,unconstrained,42,0.0003485681209622284
687,unconstrained,42,0.009589279467053319
688,unconstrained,42,-0.004842796043559665
689,unconstrained,42,0.010178796461827393
690,unconstrained,42,0.006721345309885315
691,unconstrained,42,0.01173684817825653
692,unconstrained,42,0.009959524096928601
693,unconstrained,42,0.0002919877631095714
694,unconstrained,42,-0.0004153086725684825
695,unconstrained,42,0.010113379516393935
696,unconstrained,42,-0.006785987459774984
697,unconstrained,42,0.00015295588977274352
698,unconstrained,42,0.0074203700172078575
699,unconstrained,42,0.004504090988440409
700,unconstrained,42,0.003763696314875261
701,unconstrained,42,-0.012501993438796207
702,unconstrained,42,0.011695833254315415
703,unconstrained,42,0.0111824284827346
704,unconstrained,42,0.0031496406875807684
705,unconstrained,42,-0.0036311801545623195
706,unconstrained,42,0.008780719631278697
707,unconstrained,42,-0.000268676460467698
708,unconstrained,42,-0.0011436537028400625
709,unconstrained,42,0.004815433797464103
710,unconstrained,42,-0.0020308964813203125
711,unconstrained,42,0.010410128114721504
712,unconstrained,42,0.003416680568578467
713,unconstrained,42,-0.009091309560430885
714,unconstrained,42,-0.002679384602200719
715,unconstrained,42,0.0003655583657455759
716,unconstrained,42,-0.00944613181266114
717,unconstrained,42,-0.001430575469586375
718,unconstrained,42,0.011901437960171048
719,unconstrained,42,0.005577401594190713
720,unconstrained,42,0.007450090026435965
721,unconstrained,42,0.014021862703847499
722,unconstrained,42,-0.001767103578146966
723,unconstrained,42,7.732559701840907e-05
724,unconstrained,42,-0.01449642779221805
725,unconstrained,42,0.0001707345287300161
726,unconstrained,42,0.014136072060247785
727,unconstrained,42,-0.005562970956306009
728,unconstrained,42,0.011297137097418615
729,unconstrained,42,0.004499682660181608
730,unconstrained,42,-0.017029111538096053
731,unconstrained,42,0.0009692079651838662
732,unconstrained,42,-0.02248340740635606
733,unconstrained,42,-0.0012155497968791343
734,unconstrained,42,0.0025238080297630325
735,unconstrained,42,-0.0065444506147399285
736,unconstrained,42,-0.002283644148287073
737,unconstrained,42,0.004239017113326165
738,unconstrained,42,0.004718126413812434
739,unconstrained,42,-0.019335591377347083
740,unconstrained,42,0.022966194757627772
741,unconstrained,42,0.0037929615480661524
742,unconstrained,42,0.0030634669617889037
743,unconstrained,42,-0.012564668140746483
744,unconstrained,42,-0.008966111485949883
745,unconstrained,42,-0.017451640725594183
746,unconstrained,42,-0.01767438623096673
747,unconstrained,42,-0.008072312460795632
748,unconstrained,42,-0.015348495810011078
749,unconstrained,42,-0.008510066533017575
750,unconstrained,42,0.038659428633320475
751,unconstrained,42,-0.009628639228989986
752,unconstrained,42,-0.026219034013700012
753,unconstrained,42,-0.03236380989599875
754,unconstrained,42,0.02718730110900191
755,unconstrained,42,-0.008897603719047558
756,unconstrained,42,1.2330941377486416e-05
757,unconstrained,42,-0.002231404315192112
758,unconstrained,42,0.017239670671822572
759,unconstrained,42,0.023397716430985892
760,unconstrained,42,0.0019592968993414456
761,unconstrained,42,0.017503807614931758
762,unconstrained,42,-0.016537801526256946
763,unconstrained,42,-0.01821728945833837
764,unconstrained,42,-0.022241314679357443
765,unconstrained,42,0.016204089106988305
766,unconstrained,42,-0.029194234383440296
767,unconstrained,42,-0.02739250176235367
768,unconstrained,42,-0.015066197329646465
769,unconstrained,42,0.013412640075677829
770,unconstrained,42,-0.017143308064776958
771,unconstrained,42,0.013638217087297538
772,unconstrained,42,0.02391059097068153
773,unconstrained,42,-0.01308884052961108
774,unconstrained,42,0.04130696085042221
775,unconstrained,42,-0.0032519554658342344
776,unconstrained,42,0.01250692170197636
777,unconstrained,42,0.016991741523653434
778,unconstrained,42,-0.016467275106634018
779,unconstrained,42,-0.007482465005980102
780,unconstrained,42,-0.005554018770485593
781,unconstrained,42,-0.0026505263416931914
782,unconstrained,42,0.021487674896915443
783,unconstrained,42,0.021545438846188508
784,unconstrained,42,-0.0034960214973184345
785,unconstrained,42,0.010165692430534508
786,unconstrained,42,0.0012839698075549555
787,unconstrained,42,-0.010910862274323741
788,unconstrained,42,-0.005029888554996548
789,unconstrained,42,-0.016211140084423994
790,unconstrained,42,0.01711041381104041
791,unconstrained,42,-0.01645330075552476
792,unconstrained,42,0.017090617104061977
793,unconstrained,42,0.006488983090312558
794,unconstrained,42,0.019072478078346528
795,unconstrained,42,0.004664214913578461
796,unconstrained,42,0.0011687053113281132
797,unconstrained,42,-0.004320824914853597
798,unconstrained,42,0.007166288924813251
799,unconstrained,42,-0.0032383732645839304
800,unconstrained,42,-0.00305083949209383
801,unconstrained,42,0.00027104559713160515
802,unconstrained,42,-0.0011732874771870866
803,unconstrained,42,0.011467573641957331
804,unconstrained,42,0.002968498859673009
805,unconstrained,42,0.011578972423570292
806,unconstrained,42,-0.010492886270288628
807,unconstrained,42,0.011294387117227989
808,unconstrained,42,-0.010521108487073392
809,unconstrained,42,0.018508024187679262
810,unconstrained,42,0.005515890064851705
811,unconstrained,42,0.0020854116830887315
812,unconstrained,42,-0.015040683555847971
813,unconstrained,42,-0.0041777292077188714
814,unconstrained,42,-0.014572902762735984
815,unconstrained,42,0.009395567930360508
816,unconstrained,42,0.01546250363672427
817,unconstrained,42,-0.008384898648255593
818,unconstrained,42,-0.0015047899469432427
819,unconstrained,42,-0.014942347520838341
820,unconstrained,42,-0.015455808338665418
821,unconstrained,42,-0.0070652401473171415
822,unconstrained,42,0.016249336016658192
823,unconstrained,42,-0.013525036474313053
824,unconstrained,42,-0.004993457604908009
825,unconstrained,42,0.03425590469395311
826,unconstrained,42,-6.90818957726257e-05
827,unconstrained,42,0.016361319276300686
828,unconstrained,42,0.0059389669969962325
829,unconstrained,42,0.01611275082839586
830,unconstrained,42,-0.003234067128752092
831,unconstrained,42,0.01970553905491682
832,unconstrained,42,0.007012515063110118
833,unconstrained,42,0.001987090567014308
834,unconstrained,42,-0.011272333073399044
835,unconstrained,42,0.010866916646615132
836,unconstrained,42,5.469079105440335e-05
837,unconstrained,42,0.005507143840866702
838,unconstrained,42,0.008601183931228839
839,unconstrained,42,0.0038582282044908344
840,unconstrained,42,-0.004604806301589048
841,unconstrained,42,0.010403941205322032
842,unconstrained,42,0.009370601022698667
843,unconstrained,42,0.007142883044095461
844,unconstrained,42,-0.003996279332031632
845,unconstrained,42,0.012773860269943205
846,unconstrained,42,0.006231659969546189
847,unconstrained,42,-0.00040031300441592445
848,unconstrained,42,-0.00638522924701781
849,unconstrained,42,-0.011958635231647278
850,unconstrained,42,0.00879856688071064
851,unconstrained,42,0.003770889801606402
852,unconstrained,42,0.010943799690372891
853,unconstrained,42,0.01246923282063861
854,unconstrained,42,-0.0050864647856541986
855,unconstrained,42,-0.00301917109351478
856,unconstrained,42,0.004521254336141012
857,unconstrained,42,0.01374904729824175
858,unconstrained,42,0.00283663046511271
859,unconstrained,42,-0.003205644084801123
860,unconstrained,42,0.014737707455896648
861,unconstrained,42,0.007792701971533079
862,unconstrained,42,-0.00996768120036686
863,unconstrained,42,-0.002789860374180001
864,unconstrained,42,-0.0019040732370756328
865,unconstrained,42,-0.0005782963044997333
866,unconstrained,42,0.023901289441968156
867,unconstrained,42,0.008188886400956632
868,unconstrained,42,-0.0008643882430668548
869,unconstrained,42,-0.014112094651043731
870,unconstrained,42,0.023106647017613526
871,unconstrained,42,0.009085138141858495
872,unconstrained,42,0.003712753976750961
873,unconstrained,42,-0.0010256362746209509
874,unconstrained,42,0.0033808481609427575
875,unconstrained,42,0.0067687167063423676
876,unconstrained,42,-0.005814127607886766
877,unconstrained,42,-0.007586273687654371
878,unconstrained,42,0.022984836480775157
879,unconstrained,42,-0.018223343800553394
880,unconstrained,42,0.015463242428749286
881,unconstrained,42,0.007539358962275114
882,unconstrained,42,0.003778070363091452
883,unconstrained,42,-0.0066031974678220015
884,unconstrained,42,-0.011386932775306502
885,unconstrained,42,0.0013253189832830507
886,unconstrained,42,-0.003659037624053633
620,unconstrained,2025,0.002949931252687184
621,unconstrained,2025,-0.0023913212823985517
622,unconstrained,2025,0.007454463598746918
623,unconstrained,2025,0.006272889087794634
624,unconstrained,2025,0.005493751373905507
625,unconstrained,2025,0.0036711932513003418
626,unconstrained,2025,0.004621740900205493
627,unconstrained,2025,0.007113281760925731
628,unconstrained,2025,-0.0024578468817440715
629,unconstrained,2025,-0.004778479899995631
630,unconstrained,2025,0.014666770496827164
631,unconstrained,2025,0.008998428843123248
632,unconstrained,2025,0.001422878037176323
633,unconstrained,2025,-0.04945057637264751
634,unconstrained,2025,0.017302508207847043
635,unconstrained,2025,-0.07403916092191318
636,unconstrained,2025,-0.08865094976185879
637,unconstrained,2025,0.08236202026749938
638,unconstrained,2025,-0.011992634544784981
639,unconstrained,2025,0.06497488355044631
640,unconstrained,2025,0.014462093738618651
641,unconstrained,2025,-0.002296221871831483
642,unconstrained,2025,-0.0058798477267315045
643,unconstrained,2025,0.009184705546044543
644,unconstrained,2025,-0.002950863314660121
645,unconstrained,2025,0.014814553274469565
646,unconstrained,2025,0.009917615092612648
647,unconstrained,2025,0.007128951038610152
648,unconstrained,2025,-0.007761829434992712
649,unconstrained,2025,0.009761335375737033
650,unconstrained,2025,-0.007300627309500456
651,unconstrained,2025,0.016022414957855072
652,unconstrained,2025,0.013727525563829814
653,unconstrained,2025,0.008113891184973335
654,unconstrained,2025,0.010551414240556724
655,unconstrained,2025,0.013839382846967348
656,unconstrained,2025,0.011090156449380514
657,unconstrained,2025,-0.015214037552472243
658,unconstrained,2025,0.009715214463276422
659,unconstrained,2025,0.005473682395003509
660,unconstrained,2025,-0.007702403657866624
661,unconstrained,2025,-0.006275620894668557
662,unconstrained,2025,-0.00391510641657923
663,unconstrained,2025,-0.005230104487644527
664,unconstrained,2025,0.005664359296740851
665,unconstrained,2025,0.013881719031730456
666,unconstrained,2025,0.0007134174078630229
667,unconstrained,2025,-0.006468654580876754
668,unconstrained,2025,-0.02641994712391027
669,unconstrained,2025,0.038939239972396414
670,unconstrained,2025,0.005909450666092159
671,unconstrained,2025,0.0027924001890626366
672,unconstrained,2025,0.006239592860672303
673,unconstrained,2025,0.003290427358932963
674,unconstrained,2025,0.0010874346189800295
675,unconstrained,2025,0.0037708479071532097
676,unconstrained,2025,0.0023737981285753902
677,unconstrained,2025,0.007143957007142914
678,unconstrained,2025,-0.0014683383721929542
679,unconstrained,2025,-0.0063966766763403375
680,unconstrained,2025,0.008891894958719324
681,unconstrained,2025,-0.014597010253278333
682,unconstrained,2025,0.01667561902974668
683,unconstrained,2025,0.005010553429285965
684,unconstrained,2025,-0.009915392961398652
685,unconstrained,2025,-0.015133973576339877
686,unconstrained,2025,-0.0013587251550286168
687,unconstrained,2025,0.006720210465990821
688,unconstrained,2025,-0.006246389354531336
689,unconstrained,2025,0.01242503160730012
690,unconstrained,2025,0.007688093484580932
691,unconstrained,2025,0.011484845678100056
692,unconstrained,2025,0.009345008900080781
693,unconstrained,2025,0.0006816804395570919
694,unconstrained,2025,-0.0011090015377238555
695,unconstrained,2025,0.007939533242944042
696,unconstrained,2025,-0.007975037458901223
697,unconstrained,2025,-0.0005922406289659692
698,unconstrained,2025,0.0067695911491578034
699,unconstrained,2025,0.005669758473221261
700,unconstrained,2025,0.005474584575885333
701,unconstrained,2025,-0.007105074491705921
702,unconstrained,2025,0.009770687091401466
703,unconstrained,2025,0.012259342362387545
704,unconstrained,2025,0.0032891736103171387
705,unconstrained,2025,-0.003199133800141383
706,unconstrained,2025,0.00929428067439928
707,unconstrained,2025,-0.00046719605706696375
708,unconstrained,2025,2.3100930788893903e-05
709,unconstrained,2025,0.004605304365801702
710,unconstrained,2025,-0.0008657538828055881
711,unconstrained,2025,0.008689414557936054
712,unconstrained,2025,0.002960356203760495
713,unconstrained,2025,-0.008004871088430166
714,unconstrained,2025,-0.0013698391315298901
715,unconstrained,2025,-0.0005552445019727976
716,unconstrained,2025,-0.010614446670180609
717,unconstrained,2025,-0.003055429714086147
718,unconstrained,2025,0.012817420879200351
719,unconstrained,2025,0.004348395793400143
720,unconstrained,2025,0.00922993993964791
721,unconstrained,2025,0.014294702280047087
722,unconstrained,2025,-0.004565117150146708
723,unconstrained,2025,0.0010012075878117895
724,unconstrained,2025,-0.01215221342978531
725,unconstrained,2025,0.002861056215315346
726,unconstrained,2025,0.011734365868527896
727,unconstrained,2025,-0.004939702399849181
728,unconstrained,2025,0.0102136552566698
729,unconstrained,2025,0.0033547417096604446
730,unconstrained,2025,-0.0195673131994365
731,unconstrained,2025,4.602307051389521e-05
732,unconstrained,2025,-0.022965739431455277
733,unconstrained,2025,-0.0006382912585716344
734,unconstrained,2025,-0.0008128186092780394
735,unconstrained,2025,-0.010346489085822162
736,unconstrained,2025,-0.0035869075738932748
737,unconstrained,2025,0.004119409602791758
738,unconstrained,2025,0.0008168167222727861
739,unconstrained,2025,-0.02370915142151171
740,unconstrained,2025,0.026189100638151788
741,unconstrained,2025,-0.0021939221729549564
742,unconstrained,2025,0.008075022406712104
743,unconstrained,2025,-0.01976529313733539
744,unconstrained,2025,-0.013642729626009098
745,unconstrained,2025,-0.016832980734571394
746,unconstrained,2025,-0.01737810879512233
747,unconstrained,2025,-0.012230715835510407
748,unconstrained,2025,-0.011139680125038574
749,unconstrained,2025,-0.00852916425284041
750,unconstrained,2025,0.04184349011373177
751,unconstrained,2025,-0.013245831300726842
752,unconstrained,2025,-0.03199012991690815
753,unconstrained,2025,-0.03291409632266153
754,unconstrained,2025,0.02950963456743863
755,unconstrained,2025,-0.0048374968789617
756,unconstrained,2025,0.0013739835891172227
757,unconstrained,2025,0.004007677091396677
758,unconstrained,2025,0.019713128556086198
759,unconstrained,2025,0.02083179240072984
760,unconstrained,2025,0.0011320071273591395
761,unconstrained,2025,0.01531391308816121
762,unconstrained,2025,-0.017330085745188507
763,unconstrained,2025,-0.018245719956519798
764,unconstrained,2025,-0.024068070231170902
765,unconstrained,2025,0.015113462146286144
766,unconstrained,2025,-0.028749110864692604
767,unconstrained,2025,-0.02816292545887015
768,unconstrained,2025,-0.020259789791882685
769,unconstrained,2025,0.009274263111087809
770,unconstrained,2025,-0.016651584211002966
771,unconstrained,2025,0.007120006569672275
772,unconstrained,2025,0.030427803743824488
773,unconstrained,2025,-0.020004211712423656
774,unconstrained,2025,0.04159726471451329
775,unconstrained,2025,0.0003109789366310725
776,unconstrained,2025,0.016770651558263645
777,unconstrained,2025,0.019471658112421852
778,unconstrained,2025,-0.016882302159429603
779,unconstrained,2025,-0.006524118869023378
780,unconstrained,2025,-0.01085412218599207
781,unconstrained,2025,-0.007256105171674086
782,unconstrained,2025,0.026519873688841136
783,unconstrained,2025,0.02022162744997211
784,unconstrained,2025,-0.004886967113913209
785,unconstrained,2025,0.010794989065214085
786,unconstrained,2025,0.005971056738258424
787,unconstrained,2025,-0.015646467111593582
788,unconstrained,2025,-0.0046816874997067
789,unconstrained,2025,-0.016065544485163237
790,unconstrained,2025,0.016070056057566732
791,unconstrained,2025,-0.01461003183353902
792,unconstrained,2025,0.01284570838313088
793,unconstrained,2025,0.006599949782196799
794,unconstrained,2025,0.020225661317078734
795,unconstrained,2025,0.004354915169570894
796,unconstrained,2025,-0.0013455022539899503
797,unconstrained,2025,-0.003619920621076958
798,unconstrained,2025,0.00906204933098768
799,unconstrained,2025,-0.0056211235389418525
800,unconstrained,2025,-0.0033470269276170903
801,unconstrained,2025,-0.0008553345155543047
802,unconstrained,2025,-0.00011911250464707114
803,unconstrained,2025,0.013186547467447372
804,unconstrained,2025,0.0025338925685402143
805,unconstrained,2025,0.012076586280199563
806,unconstrained,2025,-0.008403835528223956
807,unconstrained,2025,0.011658031179929605
808,unconstrained,2025,-0.014576904626759316
809,unconstrained,2025,0.01973556805221672
810,unconstrained,2025,0.005279593763232094
811,unconstrained,2025,9.137014634970991e-05
812,unconstrained,2025,-0.017112505360044848
813,unconstrained,2025,-0.00378458064925982
814,unconstrained,2025,-0.015254729975202991
815,unconstrained,2025,0.009617825981549338
816,unconstrained,2025,0.014302502720318333
817,unconstrained,2025,-0.008288434282683384
818,unconstrained,2025,-0.0032854965142675536
819,unconstrained,2025,-0.017028352452803843
820,unconstrained,2025,-0.013750136468143305
821,unconstrained,2025,-0.009295309269496116
822,unconstrained,2025,0.013059102459609541
823,unconstrained,2025,-0.020330370600074008
824,unconstrained,2025,-0.004728980446421324
825,unconstrained,2025,0.040517464231196204
826,unconstrained,2025,0.0026956055741222005
827,unconstrained,2025,0.017351494589163078
828,unconstrained,2025,0.005063843862493046
829,unconstrained,2025,0.018121631176224104
830,unconstrained,2025,0.001121296027652901
831,unconstrained,2025,0.02481831092501454
832,unconstrained,2025,0.005606641636790942
833,unconstrained,2025,0.0020114446254860217
834,unconstrained,2025,-0.013659674185289815
835,unconstrained,2025,0.011988253973851752
836,unconstrained,2025,-0.0018623217845208226
837,unconstrained,2025,0.0053636732559793785
838,unconstrained,2025,0.01078844094317789
839,unconstrained,2025,0.0020856481498645486
840,unconstrained,2025,-0.005424637971081271
841,unconstrained,2025,0.011100271010978003
842,unconstrained,2025,0.00834185291304651
843,unconstrained,2025,0.005044088835129147
844,unconstrained,2025,-0.00654431391569651
845,unconstrained,2025,0.013944964558395093
846,unconstrained,2025,0.004598793772879406
847,unconstrained,2025,-0.007389048412829978
848,unconstrained,2025,-0.008517267988423248
849,unconstrained,2025,-0.014666649901732332
850,unconstrained,2025,0.009854655099651074
851,unconstrained,2025,0.00811484532043622
852,unconstrained,2025,0.008936596180650234
853,unconstrained,2025,0.011895942329573085
854,unconstrained,2025,-0.0027764236319605742
855,unconstrained,2025,-0.003351266430392345
856,unconstrained,2025,0.007156758336848151
857,unconstrained,2025,0.014556843573495059
858,unconstrained,2025,0.0027237055996576975
859,unconstrained,2025,-0.0050147840303836596
860,unconstrained,2025,0.013889462401590133
861,unconstrained,2025,0.008886692817648088
862,unconstrained,2025,-0.009851951362392844
863,unconstrained,2025,-0.0020458488967466807
864,unconstrained,2025,0.0004900477797346135
865,unconstrained,2025,-0.00149914571676752
866,unconstrained,2025,0.023236151204263908
867,unconstrained,2025,0.009244653686601123
868,unconstrained,2025,-0.001801192731080575
869,unconstrained,2025,-0.011223793048427038
870,unconstrained,2025,0.02135110935385367
871,unconstrained,2025,0.007389103996041509
872,unconstrained,2025,0.0028218819238359756
873,unconstrained,2025,-0.003613867635787273
874,unconstrained,2025,0.002105342568387452
875,unconstrained,2025,0.005941837508455427
876,unconstrained,2025,-0.007991041144785242
877,unconstrained,2025,-0.007786331389994105
878,unconstrained,2025,0.02577467157286049
879,unconstrained,2025,-0.01656165764834719
880,unconstrained,2025,0.011518068116769907
881,unconstrained,2025,0.011434609281258442
882,unconstrained,2025,0.0051130400586097
883,unconstrained,2025,-0.009975333289467278
884,unconstrained,2025,-0.01188362001528354
885,unconstrained,2025,0.0006140451324174386
886,unconstrained,2025,-0.0030599420438093433
620,constrained,7,0.0026892882523298226
621,constrained,7,-0.003682004178528824
622,constrained,7,0.005787418190477536
623,constrained,7,0.005358027083783366
624,constrained,7,0.006559104169119203
625,constrained,7,0.005519114785151516
626,constrained,7,0.004777996115741617
627,constrained,7,0.006594617171745025
628,constrained,7,0.003211162412862857
629,constrained,7,-0.0017262738882751955
630,constrained,7,0.008459126524832862
631,constrained,7,0.00680015027052503
632,constrained,7,0.010544949420700004
633,constrained,7,-0.028667403746760623
634,constrained,7,0.02053176393324693
635,constrained,7,-0.03594601463560851
636,constrained,7,-0.03171550165196063
637,constrained,7,0.041102064861371114
638,constrained,7,0.0020056514206786336
639,constrained,7,0.025827341874680648
640,constrained,7,0.009239588785160721
641,constrained,7,0.007698952484102949
642,constrained,7,-0.010708587328993
643,constrained,7,0.0028019159665543724
644,constrained,7,0.006153499652383642
645,constrained,7,0.002271512779006053
646,constrained,7,-0.001263085769305524
647,constrained,7,-0.0119124362592734
648,constrained,7,0.00771829401131716
649,constrained,7,0.006732331189118397
650,constrained,7,0.0018939100155409931
651,constrained,7,0.005314748725870183
652,constrained,7,0.008804460750527454
653,constrained,7,0.0027232237620809386
654,constrained,7,0.01088964931197681
655,constrained,7,0.010664116884539136
656,constrained,7,0.00817341136208344
657,constrained,7,-0.018684752038890383
658,constrained,7,0.006083848030350519
659,constrained,7,-0.0020478531574346613
660,constrained,7,-0.0030690421598822564
661,constrained,7,3.0493064662009844e-05
662,constrained,7,-0.0020694506115232153
663,constrained,7,-0.0030114192532603463
664,constrained,7,0.001188189817036458
665,constrained,7,0.003158309751023477
666,constrained,7,0.0010708543835415434
667,constrained,7,-0.007467471308090933
668,constrained,7,-0.01131586350848739
669,constrained,7,0.018438347491953177
670,constrained,7,-0.001011429157871536
671,constrained,7,0.0017213429642928349
672,constrained,7,-0.0051537883814882215
673,constrained,7,-0.0027635318042303404
674,constrained,7,0.0044089687294439454
675,constrained,7,-0.0004821196549317917
676,constrained,7,0.0023286780128234956
677,constrained,7,0.0037415449167827078
678,constrained,7,-0.008256010133396737
679,constrained,7,-0.001851609469848278
680,constrained,7,0.0045486822989378615
681,constrained,7,-0.006627617567539114
682,constrained,7,0.003086248568020208
683,constrained,7,0.0006563132523718058
684,constrained,7,-0.010799484280013164
685,constrained,7,-0.008111774611524673
686,constrained,7,-0.004731974775189408
687,constrained,7,0.001089881747035471
688,constrained,7,-0.0020182717437356567
689,constrained,7,0.007869918791823511
690,constrained,7,0.004164355905905022
691,constrained,7,0.003916111297552329
692,constrained,7,0.006984005171927028
693,constrained,7,-0.0006837110318598272
694,constrained,7,-0.0012391554877168739
695,constrained,7,0.005894628825098719
696,constrained,7,-0.005225814625254776
697,constrained,7,0.001713864081175211
698,constrained,7,0.005767061395986583
699,constrained,7,0.0034403586303359095
700,constrained,7,0.0045912512694820315
701,constrained,7,-0.003712531312421511
702,constrained,7,0.001548403434320646
703,constrained,7,0.010381109826593172
704,constrained,7,0.0039059978411725813
705,constrained,7,0.0016526507853903264
706,constrained,7,0.004758119007270084
707,constrained,7,-0.000264321170666137
708,constrained,7,-0.0028996461974513405
709,constrained,7,0.0037774793667485953
710,constrained,7,0.003114222552815356
711,constrained,7,0.004113460686176137
712,constrained,7,-2.672962071860248e-05
713,constrained,7,-0.005877160311301797
714,constrained,7,-0.00130784747979049
715,constrained,7,-0.002202905373558926
716,constrained,7,-0.005369481096391241
717,constrained,7,-0.004319954135268504
718,constrained,7,0.010268126802446239
719,constrained,7,0.003510476348476124
720,constrained,7,0.008742058467528522
721,constrained,7,0.011057455462276001
722,constrained,7,0.001358611980994522
723,constrained,7,0.002754214097969912
724,constrained,7,-0.007773436403815683
725,constrained,7,0.0027363972057580727
726,constrained,7,0.0031666309397931523
727,constrained,7,0.0003887050605662736
728,constrained,7,0.0023975699797475175
729,constrained,7,0.0023859539841707823
730,constrained,7,-0.015253604701457455
731,constrained,7,-0.0004560809313998757
732,constrained,7,-0.009283922274364427
733,constrained,7,0.001477056536297381
734,constrained,7,-0.00593678519656483
735,constrained,7,0.0010043780013238197
736,constrained,7,0.0005058516006273331
737,constrained,7,0.0009168089856483269
738,constrained,7,0.01486930104699965
739,constrained,7,-0.01278505791701081
740,constrained,7,0.004647097340839462
741,constrained,7,0.0003246723288486281
742,constrained,7,0.0031602141297504393
743,constrained,7,-0.008852465704641743
744,constrained,7,-0.0065460471191358255
745,constrained,7,-0.009279077894692483
746,constrained,7,-0.006568421777070756
747,constrained,7,-0.009876445428323194
748,constrained,7,-0.006428791285362093
749,constrained,7,-0.0032262127030304767
750,constrained,7,0.015917436352874677
751,constrained,7,-0.006555410822238385
752,constrained,7,-0.008703245324948539
753,constrained,7,-0.01849843437021093
754,constrained,7,0.011206938249489165
755,constrained,7,0.0023096654298028884
756,constrained,7,-0.005049497460135078
757,constrained,7,0.003811122560502416
758,constrained,7,0.008808429002919206
759,constrained,7,0.010228997823144046
760,constrained,7,0.0024649846022499716
761,constrained,7,0.006208062046735416
762,constrained,7,-0.00820681309437346
763,constrained,7,-0.006549737401360188
764,constrained,7,-0.014174070318188441
765,constrained,7,0.0028999509500593963
766,constrained,7,-0.016052710431532103
767,constrained,7,-0.00886767545123326
768,constrained,7,-0.01139693484646612
769,constrained,7,0.007384105804426979
770,constrained,7,-0.015038495211375208
771,constrained,7,-0.006405099219114992
772,constrained,7,0.013770979176380607
773,constrained,7,-0.005992748175654504
774,constrained,7,0.023685292868908376
775,constrained,7,0.0016174983933433284
776,constrained,7,0.010410204095669888
777,constrained,7,0.016269514780821247
778,constrained,7,-0.008156865570541006
779,constrained,7,-0.002595793225431559
780,constrained,7,-0.01048184254435009
781,constrained,7,-0.004189013038029083
782,constrained,7,0.022475093527070847
783,constrained,7,0.013446105596933143
784,constrained,7,-0.002184965903977911
785,constrained,7,0.006502210727564156
786,constrained,7,-0.0006864438865221318
787,constrained,7,-0.008075137059002044
788,constrained,7,-0.0044411988596027765
789,constrained,7,-0.009560840361381058
790,constrained,7,0.011839967287920854
791,constrained,7,-0.0022968225425869034
792,constrained,7,0.016706804571158
793,constrained,7,0.0023909916739215087
794,constrained,7,0.007419714743628817
795,constrained,7,0.006375344374417318
796,constrained,7,-0.004199425338858731
797,constrained,7,-0.0034046222345805685
798,constrained,7,0.006824749424545521
799,constrained,7,-0.002699805829387731
800,constrained,7,0.0009862248666576237
801,constrained,7,-0.0023824117338598033
802,constrained,7,0.0012712730858917673
803,constrained,7,0.007576675794374143
804,constrained,7,0.0012474550612695248
805,constrained,7,0.005022349278366516
806,constrained,7,-0.004741724943349436
807,constrained,7,0.006387115452001777
808,constrained,7,-0.011338377437828591
809,constrained,7,0.009352617285508047
810,constrained,7,0.006653929948814625
811,constrained,7,0.00014959638539659557
812,constrained,7,-0.013331795903373054
813,constrained,7,-0.0034935344369123513
814,constrained,7,-0.010279701577476591
815,constrained,7,0.010267903837018023
816,constrained,7,0.01038534430036431
817,constrained,7,-0.004567171956848841
818,constrained,7,-0.002464526762256515
819,constrained,7,-0.010149945399252338
820,constrained,7,-0.016440505629810028
821,constrained,7,-0.009568479543948953
822,constrained,7,0.020538959783850834
823,constrained,7,-0.012944798829923578
824,constrained,7,-0.0006416750242428733
825,constrained,7,0.02119366337444023
826,constrained,7,0.00023383149798816667
827,constrained,7,0.009383502504302787
828,constrained,7,0.0031600771542690978
829,constrained,7,0.015726914052953594
830,constrained,7,-0.00021957955650980744
831,constrained,7,0.01421331224398894
832,constrained,7,0.002812648491413442
833,constrained,7,0.0017032516458586782
834,constrained,7,-0.007113248755546871
835,constrained,7,0.0065312970936088075
836,constrained,7,-0.0003917556361086914
837,constrained,7,0.002786241534281419
838,constrained,7,0.010268753848173814
839,constrained,7,-3.296666248308779e-05
840,constrained,7,-0.002901612731095587
841,constrained,7,0.007677894158156844
842,constrained,7,0.007807864166107763
843,constrained,7,0.0059279563255540705
844,constrained,7,-0.003798331436096396
845,constrained,7,0.011803455139525527
846,constrained,7,0.006432572282745532
847,constrained,7,-0.0006091036128637741
848,constrained,7,-0.0005201663337837729
849,constrained,7,-0.007168689932617575
850,constrained,7,0.00250081254876645
851,constrained,7,0.0013481519979046822
852,constrained,7,0.0106396830320229
853,constrained,7,0.009746733391671198
854,constrained,7,-0.004013206162724447
855,constrained,7,-0.003197207483156702
856,constrained,7,0.004976959454835486
857,constrained,7,0.015826295570825426
858,constrained,7,0.0012899032885046022
859,constrained,7,-0.004084865216056408
860,constrained,7,0.009661722943544724
861,constrained,7,0.005392877317851482
862,constrained,7,-0.0075657322470157945
863,constrained,7,-0.0025081534660828177
864,constrained,7,0.005446307327140876
865,constrained,7,-0.0033154755957221834
866,constrained,7,0.017035196210837482
867,constrained,7,0.0017775097513690983
868,constrained,7,-0.00047654931919910334
869,constrained,7,-0.006189708075422979
870,constrained,7,0.017319861217826405
871,constrained,7,0.003393466232364169
872,constrained,7,0.001969331285250081
873,constrained,7,0.0015081707889148923
874,constrained,7,0.0007696017809690858
875,constrained,7,0.007855491493880826
876,constrained,7,-0.002615826375388889
877,constrained,7,-0.005783702599189968
878,constrained,7,0.014523060008259873
879,constrained,7,-0.01352072071543011
880,constrained,7,0.0163708510027905
881,constrained,7,0.004186950784119157
882,constrained,7,0.002749833139965065
883,constrained,7,-0.006529310647373885
884,constrained,7,-0.007630027733650744
885,constrained,7,-0.0006094369658795202
886,constrained,7,-0.001366410222106963
620,constrained,13,0.0028156730274185413
621,constrained,13,-0.0033673621136080713
622,constrained,13,0.0057295963700598725
623,constrained,13,0.005655899990158832
624,constrained,13,0.006111399867937429
625,constrained,13,0.005108037776499815
626,constrained,13,0.004828946059129744
627,constrained,13,0.006651683222136993
628,constrained,13,0.002427128783895422
629,constrained,13,-0.002378182311970902
630,constrained,13,0.009216995759161543
631,constrained,13,0.006870458691956831
632,constrained,13,0.009611537318446385
633,constrained,13,-0.029887668766468062
634,constrained,13,0.01792459326265517
635,constrained,13,-0.033238814129675796
636,constrained,13,-0.0342544517622192
637,constrained,13,0.03969638678270672
638,constrained,13,0.0019516226356363852
639,constrained,13,0.027091276176811743
640,constrained,13,0.009077072945629002
641,constrained,13,0.006859706233643959
642,constrained,13,-0.010497534255034736
643,constrained,13,0.003736144904399322
644,constrained,13,0.005559018496217887
645,constrained,13,0.0027010095455793476
646,constrained,13,-0.0011008573738843235
647,constrained,13,-0.010630679828790833
648,constrained,13,0.0062979751546548375
649,constrained,13,0.006921656220674387
650,constrained,13,0.0010859006567752337
651,constrained,13,0.005733443266870805
652,constrained,13,0.008346372850360856
653,constrained,13,0.0025959774576987636
654,constrained,13,0.009731404306204694
655,constrained,13,0.010089390282802762
656,constrained,13,0.008097839300247022
657,constrained,13,-0.017622192616555774
658,constrained,13,0.005874450504385088
659,constrained,13,-0.00164791249798854
660,constrained,13,-0.0031565418024170704
661,constrained,13,-0.00027968790008758637
662,constrained,13,-0.002075754086677885
663,constrained,13,-0.002519342918425733
664,constrained,13,0.0011915203249602186
665,constrained,13,0.0033592291745556152
666,constrained,13,0.001190144980953203
667,constrained,13,-0.00742589485709376
668,constrained,13,-0.011321397846112202
669,constrained,13,0.018125005251622427
670,constrained,13,-0.0003265366316259563
671,constrained,13,0.001399392875327962
672,constrained,13,-0.004622460711402074
673,constrained,13,-0.0025803419094758617
674,constrained,13,0.004041064370169737
675,constrained,13,-0.000522039805635394
676,constrained,13,0.0023758214460068393
677,constrained,13,0.0036339801035428854
678,constrained,13,-0.0072339840989986024
679,constrained,13,-0.0017400407189271574
680,constrained,13,0.004420260467830563
681,constrained,13,-0.006723921341068611
682,constrained,13,0.0041425164186541606
683,constrained,13,0.0007189126159393236
684,constrained,13,-0.01030528850330233
685,constrained,13,-0.00799066913171743
686,constrained,13,-0.0037161400269932515
687,constrained,13,0.0013427641723859586
688,constrained,13,-0.002013549667613378
689,constrained,13,0.008112262330644032
690,constrained,13,0.004226392285306788
691,constrained,13,0.0037999049631688916
692,constrained,13,0.006561924750536441
693,constrained,13,-0.0009380515111488588
694,constrained,13,-0.0008714068303438867
695,constrained,13,0.005331034561854239
696,constrained,13,-0.005077218515805122
697,constrained,13,0.0013543560236616574
698,constrained,13,0.0056112836047332556
699,constrained,13,0.00345567299243833
700,constrained,13,0.0045745184613388825
701,constrained,13,-0.003223262438417557
702,constrained,13,0.002006447081223384
703,constrained,13,0.010199591093320184
704,constrained,13,0.0035757321897007203
705,constrained,13,0.0014516529637779421
706,constrained,13,0.004931942170492579
707,constrained,13,-0.000633850549564845
708,constrained,13,-0.002374750640400924
709,constrained,13,0.00359153386343266
710,constrained,13,0.0029467841162275376
711,constrained,13,0.004182710485810735
712,constrained,13,6.78829131808155e-05
713,constrained,13,-0.005721581517024843
714,constrained,13,-0.0011109021666884183
715,constrained,13,-0.0018662365915958405
716,constrained,13,-0.005215035421691533
717,constrained,13,-0.0040195272597606
718,constrained,13,0.009968360472740146
719,constrained,13,0.003369842772004798
720,constrained,13,0.008507112288974161
721,constrained,13,0.01098633622127158
722,constrained,13,0.0013197091728320055
723,constrained,13,0.002825289310641612
724,constrained,13,-0.008073964912532315
725,constrained,13,0.0024402747400857575
726,constrained,13,0.004013867951801001
727,constrained,13,0.00016869279249638616
728,constrained,13,0.0026446374303118908
729,constrained,13,0.0022096971612330586
730,constrained,13,-0.014665257046514434
731,constrained,13,-0.000649521079788433
732,constrained,13,-0.009712749889903413
733,constrained,13,0.0020645258848957914
734,constrained,13,-0.006112410693165299
735,constrained,13,0.0005988471633307345
736,constrained,13,0.0002962119826476661
737,constrained,13,0.0013898391002948667
738,constrained,13,0.014438361431117583
739,constrained,13,-0.012591539095795983
740,constrained,13,0.0054839366551866974
741,constrained,13,0.0007120249907247316
742,constrained,13,0.0029690799559376328
743,constrained,13,-0.008208643016470776
744,constrained,13,-0.006133605156105796
745,constrained,13,-0.00906011259375508
746,constrained,13,-0.006085201844655076
747,constrained,13,-0.00909495580671716
748,constrained,13,-0.006320048775306861
749,constrained,13,-0.004282951159908793
750,constrained,13,0.016525770209306703
751,constrained,13,-0.006309448053701628
752,constrained,13,-0.00880175319517756
753,constrained,13,-0.018595521445552297
754,constrained,13,0.011555730700158029
755,constrained,13,0.0019474058877519426
756,constrained,13,-0.003564366981853853
757,constrained,13,0.0038050795899869363
758,constrained,13,0.008390546000094774
759,constrained,13,0.010411444039191425
760,constrained,13,0.002644635041228117
761,constrained,13,0.0062210925010276865
762,constrained,13,-0.007234732869985984
763,constrained,13,-0.006718898944767075
764,constrained,13,-0.013701887990846465
765,constrained,13,0.00333070035399292
766,constrained,13,-0.015828951891838857
767,constrained,13,-0.00819677606734149
768,constrained,13,-0.01144464829607865
769,constrained,13,0.00774643458789144
770,constrained,13,-0.0143359030507809
771,constrained,13,-0.005450641561432835
772,constrained,13,0.013467378649028387
773,constrained,13,-0.0061587540463396186
774,constrained,13,0.02193677310289181
775,constrained,13,0.0014515557840378934
776,constrained,13,0.009833517766205585
777,constrained,13,0.015192096584779376
778,constrained,13,-0.008249650605084674
779,constrained,13,-0.0028737926330085666
780,constrained,13,-0.009862520140795408
781,constrained,13,-0.004245647460518773
782,constrained,13,0.02169394865907632
783,constrained,13,0.012868053871901286
784,constrained,13,-0.002275087529200794
785,constrained,13,0.006558474081951924
786,constrained,13,7.143347483384395e-05
787,constrained,13,-0.007759184337451134
788,constrained,13,-0.004140171812382698
789,constrained,13,-0.009031856108191141
790,constrained,13,0.011496926724174085
791,constrained,13,-0.0033771542832613686
792,constrained,13,0.015650458921886375
793,constrained,13,0.0023834966761007094
794,constrained,13,0.00788587106183034
795,constrained,13,0.00561393676646302
796,constrained,13,-0.003640535577791517
797,constrained,13,-0.0031810197926433127
798,constrained,13,0.006549799488314385
799,constrained,13,-0.0028558051322493806
800,constrained,13,0.0013400432871076957
801,constrained,13,-0.0015763786185070097
802,constrained,13,0.0016919996933016156
803,constrained,13,0.00754446401968659
804,constrained,13,0.0011384516382363882
805,constrained,13,0.004799139050427651
806,constrained,13,-0.004631195127362944
807,constrained,13,0.0066474750655942435
808,constrained,13,-0.011021623164948141
809,constrained,13,0.008606803618474988
810,constrained,13,0.006851012429557704
811,constrained,13,0.0006933673378878586
812,constrained,13,-0.012754789093209751
813,constrained,13,-0.0028924016437674696
814,constrained,13,-0.009911248840714695
815,constrained,13,0.010118182143552177
816,constrained,13,0.010495061986587891
817,constrained,13,-0.004274955351476148
818,constrained,13,-0.0021530909856331553
819,constrained,13,-0.010123999755511516
820,constrained,13,-0.015348887377265821
821,constrained,13,-0.008973233865765184
822,constrained,13,0.01948163412262039
823,constrained,13,-0.012760080640510582
824,constrained,13,-0.0009182721547310332
825,constrained,13,0.021080700375658627
826,constrained,13,0.0006116251697210841
827,constrained,13,0.008623298620974634
828,constrained,13,0.003107539636105896
829,constrained,13,0.015100029336461498
830,constrained,13,2.2485814242583405e-05
831,constrained,13,0.013560891358491953
832,constrained,13,0.0026857111181204656
833,constrained,13,0.0015391821567826089
834,constrained,13,-0.0066773354057779385
835,constrained,13,0.006773950239204221
836,constrained,13,0.00015030633574289232
837,constrained,13,0.003080965882368494
838,constrained,13,0.009965316989734392
839,constrained,13,0.00043185774709802413
840,constrained,13,-0.0027348481202329666
841,constrained,13,0.007471197850042605
842,constrained,13,0.007536515583475202
843,constrained,13,0.005115208963062043
844,constrained,13,-0.0032317388400674666
845,constrained,13,0.012072976412410449
846,constrained,13,0.0061463079681580044
847,constrained,13,-0.0008111013630890392
848,constrained,13,-0.00021971369070921453
849,constrained,13,-0.007401098239300881
850,constrained,13,0.0030657742130009904
851,constrained,13,0.0011772954330681851
852,constrained,13,0.010430024411319284
853,constrained,13,0.00936689660924404
854,constrained,13,-0.0036776608768200273
855,constrained,13,-0.0030384970005621495
856,constrained,13,0.004989403002203261
857,constrained,13,0.015296191279262879
858,constrained,13,0.001600594089765595
859,constrained,13,-0.003756944966639172
860,constrained,13,0.00919809480603428
861,constrained,13,0.005024401102145515
862,constrained,13,-0.007288696922739023
863,constrained,13,-0.002419164257865042
864,constrained,13,0.00397484025214033
865,constrained,13,-0.0028786153819724764
866,constrained,13,0.016566463483564317
867,constrained,13,0.0014619491959450622
868,constrained,13,3.224161259664879e-05
869,constrained,13,-0.006795074710025747
870,constrained,13,0.01689577324285415
871,constrained,13,0.0036370372808586875
872,constrained,13,0.0018553543742423123
873,constrained,13,0.0022924464317021277
874,constrained,13,0.0011460656282175814
875,constrained,13,0.0076450937302599345
876,constrained,13,-0.00242266725631528
877,constrained,13,-0.005609200902741233
878,constrained,13,0.01488491725939987
879,constrained,13,-0.01234074608988915
880,constrained,13,0.01581361916912229
881,constrained,13,0.0035929561550531895
882,constrained,13,0.002838220914562506
883,constrained,13,-0.005820243029003252
884,constrained,13,-0.007283374149492193
885,constrained,13,-0.0003190275900160931
886,constrained,13,-0.0014048018259510862
620,constrained,23,0.003014871032480754
621,constrained,23,-0.003707754434489147
622,constrained,23,0.0056108570415160175
623,constrained,23,0.005802659611861392
624,constrained,23,0.005755025477910425
625,constrained,23,0.0047789568813336476
626,constrained,23,0.00494288121622474
627,constrained,23,0.007307630697296741
628,constrained,23,0.0026680747047309003
629,constrained,23,-0.0027237168916848715
630,constrained,23,0.01017394560908723
631,constrained,23,0.00704788393836454
632,constrained,23,0.008712215356352124
633,constrained,23,-0.030385531139466078
634,constrained,23,0.01887685154975422
635,constrained,23,-0.0345453757931737
636,constrained,23,-0.03529091048462424
637,constrained,23,0.04095385377019502
638,constrained,23,0.0016824799867522474
639,constrained,23,0.027596781899556513
640,constrained,23,0.010315444551436482
641,constrained,23,0.006826709143687164
642,constrained,23,-0.010516304530906706
643,constrained,23,0.0032688469215569186
644,constrained,23,0.00506169316719051
645,constrained,23,0.0030737312214039574
646,constrained,23,-0.0008581727496332296
647,constrained,23,-0.01038019655318456
648,constrained,23,0.005886885247956821
649,constrained,23,0.006955938009473927
650,constrained,23,0.0007746901355179615
651,constrained,23,0.006069926079264222
652,constrained,23,0.008831137499376609
653,constrained,23,0.0027888000181361242
654,constrained,23,0.008732939756239452
655,constrained,23,0.009613333239626314
656,constrained,23,0.00754594986808747
657,constrained,23,-0.017503891921632684
658,constrained,23,0.0066719227380712415
659,constrained,23,-0.0023296871483349095
660,constrained,23,-0.002796176629109893
661,constrained,23,-0.0005126604137708164
662,constrained,23,-0.0026304615787609677
663,constrained,23,-0.0010809599506432233
664,constrained,23,0.0006638636920950595
665,constrained,23,0.003258480258742026
666,constrained,23,0.0017785221974065328
667,constrained,23,-0.008118231933539066
668,constrained,23,-0.012422475533280852
669,constrained,23,0.019285535949932178
670,constrained,23,0.000569365195046102
671,constrained,23,0.001946524695938437
672,constrained,23,-0.0035128654772012225
673,constrained,23,-0.003603992815102923
674,constrained,23,0.004446360655964069
675,constrained,23,-0.0011580924811148271
676,constrained,23,0.0025315564572402183
677,constrained,23,0.0038166417733786085
678,constrained,23,-0.007573901664531105
679,constrained,23,-0.001821347491989642
680,constrained,23,0.004687216278450083
681,constrained,23,-0.007408739856754006
682,constrained,23,0.004650565917896384
683,constrained,23,0.0006527321125435529
684,constrained,23,-0.010844577460278487
685,constrained,23,-0.00792326395842165
686,constrained,23,-0.004275056712643614
687,constrained,23,0.0010609197028193576
688,constrained,23,-0.0025908207035515787
689,constrained,23,0.008976968530697113
690,constrained,23,0.004696351389720552
691,constrained,23,0.004299859321026061
692,constrained,23,0.0067769525356738735
693,constrained,23,-0.0008290821870329263
694,constrained,23,-0.0011173677627258627
695,constrained,23,0.004957891513833566
696,constrained,23,-0.005877272526006009
697,constrained,23,0.0010520158997592162
698,constrained,23,0.0057615991167918375
699,constrained,23,0.003940975764988547
700,constrained,23,0.00520243978484637
701,constrained,23,-0.0018301433234322868
702,constrained,23,0.001824120343211341
703,constrained,23,0.01100672073026274
704,constrained,23,0.0037969643456167807
705,constrained,23,0.001518278672771323
706,constrained,23,0.00554493190873679
707,constrained,23,-0.0006859001818635303
708,constrained,23,-0.0017566281557795393
709,constrained,23,0.003751999649237246
710,constrained,23,0.0031900233744179625
711,constrained,23,0.0038810082834241344
712,constrained,23,-3.7874477429907495e-05
713,constrained,23,-0.0057822557894264565
714,constrained,23,-0.0008687326086662174
715,constrained,23,-0.0020773110637268928
716,constrained,23,-0.006238962427652506
717,constrained,23,-0.004283379205814065
718,constrained,23,0.010806636297266975
719,constrained,23,0.0035551781365828128
720,constrained,23,0.009585246189569425
721,constrained,23,0.01141564603833594
722,constrained,23,0.0005140150636726361
723,constrained,23,0.003309351308618043
724,constrained,23,-0.007566850073000186
725,constrained,23,0.0026754907381436608
726,constrained,23,0.004160112080688805
727,constrained,23,-0.00020633619445607353
728,constrained,23,0.0026864496093979276
729,constrained,23,0.0021818686298392914
730,constrained,23,-0.015635543192850408
731,constrained,23,-0.0010564483777954882
732,constrained,23,-0.011264556846628871
733,constrained,23,0.0027389698223147926
734,constrained,23,-0.006563710581533953
735,constrained,23,-0.0006759763392929375
736,constrained,23,-0.0005714172087800533
737,constrained,23,0.0013097789986161585
738,constrained,23,0.013422364562760167
739,constrained,23,-0.014255098005707555
740,constrained,23,0.007576720658851424
741,constrained,23,-0.00018884515480965556
742,constrained,23,0.004136117040431033
743,constrained,23,-0.010061285671465981
744,constrained,23,-0.00804586181732304
745,constrained,23,-0.009310965033083157
746,constrained,23,-0.0066430946960407845
747,constrained,23,-0.010107151132786839
748,constrained,23,-0.005463150110932127
749,constrained,23,-0.005009583990912992
750,constrained,23,0.017971394124020466
751,constrained,23,-0.007176376389706366
752,constrained,23,-0.010821919118570616
753,constrained,23,-0.019797420625504002
754,constrained,23,0.013577672845254773
755,constrained,23,0.0026991469017863356
756,constrained,23,-0.002912256111167283
757,constrained,23,0.005104481100808047
758,constrained,23,0.009264053218673119
759,constrained,23,0.010466199253173124
760,constrained,23,0.0024196249993385776
761,constrained,23,0.006230284536251294
762,constrained,23,-0.007136987210481111
763,constrained,23,-0.007395612868392193
764,constrained,23,-0.01467311777645755
765,constrained,23,0.0035098807557084406
766,constrained,23,-0.01636985537920463
767,constrained,23,-0.008927072093656055
768,constrained,23,-0.013387196558110544
769,constrained,23,0.006709964221805744
770,constrained,23,-0.01432285683051186
771,constrained,23,-0.006472625718001525
772,constrained,23,0.015662348767893377
773,constrained,23,-0.00846375582145756
774,constrained,23,0.022844238678206903
775,constrained,23,0.002344120664657863
776,constrained,23,0.011175167488113853
777,constrained,23,0.01589854563477405
778,constrained,23,-0.00912296781538603
779,constrained,23,-0.003100911562394257
780,constrained,23,-0.011351248032253012
781,constrained,23,-0.005354217606927547
782,constrained,23,0.022789825058104438
783,constrained,23,0.012874423892463297
784,constrained,23,-0.0026915525137717953
785,constrained,23,0.007422864417794904
786,constrained,23,0.0016837753708715678
787,constrained,23,-0.00881457411657274
788,constrained,23,-0.004012148296670326
789,constrained,23,-0.009596027708948178
790,constrained,23,0.011413356582238562
791,constrained,23,-0.0038435938492466207
792,constrained,23,0.01473646417473822
793,constrained,23,0.00279861334842471
794,constrained,23,0.00858772758988955
795,constrained,23,0.005615492457027465
796,constrained,23,-0.004186706106927097
797,constrained,23,-0.00291896231466679
798,constrained,23,0.007168782195174389
799,constrained,23,-0.003678895432475383
800,constrained,23,0.0012348758736769347
801,constrained,23,-0.0012385170041595377
802,constrained,23,0.0021147373593548243
803,constrained,23,0.008237714157096954
804,constrained,23,0.0011176145817861965
805,constrained,23,0.0057206710181726865
806,constrained,23,-0.004333875506609588
807,constrained,23,0.007143246881969136
808,constrained,23,-0.012060643046296192
809,constrained,23,0.009333258523786775
810,constrained,23,0.006848418887899497
811,constrained,23,0.0004699608281634457
812,constrained,23,-0.01383328430451717
813,constrained,23,-0.0029116531464562704
814,constrained,23,-0.010464450797135854
815,constrained,23,0.010200374147071383
816,constrained,23,0.01064444517808718
817,constrained,23,-0.004460801923179496
818,constrained,23,-0.0026673586557306108
819,constrained,23,-0.011387366643731455
820,constrained,23,-0.014855201163035943
821,constrained,23,-0.009260421777474673
822,constrained,23,0.018613119332323746
823,constrained,23,-0.01513334058553247
824,constrained,23,-0.0018270816532853424
825,constrained,23,0.02373118297034661
826,constrained,23,0.0019121985407568804
827,constrained,23,0.009272570977461847
828,constrained,23,0.0030747586767938162
829,constrained,23,0.015311124174083613
830,constrained,23,0.0013202540574576056
831,constrained,23,0.015129331444642761
832,constrained,23,0.0023911255085961817
833,constrained,23,0.0016627683284939335
834,constrained,23,-0.007508653732100684
835,constrained,23,0.007290197145321242
836,constrained,23,0.0002529936490746977
837,constrained,23,0.0032584854452347785
838,constrained,23,0.01089442902529019
839,constrained,23,0.00042137904031610754
840,constrained,23,-0.0028814387340724665
841,constrained,23,0.007971633999707975
842,constrained,23,0.007451109809621123
843,constrained,23,0.004337940275398588
844,constrained,23,-0.0037115795167601984
845,constrained,23,0.01282299679043683
846,constrained,23,0.005781015295509415
847,constrained,23,-0.002709636126857707
848,constrained,23,-0.0011370716928048256
849,constrained,23,-0.009031882408761493
850,constrained,23,0.00401817978490175
851,constrained,23,0.0022102271045506654
852,constrained,23,0.010539065991791505
853,constrained,23,0.009622721050719653
854,constrained,23,-0.0029709344493373774
855,constrained,23,-0.0032705311380776154
856,constrained,23,0.0060381616038762695
857,constrained,23,0.015938736677618404
858,constrained,23,0.0016334324580204755
859,constrained,23,-0.004226678092022997
860,constrained,23,0.009355657431376061
861,constrained,23,0.005445023304668382
862,constrained,23,-0.007938420927639743
863,constrained,23,-0.0025761322379638627
864,constrained,23,0.004290066001506855
865,constrained,23,-0.0032956268930515956
866,constrained,23,0.017290823322215973
867,constrained,23,0.002045340765970533
868,constrained,23,-0.00024920781304125594
869,constrained,23,-0.007180167685704439
870,constrained,23,0.017357701889635882
871,constrained,23,0.003176641074854701
872,constrained,23,0.0016776423362333272
873,constrained,23,0.0016043847581688375
874,constrained,23,0.0009689292689125066
875,constrained,23,0.007480595251454751
876,constrained,23,-0.00328157320431508
877,constrained,23,-0.006108479533058033
878,constrained,23,0.016860564355139298
879,constrained,23,-0.012299922112892544
880,constrained,23,0.014929140907669114
881,constrained,23,0.005192428703482538
882,constrained,23,0.003479260506213866
883,constrained,23,-0.007132488023728886
884,constrained,23,-0.00791428639066134
885,constrained,23,-0.00039887469226755113
886,constrained,23,-0.0015474420067504585
620,constrained,42,0.002977117927901099
621,constrained,42,-0.003741285528638129
622,constrained,42,0.0055798329750909375
623,constrained,42,0.005644960743638467
624,constrained,42,0.0058232244415384144
625,constrained,42,0.004769561220234437
626,constrained,42,0.004791217240758482
627,constrained,42,0.007122351103545426
628,constrained,42,0.0027044222449404977
629,constrained,42,-0.0024790721981548616
630,constrained,42,0.009763945074982693
631,constrained,42,0.0068844070383570315
632,constrained,42,0.00867949130778862
633,constrained,42,-0.02939179434945427
634,constrained,42,0.019357643797162403
635,constrained,42,-0.036316147076004786
636,constrained,42,-0.035077308780471904
637,constrained,42,0.04140727468130278
638,constrained,42,0.001255648545915995
639,constrained,42,0.027179582663274793
640,constrained,42,0.010123113324882428
641,constrained,42,0.006635595940042528
642,constrained,42,-0.010199232172680633
643,constrained,42,0.002869277624598865
644,constrained,42,0.005012098218296817
645,constrained,42,0.0031290650838393277
646,constrained,42,-0.000679916692448874
647,constrained,42,-0.010293453213123898
648,constrained,42,0.006089971476516259
649,constrained,42,0.006748200100263017
650,constrained,42,0.0009158765917225572
651,constrained,42,0.005931610986379651
652,constrained,42,0.008925640522316865
653,constrained,42,0.0028965574191714746
654,constrained,42,0.009073398186231447
655,constrained,42,0.009655474713970175
656,constrained,42,0.007371319356552382
657,constrained,42,-0.017514405026870506
658,constrained,42,0.0067147443180942895
659,constrained,42,-0.0023818571635655372
660,constrained,42,-0.0027635735686179263
661,constrained,42,-0.00045795662611069804
662,constrained,42,-0.0025181841608845216
663,constrained,42,-0.0013412081497058987
664,constrained,42,0.0006772997775191937
665,constrained,42,0.003243867992514462
666,constrained,42,0.0016497525088538477
667,constrained,42,-0.007761063793063507
668,constrained,42,-0.012202377555433543
669,constrained,42,0.01892437584064644
670,constrained,42,0.0003752842990742638
671,constrained,42,0.0021401208417045933
672,constrained,42,-0.003294139274603835
673,constrained,42,-0.003434613457812888
674,constrained,42,0.0043905214647519935
675,constrained,42,-0.0009898914462815097
676,constrained,42,0.002412012278177724
677,constrained,42,0.0037409507105530247
678,constrained,42,-0.007542390621168974
679,constrained,42,-0.0018509827718575548
680,constrained,42,0.0045453330426038635
681,constrained,42,-0.007103062053860945
682,constrained,42,0.004206699512432891
683,constrained,42,0.0006911543824161748
684,constrained,42,-0.010530828914929414
685,constrained,42,-0.0077384105961545956
686,constrained,42,-0.004447394478517739
687,constrained,42,0.0008644157340523545
688,constrained,42,-0.0026369274894343393
689,constrained,42,0.008552359517253017
690,constrained,42,0.004541139651146742
691,constrained,42,0.004214755220038514
692,constrained,42,0.006739937772770263
693,constrained,42,-0.0005976530973275758
694,constrained,42,-0.0012320947459388452
695,constrained,42,0.005073600377180013
696,constrained,42,-0.005806591275703419
697,constrained,42,0.001090204191836764
698,constrained,42,0.005619773920358549
699,constrained,42,0.003920281741812266
700,constrained,42,0.005102082765967285
701,constrained,42,-0.001977955015937881
702,constrained,42,0.0017047902742867828
703,constrained,42,0.010736223073734428
704,constrained,42,0.0037387998226957784
705,constrained,42,0.001414997740187773
706,constrained,42,0.005333593301200341
707,constrained,42,-0.0004666480524174278
708,constrained,42,-0.0019071259060422995
709,constrained,42,0.0037047631925716923
710,constrained,42,0.00297212992383819
711,constrained,42,0.003896168330158308
712,constrained,42,2.7609485058514973e-05
713,constrained,42,-0.005646722432918519
714,constrained,42,-0.0008619884739224219
715,constrained,42,-0.0021472238656907745
716,constrained,42,-0.006194510197692143
717,constrained,42,-0.004390949463499786
718,constrained,42,0.010634982087887707
719,constrained,42,0.003363289173621784
720,constrained,42,0.009316297046181771
721,constrained,42,0.011138632543355408
722,constrained,42,0.00022199853468323687
723,constrained,42,0.0030505352100929106
724,constrained,42,-0.007311394064855677
725,constrained,42,0.002825977629639707
726,constrained,42,0.003820339433237311
727,constrained,42,-0.00019933691960501818
728,constrained,42,0.0026843536420482375
729,constrained,42,0.002169384859117403
730,constrained,42,-0.015562848778329788
731,constrained,42,-0.0008854663490669896
732,constrained,42,-0.010962737355264505
733,constrained,42,0.002229556098808215
734,constrained,42,-0.006229324030541879
735,constrained,42,-0.0008456006050929585
736,constrained,42,-0.0005110324652311483
737,constrained,42,0.001160800734970609
738,constrained,42,0.012876096711696981
739,constrained,42,-0.014324415349119832
740,constrained,42,0.00750284537120186
741,constrained,42,-0.0006090881987089742
742,constrained,42,0.004315588340723204
743,constrained,42,-0.010462717898782784
744,constrained,42,-0.008108369546132883
745,constrained,42,-0.009298817477781725
746,constrained,42,-0.006866044428433619
747,constrained,42,-0.010226282878444064
748,constrained,42,-0.00538882157030769
749,constrained,42,-0.0044282759045977645
750,constrained,42,0.01790669541186301
751,constrained,42,-0.007240797436862491
752,constrained,42,-0.011045733482724427
753,constrained,42,-0.01936439312387528
754,constrained,42,0.013245239739896084
755,constrained,42,0.0026488949188575453
756,constrained,42,-0.003368919767624592
757,constrained,42,0.005023363684420151
758,constrained,42,0.009423864746541841
759,constrained,42,0.010268512137380663
760,constrained,42,0.002175221953041282
761,constrained,42,0.006244827249027401
762,constrained,42,-0.007669345270349805
763,constrained,42,-0.007309391169953794
764,constrained,42,-0.014732590121254892
765,constrained,42,0.0034763939921421904
766,constrained,42,-0.01629484215644574
767,constrained,42,-0.009491862905727459
768,constrained,42,-0.013252659356015224
769,constrained,42,0.006500599905932726
770,constrained,42,-0.014332676761891367
771,constrained,42,-0.006616303129572846
772,constrained,42,0.015891922589592888
773,constrained,42,-0.008453163142880298
774,constrained,42,0.0234448156225763
775,constrained,42,0.002343989570426791
776,constrained,42,0.011362691465295931
777,constrained,42,0.016162387256032647
778,constrained,42,-0.009037971545427563
779,constrained,42,-0.0028900363182793607
780,constrained,42,-0.011393786094650292
781,constrained,42,-0.005360427886582151
782,constrained,42,0.022799898792088744
783,constrained,42,0.013062935653403343
784,constrained,42,-0.00264832628234977
785,constrained,42,0.007273329033585673
786,constrained,42,0.0014774484681343955
787,constrained,42,-0.00899944428005234
788,constrained,42,-0.004053853525270877
789,constrained,42,-0.009735491789725699
790,constrained,42,0.011458093373032165
791,constrained,42,-0.0035709004710782304
792,constrained,42,0.014622946327734504
793,constrained,42,0.0028778027029001583
794,constrained,42,0.008664771683602742
795,constrained,42,0.005807434097706309
796,constrained,42,-0.004258945383113382
797,constrained,42,-0.002991932239710611
798,constrained,42,0.007237764798564434
799,constrained,42,-0.0036665195113754403
800,constrained,42,0.0008920990317424847
801,constrained,42,-0.0015608190755400874
802,constrained,42,0.001870423749925452
803,constrained,42,0.008326500566813177
804,constrained,42,0.001192207936406257
805,constrained,42,0.005990939321620134
806,constrained,42,-0.0044408918422320295
807,constrained,42,0.007092997637996089
808,constrained,42,-0.01215317476350678
809,constrained,42,0.009910266288825801
810,constrained,42,0.00663780693848431
811,constrained,42,0.00020902375674432464
812,constrained,42,-0.013971772034836363
813,constrained,42,-0.00311621961556743
814,constrained,42,-0.010617809537288093
815,constrained,42,0.010114536547989732
816,constrained,42,0.010555980256103655
817,constrained,42,-0.0046095065663907964
818,constrained,42,-0.002768742613765619
819,constrained,42,-0.011433226038386788
820,constrained,42,-0.015017347668447138
821,constrained,42,-0.009437940886377321
822,constrained,42,0.018485354174197693
823,constrained,42,-0.015154972746976194
824,constrained,42,-0.0017023646560304427
825,constrained,42,0.02386072514693729
826,constrained,42,0.0017162037166638063
827,constrained,42,0.009528075557686057
828,constrained,42,0.0030464661359737963
829,constrained,42,0.01515932726796694
830,constrained,42,0.001213783897806175
831,constrained,42,0.015263346686079687
832,constrained,42,0.002472993082487544
833,constrained,42,0.001684062760038548
834,constrained,42,-0.0075682112812954765
835,constrained,42,0.0070871461262468505
836,constrained,42,-7.504990086521182e-05
837,constrained,42,0.003161585221177911
838,constrained,42,0.010587832246270268
839,constrained,42,0.00029595734980556755
840,constrained,42,-0.0029065287611082184
841,constrained,42,0.007881858736980865
842,constrained,42,0.007366361257680095
843,constrained,42,0.004533651245896276
844,constrained,42,-0.0038629502542633486
845,constrained,42,0.012337470494085212
846,constrained,42,0.005674918808037356
847,constrained,42,-0.0027247422820981873
848,constrained,42,-0.0014750149318801882
849,constrained,42,-0.008842745016125083
850,constrained,42,0.003894418459476691
851,constrained,42,0.002484685261220749
852,constrained,42,0.010246850844839967
853,constrained,42,0.009623819002139569
854,constrained,42,-0.0029515784449814795
855,constrained,42,-0.0032579825015241603
856,constrained,42,0.005970957037345487
857,constrained,42,0.01579907345266274
858,constrained,42,0.001534501806968222
859,constrained,42,-0.004333222695461304
860,constrained,42,0.009551671951802832
861,constrained,42,0.005630574011908685
862,constrained,42,-0.007947371884160474
863,constrained,42,-0.0024830890204139526
864,constrained,42,0.004780309983586838
865,constrained,42,-0.0033076041500839696
866,constrained,42,0.01727679187268676
867,constrained,42,0.0024371636283868838
868,constrained,42,-0.000549249624274421
869,constrained,42,-0.00672089828122394
870,constrained,42,0.017134141177587915
871,constrained,42,0.0031514689503143968
872,constrained,42,0.001706636386863331
873,constrained,42,0.000998989226322334
874,constrained,42,0.0007447638201167161
875,constrained,42,0.0072363246333932325
876,constrained,42,-0.003495342589553738
877,constrained,42,-0.0060729600470521596
878,constrained,42,0.016624564216990427
879,constrained,42,-0.012615901260947849
880,constrained,42,0.01459158115915059
881,constrained,42,0.005656879685985074
882,constrained,42,0.003437103187547465
883,constrained,42,-0.007434150865911343
884,constrained,42,-0.007973547880009218
885,constrained,42,-0.0004971626759233562
886,constrained,42,-0.0014502205490646795
620,constrained,2025,0.002669906969114728
621,constrained,2025,-0.003762658422578297
622,constrained,2025,0.005768532701760152
623,constrained,2025,0.005157090639304316
624,constrained,2025,0.006500840917020542
625,constrained,2025,0.005561793765526279
626,constrained,2025,0.004600833436471399
627,constrained,2025,0.0063244105528738135
628,constrained,2025,0.003283990727261348
629,constrained,2025,-0.0014316663125275343
630,constrained,2025,0.008171197456967788
631,constrained,2025,0.006638968534312476
632,constrained,2025,0.01048212878968189
633,constrained,2025,-0.02748355466982093
634,constrained,2025,0.020745388392884437
635,constrained,2025,-0.03679722858223923
636,constrained,2025,-0.03149348364645764
637,constrained,2025,0.04121917023219434
638,constrained,2025,0.0017612748789853513
639,constrained,2025,0.025282654137039177
640,constrained,2025,0.009067881114115921
641,constrained,2025,0.007543315563961731
642,constrained,2025,-0.01052484460444133
643,constrained,2025,0.0023851776447206216
644,constrained,2025,0.006161484543646
645,constrained,2025,0.0022528582440920074
646,constrained,2025,-0.0012899851674811743
647,constrained,2025,-0.012058844473396328
648,constrained,2025,0.007995904720960168
649,constrained,2025,0.0065413220401649395
650,constrained,2025,0.0020363294087042036
651,constrained,2025,0.0050858793493818106
652,constrained,2025,0.008826411851609749
653,constrained,2025,0.002755981743428259
654,constrained,2025,0.010988336039996258
655,constrained,2025,0.010536107051422992
656,constrained,2025,0.007863129023612568
657,constrained,2025,-0.018762050116604312
658,constrained,2025,0.006190427818146115
659,constrained,2025,-0.0023646217754824525
660,constrained,2025,-0.002869676242221189
661,constrained,2025,0.000175791007370984
662,constrained,2025,-0.0020418439031370463
663,constrained,2025,-0.002954314631567638
664,constrained,2025,0.001054905430792606
665,constrained,2025,0.0029446621599069044
666,constrained,2025,0.0010621466672637752
667,constrained,2025,-0.007347595161512112
668,constrained,2025,-0.011030697209787811
669,constrained,2025,0.018043534282494982
670,constrained,2025,-0.0010964816068467834
671,constrained,2025,0.001979230677427648
672,constrained,2025,-0.004979533397911026
673,constrained,2025,-0.002880213430009133
674,constrained,2025,0.004482805684317576
675,constrained,2025,-0.0005358719308228535
676,constrained,2025,0.0023170372206420737
677,constrained,2025,0.0036495541335452683
678,constrained,2025,-0.008378058836008336
679,constrained,2025,-0.001787943702066607
680,constrained,2025,0.004377923208826127
681,constrained,2025,-0.006349697619558807
682,constrained,2025,0.0027134094364722455
683,constrained,2025,0.0006127983574754574
684,constrained,2025,-0.0106521942604138
685,constrained,2025,-0.007911073085494463
686,constrained,2025,-0.0048678245925413725
687,constrained,2025,0.0007578021664175343
688,constrained,2025,-0.002110719754849208
689,constrained,2025,0.007727792879748076
690,constrained,2025,0.004109193313160836
691,constrained,2025,0.0037657142995118683
692,constrained,2025,0.006891963075799557
693,constrained,2025,-0.0005320060763457174
694,constrained,2025,-0.0013181511936875537
695,constrained,2025,0.005820421682938246
696,constrained,2025,-0.005194721249935437
697,constrained,2025,0.001695641958283878
698,constrained,2025,0.005610618206279613
699,constrained,2025,0.0034911853993751063
700,constrained,2025,0.00462365914143309
701,constrained,2025,-0.003454527915410133
702,constrained,2025,0.0013011552431365324
703,constrained,2025,0.01023828363791002
704,constrained,2025,0.00384035773069097
705,constrained,2025,0.001632691248190301
706,constrained,2025,0.004597794662529227
707,constrained,2025,-0.0001448424001806364
708,constrained,2025,-0.002977115586872195
709,constrained,2025,0.0037034037644699622
710,constrained,2025,0.003046884009544838
711,constrained,2025,0.004024643282566723
712,constrained,2025,-2.2701126765985104e-05
713,constrained,2025,-0.005662624995516437
714,constrained,2025,-0.0011824767748822786
715,constrained,2025,-0.0023226454926697417
716,constrained,2025,-0.005288397075267273
717,constrained,2025,-0.004566632623822437
718,constrained,2025,0.010154885848206632
719,constrained,2025,0.003214924144528272
720,constrained,2025,0.008616703173763967
721,constrained,2025,0.010870025362337447
722,constrained,2025,0.0010303272689195816
723,constrained,2025,0.0026141088674594545
724,constrained,2025,-0.007496058251874554
725,constrained,2025,0.003041924795290803
726,constrained,2025,0.0027368762319415936
727,constrained,2025,0.0005098270059055803
728,constrained,2025,0.0022958421221587703
729,constrained,2025,0.0022819205353209245
730,constrained,2025,-0.015283565064342548
731,constrained,2025,-0.0003759657133383175
732,constrained,2025,-0.008912951623603201
733,constrained,2025,0.001177630225414078
734,constrained,2025,-0.005987485845413515
735,constrained,2025,0.0007643058663735139
736,constrained,2025,0.0005410833976721626
737,constrained,2025,0.0008424235478054131
738,constrained,2025,0.014498822185017555
739,constrained,2025,-0.012977758096368273
740,constrained,2025,0.004549299755498352
741,constrained,2025,-0.00024073207853317076
742,constrained,2025,0.003481983772388128
743,constrained,2025,-0.009353756468217617
744,constrained,2025,-0.006657363050390784
745,constrained,2025,-0.009184039580137165
746,constrained,2025,-0.006556452783949732
747,constrained,2025,-0.010108837332211592
748,constrained,2025,-0.006153211012472924
749,constrained,2025,-0.0028290434113570546
750,constrained,2025,0.01591498017314334
751,constrained,2025,-0.006707458922899343
752,constrained,2025,-0.008934325743850858
753,constrained,2025,-0.0181581572614081
754,constrained,2025,0.010919302876424905
755,constrained,2025,0.0024825150818580436
756,constrained,2025,-0.0052513442860663735
757,constrained,2025,0.004047007014956038
758,constrained,2025,0.008918476896857227
759,constrained,2025,0.009926856374544279
760,constrained,2025,0.0022865837819740892
761,constrained,2025,0.006054393467022684
762,constrained,2025,-0.008499735393059904
763,constrained,2025,-0.0063787365831730605
764,constrained,2025,-0.014194577105198837
765,constrained,2025,0.0027558527723617627
766,constrained,2025,-0.015871456370368894
767,constrained,2025,-0.009073407337260099
768,constrained,2025,-0.01144417258037786
769,constrained,2025,0.007138434984414605
770,constrained,2025,-0.01499321241856204
771,constrained,2025,-0.006861336265633701
772,constrained,2025,0.014055367699343733
773,constrained,2025,-0.006148288324095419
774,constrained,2025,0.023806551220255483
775,constrained,2025,0.0017546141544709244
776,constrained,2025,0.010620599631450157
777,constrained,2025,0.016477051707027894
778,constrained,2025,-0.008037626111580098
779,constrained,2025,-0.002363801225082579
780,constrained,2025,-0.010707836044075965
781,constrained,2025,-0.0043973787259220685
782,constrained,2025,0.02267654479730189
783,constrained,2025,0.013436584448494526
784,constrained,2025,-0.002200071017089227
785,constrained,2025,0.006345139074149238
786,constrained,2025,-0.0006756786331961327
787,constrained,2025,-0.008351066043838755
788,constrained,2025,-0.004458484013504197
789,constrained,2025,-0.00953157240948902
790,constrained,2025,0.011792338921571362
791,constrained,2025,-0.0019448172705082596
792,constrained,2025,0.016407869029052287
793,constrained,2025,0.002380882535317383
794,constrained,2025,0.00743329415479076
795,constrained,2025,0.006468338765357009
796,constrained,2025,-0.004351285616978026
797,constrained,2025,-0.00344144028664497
798,constrained,2025,0.00690258450751346
799,constrained,2025,-0.0027633385381918367
800,constrained,2025,0.000785740759696876
801,constrained,2025,-0.0027047893192616496
802,constrained,2025,0.0011567999858949458
803,constrained,2025,0.007625540224217944
804,constrained,2025,0.0012538641827445527
805,constrained,2025,0.005063364210212575
806,constrained,2025,-0.0046929219405094525
807,constrained,2025,0.00627991554859192
808,constrained,2025,-0.011518410336815792
809,constrained,2025,0.009652103346163865
810,constrained,2025,0.006528937813801437
811,constrained,2025,-0.00011632334711937498
812,constrained,2025,-0.013392172111904254
813,constrained,2025,-0.003571569921113093
814,constrained,2025,-0.01032685355905512
815,constrained,2025,0.010231659978892006
816,constrained,2025,0.010211949394304332
817,constrained,2025,-0.004594693881389162
818,constrained,2025,-0.0025712448913177773
819,constrained,2025,-0.010142767559775202
820,constrained,2025,-0.016468463711151158
821,constrained,2025,-0.009843957316492048
822,constrained,2025,0.020375608927659786
823,constrained,2025,-0.013146124475779156
824,constrained,2025,-0.0004013490217675486
825,constrained,2025,0.021347875251673903
826,constrained,2025,0.00016071926461897184
827,constrained,2025,0.009478635265054908
828,constrained,2025,0.0030795681571670636
829,constrained,2025,0.01574291998627203
830,constrained,2025,-0.00013213760618322197
831,constrained,2025,0.014445311829776231
832,constrained,2025,0.002778532342832917
833,constrained,2025,0.0016942001544563885
834,constrained,2025,-0.007196063072001656
835,constrained,2025,0.006433929456000548
836,constrained,2025,-0.0006975776006736878
837,constrained,2025,0.002726294442990778
838,constrained,2025,0.01012352602793039
839,constrained,2025,-0.00020222004351497003
840,constrained,2025,-0.0029513320792449375
841,constrained,2025,0.00759870880678134
842,constrained,2025,0.0077099082071071
843,constrained,2025,0.005973427842652341
844,constrained,2025,-0.003966741938170426
845,constrained,2025,0.011531476362956648
846,constrained,2025,0.0063199798201082095
847,constrained,2025,-0.0008295189933401724
848,constrained,2025,-0.0007168409666149338
849,constrained,2025,-0.007060037425362113
850,constrained,2025,0.0023844660801084546
851,constrained,2025,0.0016442101356540673
852,constrained,2025,0.010315808114997846
853,constrained,2025,0.009682477841201036
854,constrained,2025,-0.00394203238896588
855,constrained,2025,-0.0031926041843900275
856,constrained,2025,0.00496739579936001
857,constrained,2025,0.015729908971080907
858,constrained,2025,0.0012137056371043396
859,constrained,2025,-0.004234436782521166
860,constrained,2025,0.00968317427322241
861,constrained,2025,0.005508076026010518
862,constrained,2025,-0.007460346719386147
863,constrained,2025,-0.0023595218598801357
864,constrained,2025,0.005935020716503541
865,constrained,2025,-0.0033356653220407914
866,constrained,2025,0.016820150877626595
867,constrained,2025,0.002002171108684446
868,constrained,2025,-0.0007084972947897533
869,constrained,2025,-0.005565991753541838
870,constrained,2025,0.016935608277150408
871,constrained,2025,0.003286390466369863
872,constrained,2025,0.0019199062597008473
873,constrained,2025,0.001036758383284056
874,constrained,2025,0.000523487038297543
875,constrained,2025,0.007617176543179244
876,constrained,2025,-0.0028222400824420998
877,constrained,2025,-0.005711781506940712
878,constrained,2025,0.01435848928181053
879,constrained,2025,-0.01353859498681289
880,constrained,2025,0.01590916986554035
881,constrained,2025,0.0046041788800918635
882,constrained,2025,0.0027585786705424174
883,constrained,2025,-0.006856600163020203
884,constrained,2025,-0.0076220612343381716
885,constrained,2025,-0.0007292963787125056
886,constrained,2025,-0.0012084449560342341
